,0,1,2,3,4,5,6,7,8,9,10,11,12,13,14,15,16,17,18,19,20,21,22,23,24
0,-0.107843995,1.9431181,0.2856636,0.5443697,-0.21091968,-1.4682025,0.9663555,-1.8110996,1.4378188,0.16365246,-0.17680913,-0.6895826,-2.0880854,-0.5275489,-0.021804586,-0.8605731,2.2428856,-2.2859957,0.5132358,-2.1817987,-0.58829165,-0.0062942505,-0.086615324,-0.34390855,0.5526463
1,-0.33032858,-1.0406975,-0.7267734,1.0927655,0.38543808,1.1124898,0.1534478,0.4583517,1.4229953,-0.6102343,-1.2346703,-1.2299181,2.0282094,-0.6207086,1.0185304,0.22618842,-0.33385938,0.014913619,-1.7575736,-0.16755304,-1.1157615,0.10008448,-1.0629338,0.5934808,0.1997242
2,0.37670624,-0.15204966,1.0934365,0.5377711,-0.44519645,0.8604082,-0.088085115,1.1589768,-0.426747,0.60713136,0.24123222,-0.42822665,-1.1727228,1.226932,-0.060073286,0.76353884,2.092714,0.46842664,0.18881595,-1.5816866,0.30564755,0.49577016,1.1592742,0.43399286,-0.36547542
3,1.0535287,-0.3163451,-0.073665194,0.8850204,-0.47537905,1.366653,-0.5278466,1.1638036,0.81934345,0.7609022,-0.7147045,-0.553179,0.05633509,-0.32603306,-0.06749736,-0.18160397,-0.82133883,-0.3840824,-0.4904723,0.91645277,0.43236303,0.3061024,1.2950755,-0.0037317276,0.119119644
4,-0.6170639,0.7693007,-2.4743643,1.3514545,-0.96805334,0.6056901,-0.45963997,-0.677433,0.24644148,0.3441003,0.8248976,0.77971965,-1.0880852,-0.086007714,0.42731017,-0.8168642,-0.1017164,1.2925026,0.4158221,0.20978007,0.2571233,-0.66993105,-0.19268978,-2.5514212,-0.6626632
5,-1.9370487,0.47875047,-0.44319418,0.6400434,-0.76060194,1.0334564,-1.1438293,0.24676424,-0.61539906,0.36643362,0.79896504,-0.3218106,-0.65772486,-0.65592813,0.5590954,-0.7417027,-0.97103167,0.27683234,0.18265063,-0.40936822,-0.26665896,0.04996413,0.18545187,-2.17372,-0.12080121
6,0.64509207,-0.12846422,0.39517808,-0.57895637,-0.38520426,1.1586316,-1.3644459,1.5084202,-1.3686314,0.8743866,0.08229345,0.9505795,-1.2724359,0.055575073,-1.197547,0.07447517,-0.6450303,0.08643031,-0.06115085,0.2836685,0.2206037,-0.9725503,1.0266141,0.48651886,-0.7533159
7,0.2177695,0.9807863,1.2948587,-1.1329582,0.26865014,0.509191,1.4470637,2.2840955,-0.7168272,0.067032345,-0.90293247,0.13487908,-0.9929817,-0.41107467,0.5109068,0.33472526,-0.26455337,-0.2108835,0.36449772,-0.25454366,0.7423061,-1.5200205,1.2314819,0.8018658,1.2288675
8,0.5190947,0.5621326,-0.74624574,0.49011993,-0.12018779,-0.79073143,1.9346318,1.9605522,-0.91210014,0.4391311,0.4131279,0.20164594,-0.56972766,0.631661,-0.07221222,0.7088479,0.9543698,0.83380395,-0.5739732,0.2584194,0.8878782,-0.54364496,1.058193,-0.83793354,0.33116078
9,-1.5472732,-0.24667561,-1.2193578,-0.092131615,1.0870577,-0.15144864,-1.4086716,1.2189445,-0.84941304,-0.39358622,-0.63166356,0.17354614,0.9855936,-0.057733715,1.1948377,-1.1285961,0.72235775,-0.17831078,0.98503995,0.21028802,0.12222582,0.6952284,-1.4881886,-0.00896287,1.1640282
10,0.63117605,-0.3969928,0.112103775,-1.6461518,-0.64288485,0.5454759,-1.6207699,0.13252157,-1.4458841,0.20932835,-0.50774765,0.5702497,0.52791977,1.702832,0.20954439,-1.5996604,-0.82394254,-0.7116413,0.2942707,0.3653833,-0.95192176,-1.6739738,-1.0899748,0.771677,1.7840233
11,0.12087679,-1.2081118,-0.10725508,2.0391304,0.41075593,-1.0088438,0.470033,1.2350943,0.55018604,-0.46862072,0.019691288,-1.2339125,0.5422982,-0.61071754,0.33636975,0.055917144,0.5949619,0.28916335,0.20357877,0.5101005,-0.17590216,0.48398548,-1.3394789,-0.34128368,0.215904
12,0.71152574,-1.7895015,0.28774312,-0.38553834,-0.5968462,-0.57541883,1.6313155,-0.20701998,-0.61894107,-1.0660026,-0.7473348,-0.24868862,-0.74828815,-0.6845145,-2.0935824,-0.17296547,0.044152856,0.35448343,-0.34990624,0.03513971,0.30881745,-0.111727834,-1.3236955,1.2589545,0.27108335
13,1.0668954,-1.9483277,0.27274245,-0.63668895,0.020399213,-0.19217595,-0.38886958,-0.80006516,-0.75502,0.43186235,-0.39960212,-0.7845637,-1.3957138,1.3259373,0.27891618,-1.7326459,0.7223153,0.5580221,0.8256761,0.8036604,-1.036453,1.1808038,-1.8723446,0.85370994,-0.4384451
14,2.178823,-0.5171553,-0.42250186,1.1240919,-1.0516022,5.1110983e-05,-0.84752667,0.66691256,0.037605107,0.84377766,-1.0693293,-0.31038392,1.7179509,-1.1029187,-0.37666652,-0.026017547,-0.037470937,0.9912104,-0.42718363,0.2894991,-0.07080525,0.8828966,-1.9558436,0.78982496,-1.3424149
15,0.6193087,0.1401546,1.9383224,0.48411024,-0.4967276,0.72140414,-2.2443397,1.4132118,-0.22738987,1.1992729,1.1034346,0.1016753,0.044950962,-0.3973707,-1.364171,1.2065514,-0.03015852,-0.0158813,-0.52618694,-0.47323313,0.62855303,0.3603912,1.2636684,0.6850076,0.18000114
16,0.7105617,0.09978199,1.1239251,-0.41949892,-0.6564691,1.7043362,-2.3321147,1.9198072,0.21989357,0.4384955,1.1423852,-1.5248182,-0.67806196,0.083524466,-0.73094714,0.8528694,0.43003714,0.03525901,-0.7480886,-0.17474252,1.2762133,0.2345624,1.0048962,1.4588127,-1.1503754
17,0.49678636,0.4585967,0.26952308,-0.37347293,0.38718957,-0.37780353,0.05401683,0.081376314,-0.015868068,-0.5586021,-0.06905621,0.8960017,0.08645177,0.47583932,1.2478225,0.29140007,0.35331273,0.79968613,-0.37964576,0.36482212,-1.0919054,-0.3927577,1.5060833,0.3717854,-0.5933173
18,3.5956957,1.9730377,-0.13706109,0.36813176,0.36955047,-1.0116767,1.4307728,0.7265968,0.7966094,-0.1937934,-0.26324573,-1.0169667,-1.5001504,-0.35357964,2.425203,2.9046926,2.103016,-0.21079424,1.0540757,-2.0819256,4.208461,-1.7362809,-1.2793108,-1.2525032,-0.6671305
19,0.1767708,-1.5568318,-1.0143503,0.3426478,0.98383635,0.93717873,0.36892992,-0.21956271,1.5226719,1.2991925,-1.2579682,-0.6203889,1.3038058,-0.6928941,-0.1512669,-0.03846222,0.32182777,0.4594472,0.39975625,-0.059635393,0.7802601,0.77118224,-1.330995,1.2025251,0.37215018
20,1.8052404,0.5436115,0.020608194,1.1078243,0.6355734,-0.28734598,-0.223786,-0.73422813,-0.21711606,1.3142735,-0.27946788,-0.11465289,0.49599087,1.2807701,0.9613751,0.954131,1.352565,-2.24416,-0.56401753,-0.27817017,0.66005254,-0.48208478,0.09334254,-0.41190374,1.7080164
21,0.565328,0.525856,0.3382236,-0.13861966,2.3652332,0.95213485,-0.545498,0.826048,1.0157243,0.37790573,1.0683439,-0.039668724,-0.12239838,0.7141554,0.55456114,-0.37084854,-0.22594517,-0.16902786,-0.7074731,0.64928305,-0.31468785,-0.9172666,1.3055648,0.09428668,-0.20852208
22,-0.47841752,0.26113153,0.47379622,0.793293,0.5948702,-0.7628157,0.91071075,1.4045824,0.9156369,-0.2825365,-1.2467813,0.31891453,2.5670269,-0.881206,1.4698011,0.19602251,-0.44290608,-0.2941496,-0.16400951,1.6258575,-0.45758417,-1.4375868,-1.5382749,-0.08282995,-0.99967694
23,-0.40363848,-0.98647714,-0.86173713,1.2866349,-1.0176305,-1.0016868,1.2778053,-1.8116058,-0.9664351,-1.1888148,0.40795463,-0.7712622,0.10194981,0.10371035,0.59377205,-0.87243354,-1.8533268,0.11206949,-0.43108574,-1.3566636,1.3303608,0.4190753,-1.5013174,1.0952284,0.60110295
24,0.16766644,4.651828,-2.2110567,2.1140053,-0.64003307,0.2843205,0.8707618,-3.008575,-2.4316437,-1.2678316,2.9215853,-0.9004684,0.11407602,3.657505,-0.6521462,-0.48974735,-1.2040361,1.8542826,1.2221392,-0.5378878,2.1458583,-1.9422839,-3.0222573,3.2741501,-2.633421
25,0.58575594,-1.622315,-0.3314196,-0.13298726,1.6649837,-0.25445643,-0.50421387,-0.15272403,-0.8420445,0.19149905,-0.65824175,-0.49144214,0.31398523,-0.3579523,0.5299285,-1.3673894,-0.44582522,0.25085074,-0.28520674,-0.025677629,0.228625,0.5169396,-1.3286482,0.19549704,0.25871372
26,1.4928712,0.7364962,1.8116834,0.32466197,-0.024265975,-0.71599984,0.43311828,0.9221529,-0.075298846,-0.27962315,-0.54931164,0.20006254,0.21573699,-0.33650607,-0.44519517,0.87930787,1.7002332,-2.971045,-0.4658336,0.25096816,0.11359882,-1.5127869,0.10808694,-0.30997634,1.0222528
27,0.8601295,0.51883554,0.34854773,0.27735746,-0.86456144,1.0484014,-1.0675153,1.2513024,-0.06835979,1.758234,0.84112006,1.0960813,0.25484872,0.3067791,-1.0932089,1.8560275,0.023047328,1.0300691,-0.20260113,0.96520317,0.34833688,0.54976124,1.2350206,1.2577991,0.5508406
28,0.49330157,1.5875659,0.18946573,-0.6580994,-0.5660414,1.9571152,-2.1417413,-0.4820882,-0.30958444,-0.13169798,-1.016592,0.86953676,-0.2720194,-0.6468524,-1.1649307,0.11855149,0.4695636,0.9921796,-0.49105552,1.5640912,0.9285437,-0.8251375,-0.16213417,-1.7673731,0.20668578
29,0.8906835,0.38359475,-0.31513804,1.1842245,-0.04606226,-1.7908108,1.4501235,-1.6929649,-0.24795139,-0.08025541,0.5529981,0.10820157,-0.36732388,-1.008865,0.25455424,-0.8397231,1.8291075,-1.7398789,-0.012899548,0.45095006,-1.3134952,0.038039625,0.01877892,-0.9977299,0.54798174
30,-2.6298566,1.8480663,0.0050892383,-0.69637585,-0.7431291,0.54971653,0.3608263,1.2504237,-0.7404487,0.53629225,0.38631707,-0.48513716,2.2520785,-1.3048692,0.9099778,-0.27378768,0.19359744,-1.0606668,1.4263233,1.2495438,-1.00926,1.0313456,-2.410029,0.7817745,0.8420849
31,0.9063204,0.27372122,-1.4551264,-0.2638967,-0.08610663,0.49195263,-0.6798074,0.6571655,0.036155283,0.6080531,-0.36753768,0.14095134,-1.3723731,0.8009822,0.041409016,0.46055043,-0.3302459,0.54479784,0.2524346,-0.18876816,0.8619565,-1.2303704,1.4036138,0.44075155,1.1152797
32,-0.78467965,-0.5814606,0.6365648,-0.78399706,-0.038752392,-1.1185478,0.15374285,-1.7884308,0.38644493,0.44672677,-0.028451025,0.7668205,0.745234,-0.42194813,0.94899166,-0.06918234,1.108701,0.94958574,-0.7476586,0.22241643,-0.054003865,-0.045404553,1.7340914,0.5486057,-0.27165866
33,0.0708369,0.572057,-0.7027155,0.83967125,-1.0051813,1.1998317,-1.0734602,-0.39257944,1.4252923,0.858048,-0.620059,0.1429909,-0.88799477,0.04523152,0.5559201,-0.13403004,-1.3495349,1.1548944,-0.334979,0.40002552,0.59388006,-0.30886215,-0.38234758,-1.6813798,0.60467005
34,0.024003386,1.1329999,0.06153422,0.022907495,-1.1802934,1.5073035,0.38167936,-0.52044344,-1.1735165,1.6496035,-0.6954077,1.9727459,-0.701102,-0.6384609,-1.1660112,-0.3917091,0.0792259,-0.520106,0.1710968,1.5598502,0.17579603,-0.4211103,-0.52306974,-2.1412742,0.4272089
35,1.094878,-0.8799876,-0.6440175,1.3969558,-0.65983874,0.28594184,0.8820937,0.84319013,0.09904057,-0.18148172,0.075612605,0.9348993,1.6985698,0.27214342,-0.2875136,-0.54447454,0.33938873,0.47425753,-0.564103,-1.562933,0.8608775,-0.418888,-1.7475034,0.09034133,-2.5655804
36,-0.95764756,-1.7100005,0.8381616,-0.5550933,0.06064728,-1.0199927,-0.79623497,-0.13935208,0.79003036,-0.72763777,0.13079906,-0.05294493,0.020254016,0.6219565,0.25738958,-1.6772401,-0.34379333,-0.8641548,0.49128443,-0.1730151,0.87156236,-1.8740981,-1.3392748,-0.4089676,-0.37837362
37,-0.911181,-0.26481628,-0.043945827,-0.75098705,1.1139191,-0.24057445,-0.11033082,0.28489754,-0.70967424,-1.883486,-0.63932174,0.29871684,1.0971732,0.17583662,0.60061026,-0.7050985,0.22179711,-0.21036586,0.7402047,-0.47555625,0.44554377,1.3832607,1.4990084,0.014438629,-0.82132554
38,-0.1543374,-0.051662445,-0.16222608,-0.11334133,-0.2027207,1.1022239,-0.26777387,0.18008882,-0.5209226,0.38071883,0.35935146,1.0262209,-0.42278004,0.5599604,-0.63978004,0.86631906,0.6358514,0.15163726,0.48398745,-0.023173638,1.4762317,0.56336325,1.5034323,1.8444922,-0.7735951
39,0.118281245,0.1316495,-0.021166183,0.37134492,-0.5697468,-0.96856964,0.1863684,-0.3330549,1.091788,-0.8862847,-0.3625617,0.0756886,0.13156426,-0.46379772,0.47158635,0.4626305,-0.3829707,-0.27523643,0.24289006,-0.44740462,-1.0316024,-0.81444633,1.5757928,0.8659034,-0.11659813
40,-0.44115114,-1.3252629,1.0527056,-0.901716,-0.45234555,-0.21330753,0.70147866,0.34480855,0.6999686,-0.463326,-1.5919406,1.0822814,2.2871938,-1.3758858,0.12932426,0.28863287,0.7446996,-0.14275944,-0.8079758,0.2941313,-0.5562584,-2.174831,-1.070594,0.5141413,-0.95545745
41,1.717953,-1.1996634,-0.29313955,-0.13135147,-0.74930257,-0.21782163,0.61160475,-0.25830412,0.27260804,0.9170283,0.35815406,-1.4945202,0.4134823,2.015603,1.1937723,-1.0526421,-0.90739167,-0.14713621,0.35496145,1.1266992,-2.6987252,-0.17782688,-1.390226,0.48136115,0.9954214
42,-1.1826591,-0.1920445,-0.8366605,-1.5536373,0.016172916,0.14985889,-0.10593128,0.629427,-0.82193935,-2.06796,-0.46035168,0.5487489,-0.43933344,0.26486987,-0.24871281,-1.6566803,-1.2803755,-1.0526637,-0.13232192,0.10265261,-0.61856294,-0.39794752,-0.9059974,0.20652795,1.9908221
43,-1.5465479,1.2640879,0.22228435,0.91608584,-0.58412236,-0.45830014,-0.07254177,-0.7721257,0.8714092,0.3778082,0.40983647,-0.89938945,-1.9107397,-0.6900605,0.502024,-0.55667865,-0.52167773,1.1275771,-0.18391448,-0.9610983,0.8741834,0.3102535,-0.5846832,-2.2954051,-0.36085892
44,-1.1444824,-1.5413728,0.548863,0.06815171,0.26612324,0.2708736,1.2358227,0.86289823,0.63277996,0.634239,0.019955337,0.24196313,0.86834943,-0.2515551,0.7842902,0.07013285,0.67625475,-0.17022085,0.090355456,-1.0008856,0.30329478,-1.464848,-1.4646453,0.27703285,-0.44327402
45,-0.51487803,-0.5504068,-0.14583072,-1.1804211,-0.9768938,-0.41546354,0.70985156,0.6561551,-1.479759,-1.1120775,0.4597395,-0.8450475,-1.139853,-0.88135815,-0.96941257,-0.2457254,-0.96961415,-0.13669086,-1.4874477,0.7771015,0.03927031,-0.76437926,-1.9644963,0.41925478,1.2861896
46,-0.29684055,-0.2207545,-0.17814013,-0.42864037,1.0670687,-0.6080142,-1.4912685,0.060976326,0.6902486,1.8003515,-0.1832701,0.2493655,-0.646801,1.8094165,-0.02931042,1.0552412,-0.20201933,0.32535994,0.5745014,0.5311104,0.10192531,-1.7822788,1.3900577,0.11628556,0.25546753
47,-1.7255139,0.38701105,0.6310769,-0.6619961,-0.18265218,0.25180203,0.93507665,-0.12490493,0.22803104,0.5474247,0.28709692,-1.8674979,-0.41734385,0.0022153854,-0.6858921,0.16171253,0.06646061,-0.7714136,-0.21637753,1.316931,-1.6334038,-0.95886016,0.15151179,-2.2397957,-2.259747
48,0.13067913,0.52157855,0.23609138,-0.50340223,-1.2154332,1.0102874,-0.9351539,-0.043313205,-0.6887424,0.53929967,-0.48197162,0.13198072,-0.83905387,-0.5448172,-0.59873927,-0.4187693,0.002937436,0.5299693,1.504913,1.1191424,0.25118536,0.4199028,0.16137671,-2.2559094,-0.44633126
49,-1.4738913,0.095550776,-0.9206849,-0.1043396,-0.06523806,1.6588619,0.8297623,1.116974,-0.49047983,0.9553993,0.48126078,1.5829128,-0.13910556,-0.08017653,-0.57006633,0.930488,1.1492324,-0.07619858,-0.13961864,1.9171803,0.6504115,-0.95063794,1.2832962,0.12816596,0.22312474
50,0.13624203,0.32908583,-0.6783705,1.0682299,0.48470226,-1.1154407,0.50080484,-1.4413906,0.06783122,0.025206253,0.5427014,-0.6490245,-0.07789564,-1.4534302,0.21670587,-0.5595859,1.7165658,-2.2835438,0.13794082,-0.6827241,-0.90040255,-0.1847974,0.2951572,-0.4250747,0.36596262
51,-0.1555425,-2.3176053,0.42557305,0.029656887,-0.4669751,-2.2967486,0.3392715,-0.5402621,0.634223,-1.0496281,-0.78010035,-1.0534756,-1.3081441,0.48174018,-0.55614495,0.51649666,-0.3436125,0.49715406,-0.47083765,-0.11912816,1.3557419,-1.3202581,-1.5246965,0.40323496,-0.734143
52,0.790004,0.028709173,0.27210763,0.74612164,-0.1462951,-0.9184387,-0.100563824,-0.111753285,-0.43771657,-0.8708694,-0.5961249,-0.15773512,-0.2707734,0.37092716,1.945086,-0.45640826,0.055127263,1.204587,0.7411728,0.7856358,-0.015504241,1.2463017,1.3158089,1.1119733,0.02731967
53,0.6356504,-1.4634347,-0.3135098,0.59627175,0.5990567,-0.42341146,0.5382487,0.7153066,0.1535865,0.7647013,0.1888107,-1.4298052,0.92513704,-0.9685545,-1.0552454,1.3526253,-1.0024111,0.2045002,0.713766,-0.36294997,0.10248029,0.551886,-1.4179062,0.18646836,0.9440625
54,0.047195077,0.7435889,0.7874982,-1.5766661,0.30055654,1.0262643,-0.740044,0.15426761,0.7294761,1.6465449,0.23263192,-1.2872,0.096351504,0.25469166,0.21820156,0.41142654,-0.50556046,-0.36380827,-0.11193249,1.3030605,-1.0581465,-0.7588793,0.71248114,-1.1349181,-2.388784
55,1.7763128,0.62551475,0.18854263,-2.0620618,-0.39893615,-0.13520157,-0.54728806,-0.03606838,1.0454944,-0.8172125,0.5308706,0.5204041,0.2192806,0.5654054,0.74779713,0.51609457,0.26067543,0.81315786,0.9751723,1.3021065,-0.9839503,0.5070935,1.4922585,1.0780108,-0.06131959
56,1.1777986,-2.036739,-0.6930297,0.1812892,-0.0058710724,-2.3559723,-0.4313324,-0.24391353,-0.23862398,-0.5668556,0.28544897,0.12130223,0.2709782,-0.022038281,-0.6387335,0.028081298,0.531397,1.8463879,-0.19015321,-0.17663653,0.07984531,0.8037396,-1.2252501,0.4232831,-0.14702868
57,-0.27095985,0.41470575,0.32013398,-1.2125173,-0.8407898,-0.5366435,0.28710645,0.039754808,-0.20561194,0.85499454,-0.4009853,0.09488399,0.4921986,0.49900872,0.99771786,-0.3326409,0.7743155,0.5314588,-0.6558456,0.12159777,0.05576837,-0.032912612,1.4846119,-0.06735206,0.21917832
58,1.5691513,0.27936006,-0.122227006,-0.17412925,0.28452635,0.081257045,-0.5067391,1.4391847,1.2663426,0.77472365,-0.053360283,0.19934636,0.5036279,0.88413197,0.0385333,-0.34137642,-0.22994232,-0.17591223,0.77385557,1.0491875,-0.27571395,0.7044434,1.385848,1.2012496,0.6931584
59,0.7679585,0.666548,1.1530428,0.4466337,0.056478932,-0.20430526,1.0277519,0.87470436,0.62298334,0.107288554,0.30060583,0.47256744,0.9649876,0.8985346,-0.46084133,0.4590435,-0.6809186,0.12676072,0.96854734,0.6717186,-0.0057285726,0.70883423,1.3649477,-0.96932006,-0.18834949
60,1.4994359,-1.959698,0.01775644,0.18758583,1.0785985,-1.131634,-1.2342832,-0.20604944,-0.51350045,0.078577936,0.16764987,-0.90339977,0.16087449,0.668734,-0.9759854,0.3950708,0.81066394,0.8854136,-0.44190016,0.4642714,1.0114228,0.34124047,-1.3526255,0.7940352,-0.2659731
61,-0.42179203,-1.0329452,0.1194637,1.1579268,-0.2512611,-0.032402813,0.68882126,-0.43778515,-0.24342817,0.0064656073,0.3948096,-0.56117254,0.28398657,-0.2405253,-0.49425277,1.566882,-2.1518455,-0.24108845,-0.13790971,0.6263398,0.058353603,-0.46925998,-1.4130772,0.5389323,1.8542616
62,-0.53651845,-1.0138652,0.42284322,0.3302424,0.21507859,1.0419325,1.3540969,0.55817497,1.6751275,0.16237788,-0.63493127,-0.20580833,1.638976,-0.57712185,0.24231747,1.4397923,0.4671824,-0.17002189,0.44125015,-1.2555861,0.83886945,-0.46018904,-1.4481143,0.7770119,1.0632979
63,0.4462781,-0.2321825,0.21246412,-0.6112807,0.022959262,-1.3259983,-0.2615369,-0.1968025,0.3712219,0.48832974,-0.8365798,-0.20838843,0.74305785,1.3761828,1.2884536,0.027909994,0.023049831,0.12527245,0.31065714,0.65479946,-0.40565336,-0.585915,1.4785202,-0.2161212,-1.441381
64,-1.7156775,1.464566,-0.758263,-0.35958362,-0.79135853,0.27815735,-0.23145998,0.37752816,1.2706993,-0.22248517,1.1499085,-2.4279373,-1.9365478,-0.9439105,-0.2643397,0.76543736,-0.024223804,-0.21990982,-1.8845674,-1.2506886,0.05435735,0.6701551,0.6765137,-0.61673784,-1.6049433
65,1.4612874,1.2320483,-0.39951798,-0.05874324,0.8944245,-1.4352607,-0.92459124,-0.66819096,2.1871915,1.1986905,0.26107913,0.70073897,-0.63925767,0.4271701,1.4186718,1.3646752,-0.016672611,-3.3697975,-1.4480679,-0.58226454,0.1293878,-1.5702279,-0.10967076,0.066515446,0.42559946
66,-0.6533675,-0.008476496,0.613385,-0.54471636,-0.7370481,-1.4862171,-0.15850627,-0.219782,-0.79051656,-0.07394804,-1.0591753,1.0992938,0.036316156,-0.67790323,-0.04731138,0.52830803,0.5481938,0.5483982,-0.97120154,0.60761356,0.35412467,0.7465556,1.5500617,0.38794684,-0.41518116
67,0.7311562,-2.0925996,0.6986224,-0.43834877,-1.2531589,0.19531028,0.80764836,-0.81525755,-0.13079423,0.25263456,-1.1849775,-1.1255083,-0.5374148,0.8012009,0.6777066,-0.8830389,0.36232412,0.49106365,0.042335063,0.2003006,-0.19936714,-0.6331532,-1.5038873,1.0099475,0.13511097
68,0.106533885,0.24549413,1.1899576,0.9400004,-1.4453856,-0.45043984,-1.11093,1.4648521,-0.025310278,0.7827705,-0.495913,0.66205126,-0.13136911,-0.45279622,-1.4803773,1.7726296,0.44882023,1.6238768,-0.17022976,-0.2452308,1.9214851,0.21614242,1.263026,0.4432118,0.04573345
69,0.59420747,1.932137,-1.6743925,2.736818,0.48748827,0.44045871,0.050299704,-1.7867523,-2.2426932,-0.1724709,2.152358,-1.0561056,0.84571946,1.8282955,-0.13263202,-0.6707368,-1.5370936,0.59450036,0.7762661,-1.0581967,1.2167292,-1.48616,-1.2727112,1.08815,-1.9311745
70,1.1812923,0.051834106,1.4666288,0.270149,0.40304247,0.47709072,-0.24895376,2.0235324,-0.96293175,1.4859308,-0.20950979,-0.77366567,-2.1616273,1.1608689,1.4111867,0.70694375,1.118609,1.2107058,0.8240926,-1.3852278,0.6808677,-0.5169703,0.72318417,0.14568925,0.27681303
71,0.23858345,0.2149303,0.9894322,0.47341084,0.13834198,-1.0616322,0.14300638,0.10187131,0.08120203,-1.2357794,0.2957732,0.26141837,-0.06720543,-0.33966404,2.0605278,-0.83526146,-0.16011035,0.31670928,0.5333339,0.14272398,-0.98692757,1.1299329,1.3428037,0.051604748,0.15401733
72,-0.013113856,0.32088327,-0.21052095,-0.7954819,-0.27011752,2.9252367,-0.27383316,0.14336246,-0.51347816,1.3458711,-0.260485,1.4889092,-0.763422,-0.018529415,-1.2202327,0.8480691,0.0012660027,0.8697445,0.42329842,-1.5460664,-0.2894281,-0.5721554,-0.5925504,-1.3491868,-0.6231363
73,0.23061275,1.1377995,0.30956355,-0.9596031,0.33764428,0.310165,0.4683867,-1.1746346,0.50838995,0.16583912,1.1812568,0.34148407,-0.45658708,-0.78737104,0.47734267,-0.15788019,-0.6036003,1.510519,-0.4644334,0.16665241,0.7511064,0.15040034,-0.7675921,-2.6714325,0.103185534
74,-0.16214204,0.17742777,0.3382656,-0.19908357,-1.4539201,1.1393598,-0.4116801,0.015615702,-0.78357565,0.8946562,0.2648462,1.0976878,0.25344503,0.9948328,0.16049486,-0.20718914,0.76210225,0.5775108,0.4491197,0.6111691,-0.43034074,0.37109703,1.3433774,0.20532346,-0.2511871
75,0.25730562,0.74190545,0.45474088,-0.3276782,0.72862077,-1.0465447,-0.049401343,-1.2934297,-0.45035666,-1.230006,-0.3546676,-1.3434979,-0.3185861,-0.43280932,-1.2085904,-0.5491116,2.0428755,-2.4066877,0.57084036,-0.29271567,-1.1587362,-0.2611456,0.33094335,0.2895577,0.4076544
76,-0.82285213,-0.15687633,1.0914646,0.034534454,0.2745608,0.9069885,0.27472168,0.01828438,-1.2604445,0.09559918,0.059470177,-0.33872074,0.41525316,0.9958028,-1.5540491,0.0022357702,-0.8468552,-0.78900284,0.009025425,-0.9664204,-0.62452996,0.103588104,0.6759107,-1.8314025,-2.963911
77,0.7437592,-1.3729081,0.33662733,-0.75970984,-0.89205766,0.35652372,0.6945701,-0.100762725,-0.6314189,-0.824509,-1.225101,-0.28512144,-0.4042132,-0.5679009,-1.9537305,-0.1883083,-0.84871984,0.27881688,-0.7693192,1.1224201,0.5020575,-1.0095928,-1.1406158,1.1488309,1.1937354
78,0.66197395,1.0101552,0.79507506,0.18471766,-0.43441552,0.31532395,0.18923491,0.3710811,-0.1742059,-0.2782142,-0.32825476,-0.6456784,0.0018332005,-0.5014266,-1.2542286,-0.63037556,-0.5405688,1.0817461,-0.3667968,-0.4708489,1.158395,0.2548871,-0.10492444,-2.5257404,0.45057595
79,-1.1431904,-1.639852,0.61132354,-0.1910944,0.04414533,-1.6609354,0.7465952,0.5007906,0.8594047,-0.8629713,0.39776373,-0.2587605,-1.0878787,0.62749976,-0.028372437,-0.18771231,-0.32601488,-0.83195066,0.36893886,-0.08144033,0.5013327,-1.695436,-1.6745814,-0.28300834,-0.0780015
80,0.22836256,0.1927216,-0.3064326,-0.87623453,-0.5144271,-0.06721875,0.66214174,-0.079303026,-0.070911884,-1.3549834,0.6337865,0.2972936,0.34200096,-0.062113583,0.19907287,-0.74635696,0.18287063,-0.18576548,1.2145901,-0.6462693,-0.22211644,0.8379043,1.5641668,0.8302059,-0.4038074
81,-0.17460632,0.6698773,0.13134558,-0.8250363,-0.8953891,0.3980561,-0.76682985,2.2272434,-0.70590544,-0.57374257,-0.28840432,-1.9380037,1.449496,-0.9985204,-0.58533585,0.428434,-0.8703029,-0.55544066,-0.0074952245,1.4277761,-1.3920443,0.65710753,-1.7407335,0.8394129,1.4454623
82,-0.4940114,0.9601085,0.6313791,0.24382126,2.309498,0.46288234,0.3213157,1.9893955,-1.6128142,0.09634419,-0.27540416,0.26080355,-0.8455405,0.8609814,0.34980276,0.34842753,-1.090156,0.09550202,-0.310377,0.86850023,0.24055982,-0.90726125,0.6604054,-0.01860404,0.23250878
83,0.8195248,3.9492965,1.5932657,1.4035205,-6.600424,-0.6286001,1.19682,-1.0031024,-1.9970145,2.1489737,3.1510732,-2.4065068,-0.9233601,0.31299943,3.2357633,-2.193862,3.1494896,0.55572623,2.4380836,-1.4181867,6.7381043,2.7179067,-1.6382428,4.20448,-3.9616723
84,-0.0038102865,-0.111415386,-0.92538744,1.1151724,-0.31427187,-1.1210448,0.44978803,-0.75700414,-0.78646326,-0.44232896,-0.80218446,0.42786074,-0.37335396,0.8323726,0.5604456,-1.5441489,0.36106992,0.6594475,0.1659177,-0.18790835,1.2677116,0.42437,1.4023527,0.11800289,-0.97615623
85,0.29756713,-1.9627748,0.7153809,-0.8401375,-1.0143318,-0.6037855,0.89750034,-1.0719551,0.00468117,-0.19936253,-0.41046014,0.6529024,0.3457303,0.03138411,-1.3410568,0.104112506,-0.34570795,0.23597914,-0.65840304,0.23793057,0.50217247,0.20712274,-1.4153277,0.949595,0.37880707
86,-0.39303708,-0.2539357,-0.2630112,-0.19695473,0.07756639,-0.30813935,0.4485591,-0.528836,-1.4550533,-0.16433676,-0.7032304,0.919496,0.79708314,-0.51242304,-0.1846439,-0.3463204,0.9850688,0.7906162,0.6485609,0.068975106,-0.17860124,0.316656,1.6047794,-0.24846494,-0.7000928
87,0.083786964,-0.31152093,-0.2984527,-0.22951055,0.2948645,0.9626193,-0.33146608,0.8420375,-0.95784765,1.2294947,0.29285902,-0.60858727,0.064614296,0.30733198,1.8184284,-0.09419733,0.69848263,0.8518222,0.3233983,0.27021793,0.20836002,0.8473757,1.3560673,-0.5120194,0.31799853
88,0.71810055,0.93323994,0.2767525,0.8777007,-0.6554847,0.5463921,-3.159046e-05,-0.508142,0.8501203,0.0070166164,0.20496267,-0.32003266,-1.0823526,-0.05923146,-0.20598641,-1.0086786,-1.0525922,0.40175194,0.01917705,-0.26789704,1.0604836,0.2665698,-0.45812583,-2.6354108,-0.039372683
89,-1.240906,0.3897798,0.012825049,-0.46376252,0.97370994,-1.3096559,0.79024786,0.19936353,-0.24256402,0.5025423,1.2543187,-0.91522473,1.4819081,-0.7034345,1.3288076,-1.1112512,-0.82197523,-1.063525,0.896247,0.7179215,-1.1892121,-2.1883302,-1.6644853,-0.31995046,1.6748779
90,0.022162795,-1.6192632,-0.71173555,-0.28956294,1.4655821,-0.9190637,-0.4614011,-0.197011,-0.020593643,-0.26864636,-0.64475006,0.7042527,0.5422919,-0.91138893,-1.4341353,0.07523167,-0.015745878,0.19095993,-0.5210368,2.080328,1.8431402,0.20333415,-1.631178,1.2913904,-0.5965688
91,0.4414701,0.47605658,-1.0327109,-0.24129295,-0.19299456,1.9441495,-1.7832063,0.835995,1.2380209,0.3620042,0.86496705,1.1496102,-0.01269114,0.30267555,0.4609306,0.03891456,1.2012291,0.020954907,0.0023057759,0.453002,0.4740274,-1.5318022,1.0112761,0.18655133,1.3209941
92,-0.28021622,0.18209076,0.4398592,-1.0199742,-1.0682368,-0.05755201,0.875516,-1.015879,0.1180585,0.3367219,-0.96152496,0.8965942,0.36211348,0.54095286,1.0496142,0.32496715,-0.2906477,-0.22699684,-0.24097727,0.07229628,-0.6915186,0.7350555,1.6863346,0.66158485,0.21737528
93,0.12908757,-1.6692687,1.1261014,-0.33246493,-1.1001132,0.6887001,0.1726088,-0.43664837,-0.6563127,-0.26642954,0.12876832,-1.6374176,0.6142094,-0.65333915,-0.40944448,0.8361,-0.867829,-0.58952343,0.0031042695,0.08302276,0.6786046,-0.98282194,-1.3117307,0.82653594,0.8283963
94,2.4040303,0.6354253,-1.02473,-1.7695994,-2.8463206,1.3794228,0.2943347,-2.2106924,-0.42175025,-4.074926,0.2395752,0.54560447,-1.0694976,0.43761343,1.8569167,3.4802804,-0.44698632,-1.7724826,1.657453,-0.20610383,-1.6682911,3.001442,-0.7806927,0.9768629,-1.0214014
95,1.002881,-1.7160338,-0.71447045,0.7711688,1.6980517,0.22812721,-0.7653996,0.018908441,0.61383116,1.7135421,-0.3726048,0.2765119,1.0966301,-1.3619577,0.21017347,-0.19098127,0.90787244,-0.23713753,0.5649283,-1.3388733,0.6464089,0.47737306,-1.3531498,0.6423986,-0.43362045
96,0.47772855,0.59086704,-1.1483549,0.4290141,0.49878004,-0.22095928,0.62549144,-0.39281845,0.043302596,0.5173268,-0.30668494,0.16647744,-0.91696095,-0.9661198,0.34227985,0.051834464,-0.0061178207,1.1994925,-0.28902096,-0.5548167,0.589669,0.20823216,0.3949883,-2.6213255,0.5925741
97,-0.18934178,-0.19579387,0.19274732,0.28873777,-0.01516822,0.84517044,-1.1481389,1.0954753,-0.5325538,0.17577788,0.31230378,1.4484086,-0.13240588,0.28238553,-0.38675216,0.6543522,1.5353258,0.24307209,1.330659,-0.2974429,0.113990486,0.08208686,1.2509369,0.15988898,0.5361426
98,-0.9707904,0.46391058,-0.92669517,-0.26871586,-1.6577626,1.6994992,-0.20376259,-0.11380488,0.30890012,0.21428807,0.19828743,-0.15324207,-1.5539105,0.17949384,1.0615747,0.05077243,-1.7184528,0.75169796,0.18359858,-0.39035589,0.30837667,-0.22787893,0.13259637,-1.6060264,-0.96150374
99,-0.2816689,0.30171967,0.5833905,1.1108431,1.0138491,-1.1014664,-0.64149654,0.48205838,1.2333553,-0.3112568,0.2791261,-0.9733402,-0.54032135,0.9407373,0.43421566,0.37154806,-0.53990185,0.7442674,0.72759175,-0.3436441,-1.4126244,-0.07483196,1.3603231,0.34341407,0.51793766
100,0.9334539,0.6480608,-0.13337457,-0.56015944,1.1581724,-1.5785213,-1.0989128,-3.4955754,0.3104365,-0.10949135,-0.66859543,-0.29513973,0.8924045,0.62682396,-0.84006774,0.5290129,0.30945313,-1.6751344,0.8156179,0.24257293,-1.2110033,0.120491505,0.5346938,0.5968394,0.44670415
101,-0.24072194,0.38382673,0.5608289,-0.123787165,-0.6471615,-0.48941818,0.5495027,-1.1393737,-0.32318544,-0.2468201,0.078415155,0.82030594,0.43323863,0.103496134,1.0701073,0.36729765,0.017973304,0.54553884,-0.107441396,0.53101575,-1.3212202,1.5027621,1.6221893,0.41224408,-0.14464259
102,0.7823368,-0.62479925,0.14008649,-0.053863764,-1.3654957,0.31695276,0.20747298,1.1133505,-0.2862919,-1.1862242,0.33490175,-0.37397683,1.8262815,-0.32911474,-0.27276063,0.6793442,-0.7653391,-0.6220733,-0.2702958,1.4388949,-1.2432063,-1.0451312,-1.7044634,-0.15053463,0.12782764
103,0.5528184,1.0629439,-1.0212164,-0.73626494,-0.78009063,0.62946594,-0.48092142,-0.48481154,-0.13779938,-0.24557777,-0.14399752,-0.105961576,-0.024314165,-1.1293716,-0.42955485,0.003304243,0.2461133,1.6750565,-0.91426575,-0.7911246,0.07606286,0.05586356,0.19506264,-2.1889484,0.43161798
104,0.18891466,-1.2527163,-2.0874758,1.0688975,-0.7300792,0.038800567,0.33633798,0.037980974,0.02798289,-0.0042166766,-0.25819594,-0.58789253,-0.06802845,0.6694557,-0.68041,0.054549098,-0.12026346,0.32167524,0.3182221,-0.6418346,-0.07594529,-0.056556612,-1.6685165,1.1604095,1.1794484
105,1.4948553,1.276936,1.1186961,0.66694164,0.89828146,-1.2855902,-0.3928762,-0.99121463,0.3151933,1.141888,-0.056018293,0.10774475,0.24552584,1.2329941,-0.52141535,0.34873366,0.6271732,-2.8053572,-0.29606795,-0.5254266,1.0224694,0.14516395,-0.17113757,-0.77496135,0.70105743
106,0.53547245,1.0219064,-0.36783022,1.0162247,0.43482417,-2.6324267,-0.35497993,-1.4222661,2.196603,0.83390427,-0.5851548,0.5799236,-1.1685431,-0.45077577,0.4553781,-0.15966499,0.6404954,-2.1807153,0.5880513,-1.9339685,0.11792427,0.13719827,0.03997135,-0.062024117,0.35726154
107,-0.63730145,-0.24713027,0.2025463,-0.3277409,0.57134795,0.5571494,1.1971676,0.4521585,-0.5786766,0.48945123,-0.3631205,-2.8693771,-0.45220852,0.9958274,0.2530147,-0.07955074,-0.7230741,-0.43204594,0.08354843,0.8276558,-0.44887558,1.1462758,0.5392526,-1.7013471,-1.8074245
108,0.372198,-0.385509,0.84663105,0.19965816,0.20780359,-1.4883705,-0.2563231,-0.7634587,-0.63386345,0.19051485,-0.83740675,0.27477145,0.42744994,0.5878524,0.43680194,-0.71746814,0.8904848,0.7835967,-0.27253023,-0.86673903,-0.6048501,-0.93628454,1.4431084,0.34652758,-0.65567493
109,1.2487215,1.1814117,0.23695695,1.3185225,-0.22261214,-0.10374978,2.2500224,0.3645285,-0.08938861,1.4659145,1.1135306,0.2735,-0.009539247,0.117224514,-0.078273386,0.7534212,1.5489726,-2.6358428,-0.41545263,0.07826559,-0.6910174,0.39740837,0.6570952,-0.6873089,1.0294924
110,0.58807915,0.11743927,0.15170273,0.6735114,-0.02948682,-0.3667992,0.7886687,2.1142058,0.0634709,0.09535695,0.5254801,-0.30589545,0.344885,0.54469866,-0.13136816,0.47425413,-0.08702552,0.4805737,1.256359,-0.39586756,0.21846372,1.0229104,1.1676403,-0.17407703,0.6861422
111,1.5459208,0.5957892,-0.29180518,1.5174279,0.3801356,-1.4392176,-1.3333403,-0.9778049,0.6100941,-0.6842488,0.48399526,-0.7633012,-0.7651963,0.18220788,-0.057087854,-0.026676536,2.0843015,-1.7875497,-1.7213488,-0.6912726,-0.9169557,-0.92324686,-0.17813218,0.073862076,1.5417342
112,-1.4113657,-0.91341376,-0.5045895,-1.2647977,0.14493494,-0.31382445,0.56629056,-0.42631257,-0.086385906,1.115293,-0.1593296,-0.9652361,-0.3677354,0.25872678,0.41427958,0.2355727,-0.73407704,-0.2382865,-1.04010105e-05,-0.4444735,0.42930984,-1.0161864,0.86105716,-1.9059424,-1.2614925
113,-0.4284916,-0.36605918,-0.89532477,-0.0918324,-1.1019541,0.13459301,0.9691958,-0.1334874,-1.072509,0.4586017,-0.5386475,-2.0134153,0.14076841,0.384569,-0.4536132,0.21561027,0.52813196,-0.37547943,0.13902694,0.41506132,0.06048411,-0.8742204,1.2863119,-1.2457616,-1.4477513
114,0.13493872,-0.03418398,0.15403408,0.5904268,-0.39948308,-0.23005053,1.2966602,-0.256508,0.97453845,-0.9034335,0.11154175,0.48418522,-0.15637267,-0.5544623,0.9109695,-0.27166748,-0.7471704,0.41332716,-0.5209392,-1.0078366,-0.548894,0.4677543,1.5217351,1.0238562,-0.3447261
115,-0.66696167,-1.4335271,0.71868485,0.08472681,-1.29961,-0.7391032,0.8299572,0.2361902,-0.13191676,-1.1293517,-0.14362016,0.787499,-0.27584243,0.44841248,-2.294083,-0.02530706,0.44135523,0.30203056,-0.38845363,-0.4903192,0.29732233,-0.013800442,-1.3684393,0.9473667,1.3236122
116,0.123643994,-2.050506,-0.78675765,0.611053,-0.16923848,-0.45272896,-0.2537138,0.3018226,0.76045287,0.13498528,-0.27373993,-1.0760788,0.0064769983,-0.59366834,-0.7199609,0.5096327,-1.6794726,0.41964906,0.094498575,-0.010019422,0.43313843,0.10948837,-0.9034995,0.6449473,0.845824
117,-0.058216214,-0.49086976,-0.082268186,1.4485465,0.08667035,-0.23827234,0.98404855,-0.048066854,1.3150222,0.87387896,-0.5122299,0.8456146,0.61499476,-1.8153639,0.51987123,-1.6582412,-1.1094586,-0.5590328,0.22826469,-0.097553775,-0.5843421,-0.24793252,-1.0290011,-0.44623482,-1.2431405
118,-0.20450771,-0.0446167,0.0061127543,-0.20033526,-1.4807881,0.4761113,0.4937213,-0.6460376,-0.5709287,0.08190656,-1.1099181,0.20734693,0.8395445,-0.24421555,0.37887198,0.71626544,0.66381454,1.2504196,0.09426993,0.29329056,0.42007262,0.16569495,1.5753654,0.40760612,0.9420568
119,-0.24650288,0.49750662,-0.648272,0.5213382,1.7934415,0.8866751,0.23385292,0.6927861,0.6994612,-0.65069103,0.99266,-0.818226,1.3800899,0.5929249,-0.1370545,1.1228627,0.9610388,-0.23658761,0.51278394,0.55908835,-0.10964474,0.520173,1.3913823,0.82789636,-0.9389131
120,0.6871735,0.45771098,0.24926123,-0.27032065,-0.56283706,-0.9865825,2.1571913,1.5012014,0.46140778,-1.1304386,-0.096871674,0.28823394,0.19301713,-0.56267095,1.374009,0.13293016,-0.3783905,0.20114613,0.037962437,-0.22603717,0.12458885,0.11566794,1.3210969,-0.13817,0.69382966
121,1.092509,0.18896818,1.1486428,-0.7835641,-1.3013917,1.5904791,-1.9388433,0.14663976,1.377248,0.8112225,0.8949352,-0.7773319,-0.58998275,-0.6431539,-1.2870793,1.0451866,0.106681705,0.13877642,-1.0138836,0.6096451,2.064567,1.1540122,0.8398402,-0.20956397,-1.6060996
122,0.6713787,1.8524606,0.68089944,-0.26597857,0.014476731,-0.095246196,0.08786219,-0.9135622,1.2168102,-0.11942893,1.1489599,0.27938685,-0.70938087,0.637247,0.18503773,-0.3629527,-0.6297376,2.0709312,-1.2171502,1.1178343,0.5113051,0.24126607,-0.96706545,-2.3583639,-0.4068694
123,0.320773,0.021070719,2.182991,1.044371,0.1792034,0.80144703,-0.12044114,1.9531217,0.35471797,0.39649644,-0.038378,-0.072810754,-0.8033521,-0.5801895,0.7249595,-0.68261653,-0.34889948,0.2062093,0.09589648,0.37819096,0.81767607,-0.3103699,0.90773576,-0.32341206,-0.32086062
124,1.1658134,0.04076433,-1.2958151,0.5420127,-0.7037418,1.2746702,-0.71283007,0.46445012,-0.6742416,1.1690384,0.0321151,1.8240031,-0.25733817,0.00928849,-0.9514046,0.13498628,-0.86590517,-0.2711691,0.17778033,0.50745547,0.5682306,-0.26890555,1.4187846,0.8225398,-0.29137754
125,1.5917959,0.1455729,0.11644586,0.7050562,-0.32314217,0.48292005,-0.9263864,1.3045244,-0.7780616,0.065390006,0.21446681,-1.0598623,0.061771512,-0.3746528,-0.6661248,0.38285756,-1.0347724,-0.6617564,-0.32941598,-0.18202311,0.76434195,-0.7381573,1.2647325,-0.02586174,-0.319427
126,0.86982346,-1.955197,-0.5696699,1.3863761,0.8343842,-1.5173393,-0.49051905,0.23910856,0.8675357,0.48322883,-0.25622907,-0.6134317,1.0167649,-0.7008466,0.7859386,-0.5347152,1.9010608,0.72092515,1.3861746,-0.8820318,0.531998,0.8400721,-1.3245081,0.0987618,-0.98840857
127,-0.82633185,-0.21963811,0.23521703,-1.2444689,0.6486181,0.49049422,0.53224367,0.33184358,0.12863553,-0.8042472,-1.334658,1.0841174,2.1522796,-0.3181219,1.715809,-0.6997126,-0.26054054,-0.83866954,0.05302629,0.10198544,0.6389189,-0.942779,-0.99115956,0.11225891,1.9554815
128,0.098754644,0.20048618,-0.058238752,0.3668561,-0.34085757,-1.2881222,-0.3178541,-0.18152738,1.5195956,0.67051584,1.3083942,-0.31803972,-0.10560405,0.57783216,-0.061656192,-0.74863005,-0.34674716,0.7644264,-0.39088148,1.2760298,-0.7064116,-0.65555346,1.4511046,0.89991283,0.5766947
129,-0.3655244,0.14948916,0.02096757,-1.2186995,-0.58559453,0.68105984,-1.022706,1.348244,-1.0323687,-0.9069212,0.03781444,0.7555326,0.6014799,1.9622462,1.5530602,-1.4959449,0.30358577,-0.0017613769,0.112959445,-1.837344,-0.10647941,-0.30831063,-1.7039825,-0.223068,0.9405186
130,0.11372638,0.09271884,0.08492927,-1.245548,-0.20634013,2.117309,-1.0299256,-0.7210442,0.21127653,1.2488551,-1.4919205,0.80405647,-0.620738,0.93739647,-0.25140664,0.38956904,-0.8392743,0.2521881,0.8262806,1.4933016,0.7144656,0.77070147,0.051415205,-1.5346258,-0.082508564
131,-0.21293616,0.74948883,-0.9812458,-0.2715931,0.28763232,-1.3421751,1.3247373,-0.9983523,0.29685652,-0.023904331,-0.3613441,-0.12686923,-1.1646502,-1.6535053,-0.4980621,-0.46815634,1.8404438,-2.852735,0.6127387,-0.46107808,-0.17014065,0.65725833,0.3238467,-0.33686483,0.103420496
132,-0.6062833,0.3577578,-1.1734943,-0.47728157,-1.794609,-0.943774,0.16528326,-0.9135605,0.5913718,0.68586105,-1.1237543,0.89204603,0.077215075,0.3282743,1.3074309,-0.48093408,0.27731085,0.29396057,0.3348688,-0.26294982,0.096144915,-1.070267,1.6415603,0.67614174,-0.6664369
133,-0.032252908,0.32617378,0.8818579,-0.73636866,-1.264037,1.2379035,0.6637059,-0.44791913,-0.5279499,1.3446085,1.497448,-0.2289878,0.54051435,1.3411355,1.0479041,0.6835358,0.62164795,0.09305978,-1.1684897,-0.4414902,-0.8057494,-0.069720745,1.3645028,0.24122787,-1.4240932
134,1.2559103,-1.0811054,0.19992897,0.38000894,-0.32226574,-0.10750091,0.4359756,0.89148694,0.8052335,0.44748217,-1.197071,0.46654737,2.4379845,-1.3896127,0.112069145,0.4597894,-0.0068084,0.76339835,-1.3063371,0.006024018,-0.010461211,-0.53985924,-0.7510265,0.52728677,0.48321366
135,-0.0004492998,0.074683666,-0.734749,-0.4093125,1.5204257,-0.2103742,-1.1178424,0.65180945,-0.4360924,-0.5585858,0.3040762,0.033536345,0.74838096,0.5684255,0.3880998,-0.052025974,0.7367337,-0.1279943,0.5150829,0.9353006,0.64448404,0.37739265,1.5134189,0.54610014,-0.15658212
136,-0.040816426,0.39207745,0.24986517,-0.88465834,-0.5386295,1.1734276,0.76947004,1.1675549,0.8418094,0.4243825,0.9438507,0.36083335,-0.19603562,-0.2491225,-0.8180021,1.3210689,0.1787231,0.5798468,-0.79305685,-0.41206455,0.8292223,0.50349313,1.3234894,1.0745041,0.10769558
137,-0.15389955,-0.07321787,-0.46348754,-0.11230874,-0.0063393414,-0.5669153,-0.9336775,0.26448637,1.3684015,0.41446173,0.26643795,-0.6352632,-0.0020816326,0.58570904,0.86887205,0.30633736,0.02294314,0.48363203,-0.42140374,-0.30028132,-0.40437004,-0.9054757,1.5985539,0.91896987,0.29828787
138,1.2972137,0.74543595,-0.46226028,-0.09901643,0.37407893,-1.0844557,0.21613604,-1.178781,1.0232723,0.009038093,0.33261865,-0.9661893,-0.29576683,-0.3501315,0.036295414,-0.56890833,0.9028187,-3.0174208,-0.60317165,-0.048790984,-0.15173349,0.34833997,-0.13868439,-0.08044958,0.069193244
139,1.0033712,0.8075986,0.24566728,-0.29659557,-0.49936503,1.2350551,-0.15954953,-0.65016997,-0.77830845,1.3823897,-0.5443451,1.5057251,-0.47722483,-0.28176868,-0.7178626,0.31341934,0.6612432,1.8761806,0.15212548,1.6865947,-0.5676568,0.668212,-0.52002776,-2.013473,0.19314516
140,1.684435,1.5927517,0.37769544,-1.3593416,1.3984816,-0.3487397,-1.1013396,-0.69906354,-0.325705,0.19031219,-0.92048854,-0.046995655,-1.5668442,0.44684404,1.4083972,0.08929372,0.032396317,3.1621182,-0.15293524,0.96309125,0.7890359,-1.4306073,-1.1082128,-2.1635063,-1.657239
141,0.40874338,-0.28435302,-0.9287153,-0.7305603,-0.3482753,-0.54742885,-0.6277315,0.090051055,-2.2194219,0.44798884,-0.10765588,-0.9607704,0.2538848,0.53373843,1.876627,-0.5533459,-0.44314587,0.29999173,-1.3341148,0.54485214,-1.2162652,-0.7544941,-2.1325226,0.800899,1.4123772
142,-1.233187,0.7754955,0.47149065,0.36080217,2.0252814,0.4642319,1.5211563,1.7814025,-0.68590176,-0.34426305,0.02780044,-1.3601272,-0.72485805,0.3267203,-0.77942574,0.45825875,0.37936473,0.057001233,1.016963,-0.17340557,-0.84237707,0.015770078,1.2432475,0.5094111,0.33739007
143,1.835504,0.4865272,0.70249313,1.3387482,-0.06490299,-0.3551549,-0.75854725,-0.64981425,0.068599224,0.004354246,-0.6058592,0.06522447,-0.12527132,0.1612305,-1.1072545,0.120800614,1.2022126,-2.9763708,-0.4583095,-0.13797134,-0.20111817,1.1945536,0.15559065,0.2436173,0.8032476
144,-0.19381714,1.2044039,-0.5858657,-0.124765396,-0.61408645,-0.01709804,-1.1960449,0.23983997,0.036109746,-0.45524892,-0.30346382,-0.6749413,-0.8199184,-1.8451035,0.03761512,0.12599719,-0.5937561,1.3216224,0.28539377,0.416007,1.5777961,-0.4967193,-0.30772257,-2.533839,0.25510228
145,-1.3522325,0.6521318,-0.85471994,-0.5603535,-1.2925668,-0.0044652224,-0.3923192,0.40545413,0.99124026,0.5282936,0.26473325,-1.1679094,-1.3853126,-1.012473,0.52832866,0.1726383,-2.4972677,0.2833743,0.26100773,-0.881886,0.44982958,0.42207414,0.5483854,-1.5014219,-0.9943228
146,-1.4705439,0.41061378,0.74939394,0.8642212,0.9048918,-0.46847233,-0.2988726,-0.14028358,-0.45245638,-1.742669,-0.20404488,0.8775477,0.69079244,-0.4436933,0.25158387,-0.5798435,0.68692005,0.19631577,-0.048408806,0.26115966,-0.46300325,0.41161245,1.5567461,0.08479047,-0.84226394
147,0.39394498,1.0278435,0.079065695,0.09847164,0.54413724,-1.5831615,1.2387934,-1.5820926,0.05662191,0.054794762,-0.0948621,0.24305704,-1.713666,-1.5932679,-1.0440977,-0.121171474,2.3304431,-1.7103488,0.5430824,-0.71197236,0.33314592,0.6376732,-0.15802395,-0.96835256,0.6115012
148,0.094605565,0.3241272,0.8357425,-0.17038274,0.016931966,-0.7003871,-2.0375552,-0.9804205,0.22134554,0.9460903,-0.7194687,0.2044082,1.2286668,0.46195048,0.60602957,-0.4921295,0.6165174,0.2543816,-0.2729708,2.129689,-1.2355995,0.10911775,1.4704831,0.45578003,-0.6102693
149,-0.10753667,0.7851248,2.3030627,0.84950113,0.22508013,-0.8785236,1.0499418,-0.42567158,0.21202922,-0.96869427,0.19953233,0.8442547,-1.0069597,-1.5274316,-0.71266735,-1.3900948,0.061238647,1.1823227,-0.78046215,0.38020298,-1.0183291,-0.26826942,1.3775845,1.0343876,-0.49857974
150,-0.64409566,1.2365494,-0.8196254,-1.2746966,0.63752747,0.38309205,-1.3498243,-0.13899249,-0.3023492,0.2530003,0.16036952,-0.059938014,-0.2571193,-1.6204231,-1.6672869,-0.6340419,-0.80661637,1.3752644,0.30706072,-0.4497885,0.5898304,1.0791614,0.041482568,-1.9150733,0.7086679
151,-0.93417215,1.566071,0.7425842,-0.121135235,-1.1368825,-1.4228699,-0.7575887,-0.04335481,-1.781568,1.2340331,-1.0730568,-0.17715825,-0.11632764,0.26833934,1.4751618,-0.25706375,2.1280777,0.9717904,-1.1049409,0.1175196,-0.9069266,0.06771797,1.2381644,0.9378929,-1.0831864
152,0.33861685,-0.3108989,0.0396686,0.3673501,-0.13799468,-0.6512412,-1.0275289,-0.2605151,-0.1268925,-0.5604032,-0.6785052,-0.31990188,0.7133633,-0.5739058,0.601423,-0.79940456,-0.24097407,0.5531475,1.3913496,-1.2398831,-0.49429178,0.43680435,1.5662967,0.39239144,0.645162
153,1.1548113,0.61570096,-0.36115727,-0.7415762,-0.3017128,0.97296166,-0.8618919,0.98494023,0.6119039,-0.02027728,1.3709021,0.37524796,0.7767821,-0.31773245,-0.9823334,0.20745516,-0.33208877,-0.42656222,-0.67157304,0.11893496,0.14350814,0.68212277,1.396266,0.2054472,-0.86499715
154,0.9114126,0.6374607,-0.1551033,0.9275037,-0.51447684,0.11702038,0.722601,-0.41693723,-0.3457527,0.65630543,0.51975983,0.07902651,-0.5560224,-0.23735148,-0.3334312,1.1625229,2.0089285,-2.893995,-0.48613712,-1.2709498,-1.0797296,-0.94423425,0.19485736,-0.43506253,0.094299555
155,-0.6457343,0.40389252,1.0865084,-0.41818976,-1.0092391,-1.50394,-0.7950465,-0.49801838,1.5042703,-0.5570345,0.8549982,-0.44225526,-0.07550955,-0.2142942,0.38139027,0.5638341,-0.041131377,0.6534644,0.1371761,-1.0318434,-0.16151088,-1.345417,1.6281326,1.359616,0.08989632
156,2.01067,-1.805511,0.022162475,0.082172394,-0.7089572,-0.7486564,-0.83545303,-0.15262043,-0.3035987,0.43392956,1.0163517,-0.5415739,0.27135837,2.2447793,0.492469,-1.0825965,-0.31735033,1.2881362,-0.175513,-0.35663655,-1.120626,0.05931449,-1.5692838,0.13099813,-1.1224654
157,3.0835738,2.354691,-1.384139,-0.743397,2.7707715,-1.469585,0.2670911,-2.601305,-0.10456836,1.7576506,-0.1741058,2.5904531,-1.0507014,3.232555,-0.31810164,1.8107508,0.91121817,-1.8269093,-1.3431162,2.1728683,-1.9397482,-0.02820003,-0.6714344,1.4354308,0.023765564
158,-0.7262871,1.3326871,-0.19509229,-0.037852287,-0.8214849,0.91169214,-0.44499734,1.4211267,-0.18034035,0.068782546,-0.19500783,0.2705639,-0.027093649,-1.1683552,-0.5499549,0.43543768,1.3095026,-0.22435138,0.18689758,0.4692264,-0.45324188,-0.04732567,1.4693062,0.77012205,-0.27248693
159,0.8079595,1.8362961,1.5711601,-0.719167,0.20586915,-2.099575,0.3110922,-2.1204853,0.69972324,-0.08060081,0.86881334,-0.4291365,-2.451677,0.1470564,-0.18968564,0.4327712,2.874377,-2.423439,-0.9060398,-0.21904838,0.12761563,-1.2906108,-0.83842695,-0.0075843334,0.2533275
160,0.6404484,-0.20180786,0.914239,-0.0636127,-0.50723314,1.9203752,-2.0228262,0.7045986,-0.76777995,0.44087085,0.16443026,-1.4349352,-0.23236513,-1.0299835,-1.7712624,0.5939599,-0.06904423,-0.48354754,-0.330165,-0.41390532,1.0635539,0.38161427,0.9956993,0.24731278,-0.95529675
161,-0.4737196,-0.85417414,0.10343099,1.1672041,-0.28746298,0.8177784,0.28421372,0.8847596,1.5009708,-0.7771503,0.055814803,0.14379977,1.815449,-1.1398753,0.55747163,0.54811716,-0.23217523,-0.65948594,-1.3707167,0.44855347,-1.1174047,-0.19516554,-1.3542134,0.27025676,-0.67309976
162,-0.662637,0.18153691,0.9285387,-0.98019123,-2.1520092,-1.4575686,-0.5235703,-0.3957138,0.2415855,0.24113503,-0.8059319,1.2177469,0.40513062,-0.39346057,0.43347022,-0.09880322,1.4888039,0.6181422,-0.116687536,0.51476705,-0.33994013,0.7474982,1.4973768,0.9181733,-0.50523186
163,1.0888476,-1.5561755,-0.023495682,0.5950626,0.048022076,-0.9671174,0.047278583,0.64621484,1.2221224,-1.3986707,-0.972316,-0.43275827,0.003004551,0.101572454,-1.1359159,0.040508747,-0.17142236,1.0572066,-0.0071379244,0.4722757,0.16132599,-1.0177424,-1.2260703,-0.007924795,0.6114439
164,-0.375754,0.44901967,-1.0149812,-0.03667617,-0.34995443,0.6329612,-1.3990326,0.8710986,1.5241921,1.2443124,0.99719995,0.2542262,-1.0866883,1.2513537,-0.5008421,1.0901524,0.0622555,0.17537802,0.8822075,-0.16068819,0.23754638,-0.28702623,1.2483017,1.1883636,0.14354086
165,-0.21208847,-0.4517312,0.7312976,1.190112,0.8057977,0.80064493,-0.076284885,1.2983088,0.18691778,0.10843608,-1.127107,0.9040681,2.3781772,-0.3684792,0.42363012,-0.1352393,-0.23931468,-0.8097853,-0.8159136,0.1669178,-1.6498935,-1.204936,-1.4653195,0.99296045,-1.5502846
166,0.2701527,2.0265822,-0.6526288,-1.2404704,1.4749633,-0.43264273,-1.5558939,-0.79903626,1.174402,0.5206802,1.225569,-0.36643195,-1.7341826,-0.20508367,-0.6293987,-0.07895416,0.01031971,2.2735674,-0.6562555,0.021452844,0.02112943,-0.55164474,-0.59001017,-1.8092684,-0.7239485
167,-0.17606473,-1.1874163,0.4300741,1.340578,0.7269187,-0.34943113,-0.1115585,1.7679578,0.08387804,-0.22581531,0.24079347,-1.0523738,-0.2706225,-0.7507515,1.9810554,0.39021838,1.1924932,0.65155953,0.30874795,-0.8999536,0.2044797,-0.5791285,-1.6186327,-0.34986198,0.08934021
168,-0.3916626,-1.3889151,-0.57516915,0.026049614,0.6146331,-0.4999232,-0.14262253,-0.14819056,0.004846394,0.004752624,-0.5060076,-0.02980195,0.6481147,-1.7015688,0.16168419,-0.18432838,-0.46088803,0.28973973,-0.18788253,0.58999693,-0.112579286,0.7515567,-1.610226,0.56734324,0.5710343
169,-0.75000453,-1.2146573,-0.9114216,0.83205247,-0.45409453,0.3034791,-1.3452835,0.25683683,0.23722577,-0.44872525,-0.4464962,-0.35414946,0.829688,-0.06948948,0.47813267,-1.0695139,-0.4296798,0.5702978,-0.37495515,-0.62599325,-0.8813191,-0.37295178,-1.31363,0.5928755,0.5735427
170,1.9031073,-1.8031865,-0.13524202,-1.4344051,0.07148883,-0.43812922,1.1781404,-0.51085305,-0.18231893,0.21420757,0.8019007,-1.0326151,0.4600762,1.7961223,-1.1514721,0.25691795,-0.43473232,0.58347064,0.5362047,0.9754739,-1.8198487,0.037323296,-1.5656406,0.9944513,0.17602146
171,0.5728724,1.0889497,0.006573051,-0.24433565,-0.8439238,0.23509783,0.040654957,-0.99186563,1.4568748,0.8903092,0.45546484,-0.68487054,0.15794528,-1.2332746,0.23461032,0.32450855,-0.44823724,1.3819582,0.5304153,-0.5061941,0.23403174,-0.4312676,0.13666725,-2.1047375,0.7240391
172,-0.16848671,1.2795589,-0.7675752,-1.0549543,0.6389134,-0.104249686,-1.5851264,-0.44710743,1.2523673,0.02646352,0.7643463,0.5392155,-0.073920846,-1.1432409,-0.74058044,0.31439316,-0.22485745,2.1745334,0.1488713,-1.8588701,1.1404269,0.0007433295,-0.13545954,-2.2333682,0.2857567
173,2.1472523,1.8777606,0.37818635,-1.7597499,-1.6233433,0.72823405,0.76187927,-4.3559885,-0.34426004,0.14965402,1.9809113,0.67639333,2.8472533,0.8181805,-1.0100951,3.6035156,0.7636975,0.847843,3.5489507,0.5513059,-1.2219303,0.6039069,-0.28761292,2.0182593,0.2198987
174,0.0798893,-0.15888917,0.8566232,-0.468776,1.4661919,0.08707151,-0.0041460395,1.0969998,-0.43750337,-0.773179,0.093698025,-0.7459231,0.16817224,0.23867112,-0.24624813,0.14407754,0.8754897,-0.062364697,0.2868805,-0.073160455,0.109737575,0.16034436,1.4102124,-0.47510374,-0.006919384
175,-0.23467326,1.2064083,0.743418,-0.62801695,-0.31491566,0.3732467,-1.4981711,-0.8498106,0.2907883,-0.6270015,-0.39153045,-0.48000288,-0.5049243,-1.392941,-1.1169344,-1.1874756,-1.2483908,0.9410761,-0.79552597,-0.18923898,0.011847943,-1.0285681,0.014615893,-2.052218,0.7698244
176,1.6716167,2.7285924,3.077808,-2.082106,1.9941392,2.7091758,0.9608359,-0.85846686,-0.4324967,2.2219493,-3.6145453,0.37895322,-2.9811103,1.6789844,-1.8438863,2.9650831,-2.1718106,2.3106244,1.7033125,-1.3721951,-3.0305128,-0.52146935,-1.1572691,0.97943044,-3.5902228
177,-0.53267336,-1.8641216,-1.9243559,1.2610729,-0.082772195,-0.60383546,-0.56945646,0.00601995,1.0029973,-0.29939398,-0.113588214,0.05930423,-0.99844956,0.59738725,-0.5504613,-1.1535705,0.78414834,-0.15257049,0.28365314,-0.09434213,0.024167687,0.7582769,-1.612074,1.2732337,-0.13391066
178,-0.05377972,-0.2811135,-1.4389299,-0.4241736,0.045628116,0.04517016,0.20422095,0.64160776,0.6803795,-0.46762958,-0.7452636,-0.30704838,0.45797527,-0.18405586,-0.0031847507,-0.33738482,1.4047496,0.2936579,-0.87350726,0.9222959,-1.1099944,-0.083144635,1.5058931,-0.07136822,-0.60226464
179,-1.271373,0.17978573,-1.6566027,-0.13676214,-0.60607344,-0.77188504,-0.41237444,-0.96128106,1.1817594,-0.13759029,0.088104725,-0.73033077,0.53813136,0.4187941,-0.25320274,-0.10398066,-0.022586226,0.621556,0.7079073,-0.41272214,-0.85924953,-0.6048948,1.701072,0.63732576,1.1462852
180,1.8640351,-1.3001614,0.09945029,0.26892388,-0.4859078,0.5887577,-0.3943311,0.030048072,-1.2342286,1.2426728,-0.44508636,-1.4304242,0.787814,0.5073063,-1.0101944,1.1165332,-0.19123638,0.07379907,0.10555887,1.5457828,-2.3563044,0.5048438,-1.1773478,0.23340201,1.245383
181,-0.4611795,0.8639288,-0.42849746,0.40706158,-0.13836119,-0.99795437,-0.94344866,-0.2916826,1.7462602,-1.1737247,-0.33604997,0.80487925,-0.5410135,-0.39332622,0.43174708,0.97007287,-0.1922065,0.51187676,-0.39433828,0.041544646,-0.96509457,0.6586091,1.5313809,1.7013032,0.46460903
182,-0.34900343,-1.9325451,0.8410895,0.9489678,1.048213,-0.25315425,-1.6558912,0.24508238,0.018726826,-0.077864625,0.55238944,-0.82890993,0.4173342,-0.37815762,0.23194805,-0.8556641,0.9494746,0.5184273,1.1875308,-0.32327124,0.3507436,1.1069882,-1.1883866,0.60921335,-0.704792
183,1.2993678,0.5178406,0.7775598,-0.87012935,-0.66897595,2.325782,-0.22939241,0.53660464,-1.7664325,1.0266174,-1.9285975,-0.011899784,-0.76054454,0.20622247,-0.87946236,0.45111787,-0.06495869,0.8204972,2.0235925,-0.17556608,-0.48740777,-0.11974776,0.6052269,-0.84755754,-0.16277814
184,1.4116307,0.21039677,-0.82523495,0.29021752,-0.5174559,1.8646966,-0.18664026,0.7185776,-0.4812884,0.71953267,-0.13921064,0.60426706,0.02640438,0.8751821,0.10575452,0.42373288,-0.5957878,0.70237297,-0.3885718,0.4507645,0.0014025271,0.079500794,1.210755,0.5607834,0.5129335
185,-0.4618026,1.6687543,-0.0006481558,-0.17046857,1.3168342,0.8198177,0.79812425,0.50704235,1.2721164,-0.39030808,0.15381265,-0.33653486,-0.6727922,-1.0688154,-0.5530249,-1.20931,-0.95367336,1.087461,-0.93298864,-0.31978452,0.07913035,-0.10460225,-0.35552907,-2.5081522,-0.54729915
186,-0.4819696,-0.8544425,-0.5429001,0.656561,1.1722505,0.559344,0.73918265,0.7065559,0.3865478,0.5574608,-1.0864595,-0.5166435,2.0446188,-1.6283178,0.7148732,0.659004,0.20030367,-1.222203,-0.32833183,0.15778726,-1.3430423,0.7201111,-1.0692374,0.1740346,0.034745693
187,1.9565852,0.5446582,-0.073717244,0.5992904,0.8595949,0.05830145,-0.5539744,-0.7038398,0.29182005,0.6676437,-0.32272053,1.4763007,0.67767453,1.8732715,0.4011215,0.499313,0.43794894,-2.2859938,-1.2758389,-0.09803599,-0.2878326,-0.4059423,0.6241909,-0.086134434,1.1144977
188,1.2386929,-2.1480114,0.42772457,-0.38065076,-0.19507343,-1.1058974,-0.6516808,0.15399873,0.2433641,-0.8848634,0.5318654,-0.93967825,-0.37414742,-0.04220122,-0.24551377,-0.29509974,1.8264658,0.717413,0.42361748,0.017167136,0.46349728,1.1172223,-1.434198,-0.03519559,-0.9488604
189,0.48575306,1.0991373,1.0250738,0.70522237,0.01642625,0.09386632,1.9348452,0.7995512,0.60046124,-0.9394434,-1.1580265,0.8339661,0.29612243,-0.5109726,-0.48112324,-0.33313692,0.2481339,-0.022573054,0.7402116,0.67395365,0.70397925,1.2956777,1.4085592,0.02342987,0.33403456
190,0.45505178,-0.1252824,0.46040416,-0.3005221,1.0913274,-0.8972269,-0.45958894,-0.26119614,0.051411986,-0.1093685,0.11193359,-1.4460509,1.0906634,0.40630716,1.1962892,0.4881996,-0.27882034,0.599894,0.15457994,0.56065035,-0.44716004,0.042543054,1.5057299,-0.23384464,-0.20564437
191,1.0042373,0.8577235,0.13675235,0.7460513,-0.96273756,-0.16077438,-0.16928363,0.06707078,-0.8269531,0.011259462,1.1840947,-0.376781,-0.87622166,-0.5741371,0.60086477,-0.5137128,-0.53766227,1.2448256,0.35252476,-0.17613715,0.05286771,-0.1105192,-0.22343242,-2.889816,-1.133812
192,-0.2922628,-1.2485173,-0.39916366,0.72016454,0.018830448,0.9767771,0.45325094,0.33581033,-0.98758286,0.108720936,-0.8039124,-0.8428212,-0.07368934,0.376036,0.32168847,-0.4269008,-0.6634213,-0.6690929,-0.57617307,-0.40595442,-0.6948293,-0.270216,-1.2315842,0.79005027,1.3292933
193,-0.3364352,0.03290963,-0.36481085,-0.86651874,-0.8582388,0.35612652,-0.4038443,-0.617038,2.1114137,0.6447055,-0.4146858,-0.2622475,-0.014554739,-0.5725878,-0.7706597,0.21879244,-1.1016233,0.33813184,0.38890064,-0.9273193,1.2866876,0.21698523,0.52035016,-2.244137,0.48878384
194,-0.60522866,-0.032126665,0.12733921,-1.2275205,-0.33075374,-0.5648391,-1.3127311,-0.38010454,-0.4155647,-0.00046982057,0.994461,-0.33938807,0.3392781,0.6011552,-0.2908919,-0.3800506,-2.6273446,-0.7340721,0.31230056,0.20755866,-1.651015,-0.27606592,-1.3757514,0.11635661,2.3754666
195,0.68223447,0.8219309,-0.15216964,0.5867535,-0.23966253,-0.48896644,-0.22862387,0.48752755,-0.7039731,-0.43725818,0.30049306,0.38482696,1.2065871,-0.02463317,0.7088976,0.55718935,-0.40043128,0.26516885,-0.30004334,0.9738308,0.12058681,0.57806545,1.4717624,0.37765884,0.048481464
196,-0.13050854,-0.39856076,0.40694916,0.1282711,-1.0066961,0.19017927,0.0032235384,0.67341477,0.7377671,0.9508107,0.58635,-1.175054,-0.42468882,-0.18831038,-1.2389234,1.473735,-0.5333112,0.6639647,0.011933476,-1.7203046,1.0266596,-0.93904775,1.419731,0.93066096,0.296713
197,-0.5935315,-1.8148175,0.2545459,-0.60254526,0.03811547,-0.7638458,-0.86195606,0.97983676,-1.2021034,-0.7981185,0.5588319,-1.7401564,-0.4601431,0.5072978,1.7978867,-0.9127191,1.60116,0.3338669,-0.49250212,0.17619178,-0.40097523,-0.6498313,-1.2954224,0.10595989,-0.57196116
198,-0.65877867,0.08700466,-0.19630411,0.1993339,-0.49464577,1.0332094,0.59753734,0.95901155,0.8828012,-0.80638766,-2.4363086,-1.263328,2.2702277,-0.9726869,1.2226768,-0.5616977,-0.80470234,-1.0403162,-0.16080242,2.3672855,0.88224256,0.42386812,-1.1770536,1.2111423,-0.37958026
199,-0.030525327,1.3641372,0.22586256,-0.92011714,3.048318,-1.3178966,2.8351307,0.38777763,-1.1140904,-0.8384503,-2.211626,-0.29464215,-2.0735693,4.027634,0.6295661,0.34771526,-0.55042285,1.0474081,-1.5590395,1.4477315,0.10182977,0.8676807,0.19677544,0.7440605,-2.7041407
200,-0.38755763,1.3135946,-0.11450904,-0.5446651,-1.0165688,1.4200269,0.28005105,-1.1477344,2.0813675,0.7851129,-0.50288886,-0.33742434,-0.89145994,-0.74962866,-0.18435618,-1.4605964,-1.2474176,1.0105901,-0.30265993,-0.8504927,0.4400978,0.6878738,-0.18063378,-1.6803114,0.346905
201,0.46788937,0.23454523,0.63660574,-0.8969395,-0.05774471,-0.23405424,0.43982702,-0.743695,0.6515871,-0.49593258,-0.1612404,0.86483806,0.29851985,-0.771561,0.23698446,-0.33419842,-0.020340443,0.32943344,-1.0191237,0.6990751,0.5122949,0.50224894,1.6701579,1.147815,0.13913369
202,1.7761737,1.2359788,-0.5038194,0.39499295,0.87725043,-0.6941006,0.040228724,-0.73216856,0.38972247,1.496289,0.22380477,1.3915441,-0.29965663,2.0516682,1.4529356,1.6075803,0.94195056,-2.3305826,-1.3329401,-0.8211601,0.25829977,-1.6712971,0.0067226887,0.7765546,1.2429368
203,0.3145758,-0.14410889,-0.043846674,0.15458012,-0.9293051,-1.1511496,1.2262025,-0.34313,-0.30056995,-1.0284482,-0.43609375,-0.2765612,0.46685588,-0.98341066,-0.24425179,-0.33329582,-0.22080928,-0.060077965,0.42719567,-0.82103086,-0.11940321,-0.60586387,1.5820012,0.16947913,0.0449028
204,1.3383516,-0.14003158,0.5142001,-0.46836972,-0.313895,0.8818047,-0.020927966,0.41882023,1.1355454,-0.67704445,-0.008529425,0.42588788,1.0242043,1.4250014,0.4515385,0.7538003,0.1613977,0.4185092,-0.29335445,0.7819048,-0.43507776,0.410249,1.4546102,0.5914886,-0.24795151
205,0.28633213,-1.6808627,-0.5347112,-0.26732898,-0.6256662,-0.6112447,-0.7690307,0.24427533,-0.47221467,-0.24190454,-0.64431995,-1.0444051,-0.6726749,1.0701008,-0.27424034,-0.132438,0.37982512,1.0590396,-0.77610314,0.70314825,1.0875599,-0.14310634,-1.8463415,0.87011933,-0.13813424
206,-0.28599477,-0.023764133,-1.1946309,0.29517937,-0.28025556,0.9319098,0.13973957,0.1864258,0.30633652,1.5249443,-0.8862444,0.6557254,-0.03100288,0.50988513,-0.18376502,-0.6224037,0.7733916,0.17730433,0.79336846,2.0654554,0.4890951,-0.6158025,1.5148582,0.7586117,-0.087659836
207,-0.6878407,-2.0887816,-1.0656108,0.16571403,0.3496461,0.7367748,-0.3166992,-0.8377868,-0.7669081,1.4430248,-0.9179125,-1.2662909,-0.62649155,0.93382853,0.2111068,-0.45480925,0.6982682,-0.09394294,0.51943797,-0.058686256,-0.0019661784,1.0200548,-1.881919,1.8109052,-0.34725595
208,-0.8381133,0.025996685,1.1468949,-0.33470607,-0.06749475,-0.75939536,-0.24261999,0.29597834,-0.5731123,-0.3084387,-0.26450586,0.5752906,0.28443837,0.27353472,0.08194846,-0.3918249,0.035686255,-0.051032603,0.7442275,-0.14776576,0.6602496,0.680257,1.4658704,-0.124769926,-0.53916454
209,0.6375008,0.46836805,0.6924557,1.0922222,-0.086262524,-0.4990535,0.80397576,-0.9167335,1.1970618,-0.9691379,-0.9281487,-0.68421257,0.21400797,-0.67069775,0.33275115,-0.5127078,-0.5569535,1.1432359,-0.15039158,-0.0023025125,-1.0813426,0.16619325,1.5975937,0.40199828,0.16486907
210,-0.33705235,0.3791554,0.06777121,-1.3429103,-0.1800763,0.29688329,0.6737583,-0.15374315,1.6267455,0.4340019,-0.07573593,0.19858453,0.7477439,1.8425925,0.096736535,1.4003934,-0.40568417,-0.5434919,0.7944343,0.26562598,0.57444954,-0.920061,1.3983308,0.54516554,1.2693795
211,-0.95670986,-1.0506421,0.04229232,0.8566575,-0.30679506,-1.0785186,0.45274335,0.16416097,1.582833,-0.8136246,1.9905322,0.38210964,0.093753934,0.67655617,-0.55585206,1.8939637,-0.6138357,-0.050032914,-0.4798663,0.491594,0.26300406,-0.30470493,-2.231244,0.25507092,0.59291303
212,-0.34534872,1.0083084,0.50318694,-1.0274212,0.008785725,-0.27701536,-1.3412831,-0.58463216,-0.52809745,-0.032755237,-0.57049656,-0.77599704,-0.44952202,-0.7225706,-0.7057011,-0.23280281,1.5495958,0.67328745,-1.9461958,0.6494982,0.24976546,1.0889964,1.535115,0.02502489,0.12759006
213,-0.82665014,1.5415459,-1.634731,0.2661574,-1.0501034,0.53120506,-0.13240921,0.72382116,0.031856656,1.1000816,-0.98275244,0.14214021,-2.3218706,0.16077656,1.3839927,0.606704,-1.4169871,1.4318285,-0.35705706,-0.5011886,0.6344756,0.3531857,-0.55845034,-1.8623402,-1.6913481
214,-2.6664853,-0.26081133,0.76498735,-1.1274679,-1.0805887,0.846719,0.065298855,-0.34197748,0.22834182,1.318637,0.56739587,0.10975694,-0.59212446,1.3737695,-0.79160607,0.46134508,0.97624445,-0.53675,-0.29104114,-1.6621265,-0.42144826,-1.854536,1.2688845,-0.008841276,-1.2059245
215,-0.32809448,2.3625517,-0.40404356,-0.99897766,0.8766332,0.8548416,-0.49526966,-1.003326,2.2490492,0.37214983,0.64623874,-0.21396248,-0.66611576,0.21546465,1.1413543,-0.72669077,-0.62104493,1.441345,-1.1241171,1.2072579,0.6025075,1.0178552,-1.0518552,-1.7386864,-1.1361961
216,1.4857519,0.08565521,0.95618325,-0.6170671,-0.46930468,0.8818065,-0.42825174,1.4943923,-0.2835616,-0.07022278,0.2335965,-0.36687863,-0.3297286,0.25261134,-0.36258975,0.9746622,-0.3177033,-0.2001167,-0.089246005,0.24412027,1.5653287,-0.29607868,1.2852063,0.12189865,0.87518847
217,1.5068433,-1.0319383,-0.26985976,-0.3550923,-0.48474884,0.5694102,-0.4610584,1.4792547,0.999822,-1.1386043,0.033196867,-0.9115402,1.2200711,0.2503925,-1.0265263,-0.7488639,0.5612011,-0.15360692,-0.04721442,0.10403006,-1.0505974,0.89452845,-1.6825753,0.19098759,-0.7799871
218,0.5785706,-1.2228649,-0.35589433,0.10751605,0.691974,-0.6831033,0.19798368,0.5512416,-0.48441774,-1.2990657,0.59231967,-0.7734486,1.6522737,0.613471,0.1399985,0.37752414,-0.019791722,0.16010112,-0.78905535,-0.26011738,-0.90653646,-0.18440643,-0.9509622,-0.2884246,1.7123725
219,0.957112,0.09593558,-0.4177215,-0.6328051,-0.96794474,1.305283,0.3239786,1.0691466,0.43274474,0.08425368,-0.16772783,0.36574918,-0.22568321,0.30486816,-0.23580083,0.24377668,0.5702052,0.78972644,0.85274875,-0.20825194,0.8946532,0.2456137,1.1215762,0.08888292,0.28709328
220,0.14500642,0.08731365,-1.5202289,-0.6494887,0.9805224,0.59778214,-1.1957005,0.5087609,-0.72474974,-0.30691785,0.73496,0.86281407,0.5591581,0.45012516,-0.3904843,0.44740427,1.1123276,0.45375937,1.124233,0.24764931,0.28307545,-0.12200093,1.46992,0.74390936,-0.2302568
221,5.145788,2.6373305,-0.26781344,-0.49584484,-0.29572496,-0.48106083,1.1475871,-0.21163577,-0.075313926,0.18535902,-0.98309517,-0.7376919,0.6438192,1.446475,0.9798826,4.0901494,1.3154416,-0.6454928,1.2214193,-0.72564065,1.4048761,-1.681284,-0.22716331,0.8356898,-0.84800434
222,-0.40235054,1.5182734,0.10249839,-0.84451675,0.4443781,-0.05163297,0.6144195,1.9450642,-1.2830143,-0.72784626,0.12513787,0.09169106,-0.8630762,-0.5652883,-1.0662378,-0.44647294,-0.3134699,-0.28748757,0.10062075,1.0593523,0.13895684,0.22458148,1.2101895,0.6377821,0.61415064
223,0.069350004,0.03229022,-0.6989853,0.08887482,-0.45621526,-0.89399016,-0.47660378,-0.16679174,-0.048906803,-0.65704745,-0.24237001,-0.16428126,0.25024617,-0.5068798,-0.4730024,0.024273515,0.6354737,-0.20785314,0.5353501,-0.4822056,0.49283886,0.7446051,1.5333521,0.05290866,-0.26201034
224,1.4151534,-1.0763978,1.0307196,-0.22580624,-0.78721106,0.7770901,-0.2440573,-0.44943297,-2.2288465,1.2204527,-1.1865621,-2.3363917,0.86851704,0.24623436,0.051138982,1.5549141,-0.19827557,0.53126615,0.27707112,1.8650331,-0.60258746,-0.23715994,-1.4178041,0.93651366,1.3920541
225,0.76453215,0.9756043,-0.10142175,-0.4060564,-0.4261673,1.2126315,1.873256,-0.8489164,2.0754056,1.2187425,-0.03531468,0.38522184,-0.17514586,-0.37181282,0.69880295,-0.7907144,-1.0358928,1.4035258,0.3247159,0.5683652,1.0634893,0.7305117,-0.87507474,-2.0351799,-0.13394547
226,1.6413076,0.3254149,0.0044347346,-0.45743418,-0.12664199,-1.1796286,0.17244202,-0.40499878,0.27914214,-0.035668254,-0.67269284,-0.97936636,1.2932936,1.152503,-0.8381039,-0.22936964,0.8396599,-2.739994,-0.049282998,0.049368948,0.7786379,0.32563376,0.06282365,-1.9437661,0.75873756
227,-1.7333155,-1.3429458,-0.10611909,-0.5715306,0.61101216,-0.68172145,-0.911124,-0.21399814,-0.042447627,-0.55849975,-0.0801183,-0.24421461,-0.74094725,0.8085267,0.30070746,0.0860672,-1.1976255,-0.61865634,-0.66926366,0.2771163,1.0192052,-1.070288,-1.8111078,0.17042851,0.23330462
228,-1.2855377,1.7398789,1.1930293,-1.8431301,2.9644606,-0.7038001,0.9767559,1.1124579,-1.6623871,-1.881506,-2.4467335,1.2910925,-0.98155546,0.8285127,-1.1736289,0.5980017,-1.0897708,0.90526694,-1.4601357,1.352796,0.30563986,-0.28540325,0.9290037,1.0516684,0.27038193
229,-0.118750095,0.24644685,1.3743749,0.9986937,-0.23066166,-0.45285788,1.6767309,1.9779489,0.45677173,-0.89199054,-0.6891079,0.4077626,-0.42914844,-0.20110142,-0.042794973,-0.51647675,0.47026622,0.69768757,0.051187932,1.1111308,-0.20935865,0.119358,-1.9363469,0.64138055,-1.4879572
230,0.12092543,0.109960556,0.4486615,-0.17453074,-0.9825616,1.7559853,-1.0831854,0.40974906,0.5759407,0.08129838,1.1779122,-2.338796,-0.3851571,-0.36393803,-0.3517348,1.0097839,-0.8283533,0.25083244,-1.3353629,-1.1679549,0.8349743,1.1973913,0.87669086,-0.19960475,-0.7702038
231,0.41908044,-0.47792614,1.4638318,-0.30862927,0.23727234,1.2345586,-0.9779346,-1.8170325,-2.409319,1.2658737,-0.62185186,-0.12475635,-0.4486432,0.329004,0.4846415,1.9611536,-1.1172768,-0.6243239,1.2059724,1.6020063,-1.7169789,0.14875686,-1.6154469,0.85389423,1.8845605
232,-0.9375367,1.0205612,-1.4469754,-0.93882537,0.97244513,-0.020768523,1.0402079,0.58655655,0.64261377,0.14006661,0.8973636,0.70576596,1.1088324,0.51777583,0.09361789,-0.26831138,0.60981727,0.03750533,-0.28022337,0.6833391,0.8853415,-0.37792242,1.4233012,0.057966232,0.5395807
233,-1.1276202,0.0012071133,0.49464253,-0.41909313,1.6925551,-0.1807529,0.5448373,-0.084433556,-0.4727605,-0.026040357,-0.46930778,-1.926627,0.61177003,0.5908671,-0.05036004,-0.60525584,0.20569551,-0.48734155,-0.3582175,0.6117492,0.37556195,1.0589995,1.3837537,-0.76566327,-1.5571356
234,-1.4139872,-0.95673394,-0.42685288,0.05687666,0.5835533,-0.8954196,-0.3396058,0.36924043,-0.7310451,-1.8854945,0.0014529228,0.8906665,0.319942,-1.1036236,-0.31726146,-0.4410339,0.20624244,-0.030368626,0.43825793,1.0062155,0.97257805,0.8385909,-1.7378427,0.5675092,0.5753113
235,-0.26460135,-0.99354255,0.19696195,-0.4957211,-0.074264735,-0.28416893,0.30249196,1.3295267,-0.23703384,-2.0446665,-0.41902322,-0.5746568,-0.43533444,-0.24731338,-1.6988662,-1.1592332,-0.049229383,0.8513605,1.1567938,0.17191285,0.31532097,-0.37506866,-1.2647179,1.0178633,0.94536316
236,0.7783489,0.23556042,-0.4239771,-0.96665096,-0.30195534,-0.07917604,0.9704568,-0.16805291,1.2069385,-0.760833,-0.18845361,-0.029384226,0.65596414,-0.09200454,0.666396,-0.9725274,-0.09412336,-0.0663265,0.07984269,0.1627081,-0.088070005,1.0150871,1.5932723,0.19721794,0.45159638
237,-0.022319555,-1.3115034,0.09971176,-0.5446794,-0.9452406,-0.0045955777,1.5410879,-0.20306814,-0.89532703,-0.8961844,-0.12782183,-0.25013387,-0.07016051,0.06775904,-0.9109709,-0.15866232,-0.84973514,-0.40321583,-0.9498417,0.8349081,-0.5896541,-1.4433964,-1.3201247,0.8022814,1.1330278
238,1.4070723,1.3927195,0.4122732,0.77968407,-0.4987265,-1.6606674,0.8684769,-2.0550852,0.30071282,-0.50324523,0.058415532,-1.051623,-1.383951,-0.27990282,-1.1513138,-0.71565294,2.1697857,-2.377539,-1.0218886,0.33343744,-0.25987768,0.76005846,-0.38228214,0.84667444,0.79307973
239,0.20082569,-0.22788548,0.10135545,0.068660736,0.8122791,-0.54919565,-0.098775625,-0.6096947,-0.47197604,-0.6520598,0.5414514,-0.042218164,1.4418133,0.27303702,0.76088345,0.17859316,-0.20287383,0.65672904,-0.50620943,-0.035802156,-0.5107542,0.90545243,1.634825,0.34679317,0.3260653
240,-0.34278893,-1.39558,-0.67257774,1.3966854,0.9928943,-0.3849834,0.20153588,0.5254832,1.9510696,-0.46411785,0.13879329,0.2426433,0.62399447,-0.59642196,0.6926737,-0.7134937,1.4172542,0.35548586,-0.5554013,-0.68589175,0.4059615,-0.16631332,-1.5728265,0.051613808,-1.8066416
241,-1.1954157,0.42629242,-0.077298366,-0.23962307,-1.0058976,-0.8235251,-1.1751995,-1.5616263,1.0218495,0.44626337,-2.109015,0.428039,-0.39728904,-0.038901865,0.8347126,0.8914397,-0.4526741,-0.12736434,-0.45685822,-0.1323704,0.13300896,-0.9466788,1.6018606,1.1848595,-0.6680856
242,-0.61398184,-2.07307,0.20486781,-0.15631843,0.12214661,-0.59180725,-0.7631047,-0.32502472,0.94772696,-0.8464523,-0.8554679,-1.6542463,-1.5134606,-0.006994307,-0.792289,-0.54314625,-0.7353921,-0.0858053,-0.10376033,-0.218025,0.52479607,-0.35790026,-1.7641069,0.23834205,-0.76753736
243,-1.8659801,-1.3769963,0.73141843,0.34561098,-0.11270821,-0.62336326,0.30321425,-0.7491307,0.95756257,-1.5365409,0.58986014,0.10287705,-0.13150036,-0.9018267,-0.49727175,-0.17927504,-1.490334,-1.0711617,-0.08057797,-0.6585672,-0.5849575,0.25007588,-1.1148349,0.31815767,0.937896
244,-0.28913534,0.13212442,-0.0028486997,0.10535741,1.4193789,-0.21189335,0.73445135,0.25141257,0.15607506,-1.070108,-0.18506324,0.21680558,1.5041881,-0.39300722,-0.53203034,0.45902705,-0.07081485,0.39532465,-0.6306009,-0.28198588,0.2658251,0.5566085,1.6591531,0.39600778,-0.012298107
245,1.2140086,0.7286949,0.22858363,-0.18580103,-0.1457294,1.4260509,0.041495025,1.9560639,0.101727605,0.9340109,1.4866741,-0.87440884,-0.6949072,0.8991211,-0.39647797,0.29150963,0.07785261,0.5676338,-0.2024767,1.3847542,-0.8129333,-0.54388297,0.8434345,-0.8980931,-1.4546678
246,-1.0762982,-0.5876235,-0.26271474,0.20327806,0.87872285,1.088773,0.77274543,0.17913932,-1.1239414,1.5346094,0.23004156,0.36571002,0.8947211,-0.6541203,0.037441254,3.9317513,1.0974088,-1.0899103,0.925413,1.6434973,-0.102312356,-1.3069363,-1.897201,0.8775046,0.70258
247,0.74666715,0.783195,-0.66033274,-0.09578824,-0.43852377,1.517064,-0.4809445,-1.7671043,0.49510252,-0.50407374,0.32600242,-0.7850308,-0.72135663,-0.6109351,0.16319124,-0.740698,-0.62177116,1.6014993,-0.11462507,-0.3561811,-0.7125823,1.2988064,-0.58409786,-1.7917509,-0.31898522
248,-0.68068886,-1.3420992,1.8229573,0.6215848,0.9142539,-1.1099877,-0.35129064,0.50782776,1.0878044,-0.47836894,1.1711164,0.19302216,0.36122525,1.290122,0.1287207,0.7400675,-0.9991153,-0.13351953,-0.14303285,-0.72007906,-1.0692576,-1.1399391,-1.2118231,0.12427807,1.1857765
249,-0.087705255,0.47486424,0.36802277,0.19918609,0.805814,0.31927732,0.53727764,1.2611747,-0.755727,-0.86460966,0.39722466,-1.0655224,0.086574316,0.7183328,1.4189649,1.3353738,0.60888696,0.61681134,0.84032047,-0.02911134,-0.63173646,-0.413636,1.3862785,0.560828,-0.56407285
250,0.015644431,-0.48547256,-0.038826115,0.06951022,-0.17076343,1.2435228,-0.62413865,0.2176615,-2.4665213,1.1895797,-0.2942794,1.3557457,-0.9102895,-0.08298093,-0.088730276,0.032573104,-0.24853379,0.04582727,1.1859671,-1.0828824,-0.80084014,0.082068086,0.3224275,-1.9104472,-1.3043551
251,-0.1368829,-0.13429928,-0.6624932,-0.3915236,0.4441797,-0.7513273,0.61016756,-0.25478792,0.031725407,-0.07741471,0.49944395,0.18119662,1.0000403,0.084040225,0.40050286,0.0785377,-0.37086385,0.032693207,-0.62929344,0.022366077,0.079181135,0.4820432,1.615085,0.586087,1.3840348
252,-0.26580703,0.18481112,1.000958,-0.87152743,0.079592355,0.7078494,-0.8874154,0.07473183,-0.7999213,0.22393323,-1.2751601,0.23702748,1.273537,0.0009152293,-0.7211778,-0.045250952,0.13580322,0.2581104,-0.12518969,0.19405803,-0.25312328,-0.11136097,1.5258783,0.1643939,0.03659773
253,0.6289346,-0.30765402,0.0035950467,-0.1525445,-0.937428,-0.597047,-0.22950882,-0.5130904,-0.71419007,-0.2596327,-1.333772,0.05610206,0.6173903,-0.334867,0.17305095,-0.037304163,1.0783343,0.13398254,-1.5331191,0.15698507,-0.36450732,0.3365413,1.5132383,0.12783551,0.02615714
254,-1.7452374,0.7483063,-0.37850246,0.75779366,0.2522492,-0.42135707,1.0359159,-1.7461706,-2.7011209,0.7734218,1.1414332,1.108528,-0.80367184,-0.41002068,1.7372886,5.3613925,-2.3100293,-3.073653,-0.8656986,1.77773,-3.3140864,-2.2415693,-1.512061,1.0026047,-1.3467414
255,-0.5436114,-1.4339726,-0.5844653,-0.7255819,-0.30298784,0.047708303,-0.28309447,0.56897366,0.2005322,-1.0827683,0.8428268,-0.3595031,0.779031,-1.3741815,0.052942537,-0.026697397,-0.6169983,-0.19168171,0.0031645894,0.06672874,0.36767685,-0.85113,-1.3142463,0.39756894,0.28484714
256,-1.0921235,-0.71807945,-0.24387473,-1.5726247,-0.2733641,0.23047283,1.0786464,-1.6788634,-1.2228875,-0.8473291,0.4850821,0.52465045,-0.50246596,-1.5388083,1.8268768,-1.2327743,-2.6703787,-1.069648,0.09906316,1.259489,-1.2638772,0.21037298,-1.6021498,0.8064382,0.9317771
257,-0.65858626,-0.005236149,0.2265526,-0.32747364,-0.23525333,-0.15778145,1.5056024,0.8011175,0.40732443,-0.36541668,-0.6210135,-1.1469604,0.63644576,-0.42611554,-0.1329743,-0.73270524,0.036060095,0.77839965,-0.90856063,-0.49905148,0.5566577,0.84299475,1.4496194,0.6552479,0.59577477
258,0.5442595,1.1783566,0.29471633,-1.6219115,0.8553899,0.419702,-0.9090555,0.0016723871,-0.3314572,0.37490863,0.5371297,1.6284196,-0.4530866,-1.2460357,-1.1403604,0.4147129,0.045660377,1.8424616,-0.6316247,0.15450966,0.16451645,0.5716874,-0.08549309,-1.9311483,0.32006478
259,-1.2733207,-1.4554924,0.82024395,0.31920707,0.10749755,-1.1447908,0.30637592,-0.20506555,0.75706244,-0.5800483,1.6632288,-1.1106027,-0.06311762,-0.09979218,-0.6710452,0.55270624,-1.4356169,-0.0049723387,0.66707027,-0.099003375,-0.44975528,-1.2624274,-1.6670884,-0.110673904,0.96687365
260,0.3740872,1.3288147,0.43303806,0.28772664,-0.1537861,-1.1569694,0.8999937,-2.1605802,0.47265792,0.013085683,0.69668764,-0.15533938,-0.6469784,-1.6567721,-0.29067588,-0.036259532,1.5881889,-3.0291164,0.48831117,0.99886537,-1.4241753,-1.0092013,-0.18081653,-0.12994504,0.4215424
261,-0.57775795,0.66214776,-1.1469691,0.51681423,0.6133511,-0.49594525,1.0949285,-0.16811007,0.70117867,-0.8936014,-0.47292092,0.7032531,0.9292786,-1.1134511,-0.47877845,0.101385236,0.04021573,0.6720143,-1.159004,0.10338315,-1.0325581,0.25001037,1.5402617,0.9140191,-0.2268467
262,0.2970264,-0.91634953,0.31690538,0.82528067,-0.31140262,1.0173807,-0.8038216,-1.5761608,-1.9387081,0.996653,-0.106894016,-2.4412313,0.44853508,0.40510887,-0.9177512,2.2586188,-0.086877346,-0.9454065,1.1377088,2.4471178,-0.5585418,0.42098236,-1.1642503,0.8552978,2.1391475
263,0.58289003,1.5565493,0.73935217,-0.33377242,0.98449063,0.09458095,1.260612,2.9703512,-0.119118094,0.13023464,0.8776203,1.0092064,0.21349192,-0.5465144,0.13988745,-0.46606058,-0.11218715,-0.13709277,-0.71808183,0.17866686,0.069609344,0.005416751,0.95552313,-0.41400588,0.63029826
264,0.027125478,-1.5883124,0.9967559,0.2680099,0.74570256,-0.25260785,0.72367376,0.5038713,-0.5778816,0.56108963,1.994304,-1.5904785,0.97877026,0.3758201,-0.6543298,0.46343207,-0.5069057,-0.19285867,-0.80671746,0.42203972,-0.82633257,-0.7536681,-1.0752445,0.7541902,0.88237035
265,0.97331536,0.8379965,0.85761553,-1.1162703,0.59932435,0.54055804,2.1026032,1.1709971,0.6918582,-0.4573248,0.5675344,-0.1954148,-0.044163942,1.118161,-1.1260659,-0.13036734,-0.09695268,1.2112134,-1.4178399,-0.7584282,0.11298883,0.06344569,1.2420969,0.6233089,0.17045689
266,-0.80535746,0.92922044,0.68175113,0.21497631,-0.3674544,0.036319464,-0.6935742,-0.034267664,-0.12467301,1.4965903,0.7284375,1.4662546,-0.86017585,1.3509378,0.7338437,0.29818082,-0.24670154,0.84456366,0.55686647,1.3238223,-0.2475686,-1.1044459,-0.22611058,-2.6031506,-1.9735208
267,-0.029922247,0.41187954,0.22577375,0.76009333,-1.3249811,2.2199895,-0.9195341,-0.7450117,-0.65842575,0.2112174,-1.7151129,-0.5697419,0.5066917,-1.0415518,-1.0447655,-0.21118188,1.2078116,0.080203414,1.0310193,0.53428614,0.59199786,0.40117794,0.36317092,-1.8043921,-0.5075216
268,-0.45470524,-1.9116644,0.19544752,0.8420856,-0.11722696,-0.6403481,1.7470679,0.7950361,-0.6991943,0.41566718,0.6434253,-1.4320202,-0.06366289,-0.14203149,0.45492375,0.23383236,0.51817346,-0.24381405,0.29452175,0.6447947,-0.8292841,-0.14530644,-1.388501,0.10507178,-0.14797592
269,1.0069782,-1.5382404,-0.24125963,0.5832344,0.057784587,0.46065265,0.23145276,-0.2464,-1.095251,0.3251129,0.4622352,-1.2852212,0.8457702,0.004082978,-0.5129111,1.9633995,-0.24011725,-0.088784695,-0.12105256,1.105423,-1.1300976,0.01870495,-1.2317399,0.34594727,1.4046094
270,-0.14651167,0.5842235,-0.18434206,-0.5614288,-0.4082626,-1.946775,0.96610504,-0.82707584,0.7121146,0.14615242,0.14367229,-0.41276038,-0.33542562,-0.47037885,-0.51178277,-0.9130698,2.9446142,-3.1428032,0.81305695,-0.48193112,-0.5144483,0.24867874,-2.4914742e-05,-0.4200157,-0.09516621
271,1.1405557,0.36015773,0.6727359,-0.4908774,-0.0023207068,-0.11051491,0.8852598,1.2199408,0.81044567,-0.5794759,-0.060630113,-1.2570317,0.04938209,0.35142356,0.64539564,-0.4487661,-0.63680553,0.059132636,-0.1998621,-0.33930892,-0.3616214,0.3185146,1.3803856,-0.028940678,0.92882204
272,-0.6196041,0.16355705,0.20991492,-2.0974617,-0.99452794,0.55586433,1.5912313,-0.21184492,0.9582443,1.8361346,1.4746516,-2.326158,-0.136361,0.41501218,0.49796733,-0.41336185,-1.0188273,0.19732946,-0.08914566,0.13781497,0.47522843,0.70520097,0.7040489,-1.1875031,-1.7061164
273,-1.1697524,-1.4553839,-0.16902328,-0.30662704,0.5831368,0.23624203,1.7747042,1.5460186,-0.1664322,1.0863748,-0.025289297,-0.5464902,-0.50985146,-0.58353126,2.438441,-0.566844,1.8234782,0.4171527,0.3854462,-0.94011605,-0.33912635,-0.67906183,-2.0711536,0.05965829,-0.51011586
274,0.56974673,2.5993314,-0.4173023,0.59450185,-1.2252247,-2.948025,2.1341648,-1.592306,1.0942749,1.5315913,0.59611565,-1.2400236,-1.6578887,0.47439975,2.002686,-0.16596252,3.7319157,-3.278802,0.34298396,-0.81527114,2.1624608,-0.2630924,-0.92353356,1.5091405,-0.9353392
275,-0.08776903,2.1886,2.8125103,1.762115,-5.8598223,-2.3749685,1.380697,1.0564,-1.2849456,1.3804507,1.571511,-2.6355827,-1.043112,-0.83107907,3.08398,-0.93579024,1.9125693,0.9029662,2.3197746,-0.48323697,5.295275,-0.10409993,0.38280982,1.886697,-2.0695944
276,-0.74415565,-1.817512,0.9481278,-0.10619521,-0.5759988,-1.549436,2.0253007,0.43725854,1.5468724,-1.244684,-0.5938649,-0.4641418,-1.932121,0.89642566,-0.16171262,0.54207027,-0.92572564,-0.006612122,-0.61730146,0.302568,2.0945287,-0.008478522,-1.9397599,0.7245333,-0.3537283
277,0.021064758,-2.3378272,-0.38908926,0.6853454,0.6120142,-1.2135297,0.63327247,-0.70291066,0.6759051,-1.3029323,0.2554021,-0.95490783,-0.91722727,0.22804195,-0.7210038,-0.35240418,-0.44272697,0.1289109,0.50310165,-0.23726428,0.31863958,0.41658556,-1.2568969,0.0068719387,0.19052267
278,-1.7055855,-1.1902399,-0.03327526,-1.2369151,1.038168,-1.0638785,-1.3705667,0.017066598,-0.7101029,-0.0067801224,1.069905,0.63920826,-0.16896403,1.2431581,0.16805942,-0.5994747,-0.4661302,-0.9240758,0.040164202,0.60750055,0.16152012,-1.1970224,-1.5397266,0.14922953,0.94368815
279,-0.6656933,0.37019467,1.6179519,-0.41883755,-0.7677008,1.0730598,-1.5795978,0.9960778,-0.00595361,1.2622243,0.6536605,-2.158997,-0.97914004,-1.414948,-1.6763338,0.7538955,-0.26105118,0.16820753,-0.64834774,1.3094237,0.86495614,2.393417,0.24439692,-0.6334132,-0.91605926
280,0.7941129,0.4503417,0.3345769,-0.9954493,-0.82284856,0.5795279,-1.0691408,-0.21976393,-1.6502405,2.383724,1.4663303,1.6251506,-1.664773,1.3877416,1.3350556,1.4655503,0.03135836,0.7956446,0.78082824,0.91985047,-1.0304021,0.049223423,-0.21992087,-2.0372272,-1.3209071
281,-0.78402257,-1.9131864,1.3390224,0.29231775,-0.08317751,-1.4029977,0.8337503,-0.2364952,2.38574,-0.4255205,0.6673482,-0.44074303,-0.89861155,1.2235265,0.18540305,0.18593705,-0.12061119,0.28482485,-0.9484903,0.11349982,0.21690923,0.91025096,-1.9111248,-0.37180078,-0.39248872
282,-0.9196472,0.61700296,1.0731536,0.40165758,0.35869694,-1.7803884,2.7865682,1.3463943,0.032308042,0.8783636,0.6533454,-1.8554899,-2.4183037,-0.7427729,2.0073097,-1.3216354,-0.8609673,0.73604447,-0.24173048,0.1658974,0.5996876,1.6235709,-0.4961915,-1.7995515,-2.8209205
283,-1.2291901,4.069711,1.602259,-1.5044961,2.242373,2.1696033,0.04359299,-2.8388772,1.8907673,0.43528885,-2.4560158,-0.99855167,-1.5519726,-0.6749606,-0.038187683,1.939294,-1.1720241,3.2178533,0.7906374,-2.4003568,-2.6634207,-0.33200905,-1.6587771,0.21932149,-0.47563028
284,-2.2685301,1.5327868,0.44165057,-1.6072054,0.40116137,1.8228738,-1.1051769,-0.71939826,0.53162134,-0.117455915,-0.8269767,-0.7357033,-0.07607722,-1.237968,-1.4353168,0.40852702,0.09202981,-0.214773,0.03954318,1.9406121,2.241146,0.6069712,-0.45393133,-1.8540071,0.0878042
285,0.73654884,0.256248,0.95858985,-0.48393106,0.66879123,-0.368044,1.4814496,-0.32101536,-0.1449644,-1.3025666,-0.30091918,-0.35239124,1.4981116,-0.2646582,0.9681227,-0.7127879,-1.6622922,-0.31561425,-0.031509012,-0.13855925,1.1626389,1.2772408,1.6435313,0.62432814,0.7314253
286,0.8012962,0.03278637,0.6510614,0.532922,-0.38795376,1.5505475,0.20625657,0.5879481,0.78462195,0.6548601,0.22979093,-0.21833985,-1.58406,0.2096588,-0.22549853,0.1391511,-1.3013476,0.36799163,0.69478476,0.7713946,-0.736758,-1.0874848,0.75274426,-1.2987704,-0.21791697
287,-0.015179038,0.29218507,0.6293135,-0.9422121,-1.5409428,-0.11584371,-1.1705343,1.1736997,-0.5870699,-0.28138173,0.16470885,0.38344222,0.9636637,2.4888728,0.95917153,-1.9869723,-0.004168749,-0.5175129,0.27335322,-1.109993,-0.5755907,-0.05373338,-1.0332798,-0.18054914,1.8394384
288,1.6844928,-2.1713605,-0.5593136,-0.57098985,-0.6795636,0.14076854,0.21496874,-1.0190823,-0.025842607,0.12853009,0.032595277,-2.0457683,0.5009278,1.0744519,-0.617929,0.060127497,-0.4684168,0.305314,-0.49568436,0.3759624,-1.9193951,1.358695,-1.3119069,0.85611844,0.04897237
289,-0.032474518,-0.23540378,-0.36722696,-0.49568844,-0.071017,-0.04501331,-0.548421,1.2568288,0.9582913,-1.5793606,-1.0020051,-1.0403445,1.8745526,-1.7888576,-1.1122853,1.1560022,-0.8437547,0.8285989,0.3093583,0.9393096,-0.4692938,0.23288316,-1.6287984,1.3855581,0.38994825
290,-0.014319181,0.3570602,0.07787158,-0.8280883,-0.10236341,0.769209,-1.6813099,0.20320392,1.6079309,1.0230927,0.07787168,-1.5014257,-0.9060116,-0.7039063,-0.23358458,1.0223833,-1.0175054,0.12229437,-1.031217,-0.780473,1.6738983,0.86619204,0.70392483,-0.59217644,-1.5243554
291,1.1726117,-0.31154191,0.7646125,1.7084532,0.7959101,-1.3471999,0.79101974,1.6881998,0.60186386,1.4377263,-0.5409681,0.0033888891,0.9821979,-0.40457076,0.399896,-1.224498,-0.037750125,0.63444287,0.017069578,0.4857326,-0.23413686,0.11384368,-2.1515603,-0.066926956,-2.6818185
292,0.58118147,0.20503306,0.2090841,-1.3740151,-0.9598682,-0.111196816,-1.9526601,1.358715,-0.48081332,-0.9043822,0.10168296,0.8109524,1.7924178,2.871901,0.88473964,-1.345809,0.82825375,-0.4398442,1.1296682,-1.0622532,0.1179257,0.38168526,-1.1401161,-0.86115205,1.4630196
293,0.78186053,0.22711325,0.45024312,-0.8232477,-1.6220534,2.385146,0.576942,0.2181356,0.24868119,1.4028088,0.87013453,-0.33172554,0.19256401,0.8446047,1.0375583,-0.4602337,-1.6092331,0.57563156,0.71553206,1.1673083,-0.4021851,-0.33256418,0.8234871,-0.6893239,-1.0796938
294,0.89790064,0.58608913,-1.275747,0.30399203,0.37733454,-2.2357473,1.4658978,-1.3195585,1.2301793,1.5329131,0.99970573,0.20609257,-0.52639437,0.20202094,0.26941472,-0.74850965,1.424434,-2.526895,-0.77057624,1.0902848,-0.25168234,0.35508817,-0.085739255,-0.57324123,-0.3816204
295,0.9170952,-1.418253,0.88043493,-0.69887877,-0.60231376,-0.41432884,-0.34562027,-0.019752502,-1.1697763,-0.110632904,-0.39550847,-0.46042013,0.6875224,-0.6664634,0.17824145,-0.40411276,-0.12378645,-0.21102983,-0.24912186,0.45677862,0.4999622,-2.1459937,-1.2235361,0.83099246,0.76198137
296,0.39582855,1.1385221,0.110256664,-0.95530534,0.67990446,-0.9150883,1.654594,1.1245787,0.7121252,0.4109399,-0.18270844,-1.206169,0.6140771,-0.059055805,-0.43237105,-0.43189132,0.17178714,0.42088276,0.41011024,0.56542075,0.7904719,0.052038074,1.3887099,0.58179474,-0.44608355
297,1.7388837,0.79810166,0.46234804,-0.13711643,-2.2844486,1.4324349,-0.31974983,-0.35484326,-0.47902125,1.3019519,-0.941435,0.2848593,0.22950101,-0.079205275,0.08981535,1.113259,0.3765409,1.7717338,1.2265334,-0.448542,0.15989524,0.634144,-0.20918989,-2.1918817,0.049571514
298,-1.1344724,-1.8059033,-0.92014545,1.5187967,0.4206913,0.5404762,0.45936543,0.4105011,0.57367826,-0.65015095,0.39437497,-0.57309276,0.2875483,0.25001234,0.36422545,-1.1985563,0.32117867,-0.80218804,-0.36022133,-0.127837,-0.48669243,0.19710344,-0.9069778,-0.17874718,0.095698714
299,0.11167562,0.440624,1.712364,-1.1057446,-1.2600967,1.1270652,2.01402,1.4756253,1.1251762,0.0059041693,0.0067399144,-0.40440106,-1.3026834,-0.71250296,-0.5172826,2.0313063,0.4374956,0.05226457,-1.4745009,-0.6037788,1.4013972,-1.5850177,1.2629182,1.8444383,-0.039479733
300,-0.5206716,0.7771187,0.7162739,-0.90858006,2.200488,2.1565077,-0.867915,-0.9917462,-0.5464027,-0.5483108,-0.5032742,1.5584733,-1.4293869,-0.7922878,-1.1256399,0.087567925,0.09293568,0.82825893,-0.7941047,-1.3575083,-0.3420917,-0.2255812,-0.026652336,-0.91648257,-0.21754336
301,0.8128974,0.38183618,-0.14580357,-0.57812786,-0.8900938,-0.7490182,0.60567886,0.108673036,-0.07464808,-1.3470359,0.49438208,0.8489786,1.033871,-1.237015,0.74074674,-0.529699,-0.56375027,0.22845137,-0.26261067,-0.05422821,-0.25497258,-0.5315992,1.50872,0.45179868,1.0184911
302,0.923227,0.5627651,0.58114564,0.6805967,-0.8608334,-0.8727753,0.3171025,-1.5436095,-0.84091496,-0.32686692,-0.60180664,0.26906013,-0.11201501,-1.0075623,-0.15979397,-0.33103883,2.3653593,-2.1841638,0.11472422,-0.36847764,-0.71575433,0.28767186,0.3373564,-0.29346788,0.53640246
303,-0.39648247,-1.9261518,-0.48744646,0.3318665,1.349118,0.13628581,0.17887932,0.4839439,1.3730581,0.7109663,0.28799093,0.012484938,-0.2318865,-1.2785878,0.12591276,-0.14450759,0.85573435,0.15431875,0.5497908,-2.115101,1.1735061,0.5281978,-1.6822587,0.5928402,-0.8296473
304,-1.9009013,-0.59107935,-0.0962475,-1.3702557,-0.55156255,1.0794123,1.1190135,0.8646416,0.110071,1.3601907,-0.37280834,0.6749082,-0.17643332,0.9944373,-0.86921203,0.6720673,1.6263015,0.7061148,0.73223245,1.8425971,0.38128704,-0.79789627,1.1783193,1.2001779,0.82742596
305,0.09590018,0.0027809143,-0.12795427,0.39190674,1.1856585,0.3265333,1.6039169,0.08493203,1.6534863,-1.177714,0.26287907,-0.1321898,-0.487998,0.09805566,1.159944,0.38731956,0.47878158,0.3210917,-0.32130918,-0.77889323,-0.98644674,0.4617725,1.5829523,1.2568464,0.2227894
306,0.3806063,0.80252504,-0.1802505,-0.18914342,-1.183108,0.08942482,-2.2687993,1.6972843,1.4529989,0.6524839,0.0075350404,-0.08084217,-1.095681,-0.29563504,-0.53328156,2.1392026,-1.1025081,0.1712575,-0.54533505,-0.41430962,2.3154407,-0.29662722,1.0126535,0.20184183,-0.2955947
307,-0.80254555,-0.5723686,-0.7705184,-0.10114837,0.25847965,-0.079651326,-0.48085582,0.55217755,-1.8883725,-0.91473395,-0.29521805,-1.467371,0.5678917,-0.14409769,0.16159858,-0.7017961,-0.15659487,-0.25753054,-0.7912976,-0.089341655,0.008466095,1.1552365,-1.1833504,0.5286863,1.9291682
308,-0.49647546,-0.19932044,0.25384438,-2.7734585,-0.9214798,1.0312802,0.58272916,0.028540492,-1.454412,-0.3220288,-2.2481732,0.33872914,-0.11480057,2.8354692,1.5515438,-2.1105063,-0.48245978,-1.18745,1.1424019,-0.8274083,-0.533412,-0.22859272,-1.0960819,0.81128263,1.4112289
309,-0.32225847,-0.05205655,0.7381238,1.3637059,0.67906016,0.22066273,-2.3715732,-0.010152042,-2.274241,0.2830102,-1.3171296,-3.1283214,0.80574983,0.02368486,-0.48425433,1.7123462,0.1455729,-1.1801596,0.70374286,1.5073023,-0.13223007,0.35889792,-1.596413,0.05511427,1.7502525
310,-0.1923666,-1.1863327,0.6728758,1.5065358,-0.54919356,-0.06461975,-0.5218607,0.38570145,1.435271,-0.6265056,0.33708972,-0.74292946,-0.10284519,0.55144686,0.5470339,-0.105430305,-1.2939396,-0.903397,-0.31033784,-0.42532378,-1.1400328,-0.10199246,-1.5570875,-0.036406755,0.19154215
311,-0.580626,0.025527477,0.26060745,-1.142807,-0.50994515,0.5228026,-1.4221125,0.9867777,-1.2261014,-0.7949631,1.087594,-0.19079284,0.1996907,2.904657,0.8596661,-2.0566926,0.30269969,0.37281984,-0.8491187,-0.9977683,-0.57184094,-0.03004253,-1.491371,0.53693795,1.1289396
312,1.1054425,-1.8215377,-0.22344664,0.006407261,-0.17924464,-1.3170274,-0.49819338,0.71912676,0.80217993,0.16077128,0.659064,-0.42528856,0.17056084,1.6166992,-0.11998749,-0.36215526,1.1465018,1.4772587,0.8952664,-0.26042408,-0.7694633,-0.6670429,-1.7657257,0.2596066,-1.0975192
313,-0.79210424,-1.098606,0.22320905,-1.2870076,0.5809082,-0.8696344,0.890807,0.11827773,0.31284642,-1.3397119,0.5850192,-0.19132362,0.21414101,-0.10092324,-0.22329825,-0.5894501,-0.019016862,-1.3027842,-0.7088002,0.70345545,-0.29344428,-0.2926901,-1.696566,0.34316564,0.579957
314,-1.3313298,-0.31536973,-0.21548739,0.75253165,0.7251435,-0.23107061,-0.21174824,1.0937477,-1.0517662,-0.43339774,-0.60976213,-0.31316644,0.7567164,0.32256824,0.27864224,-0.3195474,0.65929365,-0.7519839,0.36881566,0.5894059,0.59393096,-0.16067392,-1.4055036,-0.23234534,1.9027846
315,0.7950128,-0.201285,-0.5356307,-0.09031844,-0.02197659,-1.041676,0.9266277,-0.6978781,0.41264093,-0.9990301,0.12356454,0.5626452,-0.82463145,-0.58203626,0.38240388,-1.0915382,-0.031933784,0.5672712,0.6804035,0.49655268,-0.30342647,1.4341235,1.4287655,0.38371277,-0.44660544
316,0.3071642,1.1730378,-0.9971203,-0.5121989,0.64366585,1.1015544,0.9912626,-1.8856217,0.00947094,0.46202302,-0.11154705,1.6484187,-1.0585763,-0.85138047,-0.07774976,0.44170725,-0.31165534,1.28283,-0.970465,2.2089217,0.302015,0.15837133,-0.48693717,-1.6343386,0.72218025
317,0.1381253,-1.6077487,-0.19996941,0.16078019,0.40774077,-0.4483824,0.24040836,0.7898688,-0.8317994,-0.48675457,-0.44817343,-1.1386209,0.10948515,0.099178255,0.4187526,0.35193658,-0.4287014,1.0563955,0.43183517,-0.14353587,0.4012183,-0.78388166,-1.4609126,0.7739434,0.39855945
318,1.9994667,0.3149383,-0.3697327,-1.2794671,-1.655419,-0.3393412,-0.016864479,-0.45666385,-0.6034949,-3.7228546,0.37466133,-0.30973715,-0.48776984,0.05547446,1.5160362,3.6640806,-0.09845877,-1.3146945,1.7656072,0.8190341,-1.0549004,1.8676593,-0.6970302,-0.3892337,0.052464485
319,0.19723368,0.866518,-0.48957643,-0.3523879,-0.29744968,-0.9165808,0.94780403,0.874345,2.0187619,-0.1802476,1.1836972,-0.911894,0.19469512,0.8252947,-1.2152848,-0.04953569,-0.21134317,-0.18990803,-0.29105857,0.11650011,0.1176486,-0.75142044,1.3725048,-0.17660594,-0.39564848
320,-0.68943596,1.1468844,0.65245265,-0.36765504,-0.034885645,-0.7204431,-0.7748499,0.06156361,-0.4245762,-0.67807686,-0.28380457,-0.3184471,0.16602993,-0.8121005,1.1993376,-0.5044425,0.8536475,1.1695504,-0.6971923,-0.4151837,-1.3083179,-0.13043752,1.4345202,0.0146689415,0.6274904
321,0.11929417,0.8619621,0.69675153,-0.13591695,-0.6722708,-1.1186482,0.47289163,0.51199365,-0.67374855,-1.3150454,-0.47022513,-0.23544188,0.3386271,-1.4198914,1.6275773,0.07537937,0.5566467,1.1884813,0.78640723,0.5083344,-0.1501843,0.48745614,1.4320035,0.8746557,0.1854248
322,0.11870968,-0.033564806,-0.34621355,0.32053924,0.95388925,1.0151179,-0.61776066,1.4876816,-0.39336532,0.2923465,-0.095237136,-0.22152309,-0.664942,0.62099737,-0.911994,0.3303603,1.5633297,0.59506494,0.33950204,-0.51504815,0.45621616,0.49674708,1.3426299,0.8118,-0.019384146
323,0.66520816,-0.38325393,0.47152212,0.4384272,-0.42542392,1.3215804,-0.9130101,1.7174718,-0.44030243,0.9184376,0.9295872,0.09205277,-0.67614365,0.8626401,-0.42058924,0.90452445,-0.1274414,0.28450364,-0.084833354,0.83143604,-0.14132994,0.103365004,1.076674,0.3774376,0.47248948
324,-0.935683,-0.21630144,-0.3488702,0.48037624,-0.84572184,1.1319942,-0.67773145,1.4105449,-0.8959997,-0.48938292,-0.04569432,-0.30084026,0.09139359,2.382881,1.5497055,-1.8713155,-0.23073941,-0.97752357,-0.5174969,-1.5006961,0.57369125,1.0452366,-0.89730394,-0.38523376,0.86104584
325,-0.16785431,-1.1205842,0.18152395,0.0011384487,-0.15779981,-0.76819336,-0.5721078,-0.37370598,0.8721174,-0.5752156,0.8776458,-2.763906,0.7025602,-0.76888645,-1.7374799,2.4260902,-1.5128883,-0.25443435,0.38375664,0.92835975,-1.3638268,0.42859524,-1.455413,0.77010703,1.9048268
326,-0.3178308,-0.7615979,-0.9414801,-0.28289175,0.5573983,-0.9965614,0.8874046,1.8991877,-0.51240516,-1.7381263,-0.325216,0.10978676,-0.89420676,0.35650104,-0.23951599,-1.5732341,1.0223551,0.6235866,-0.90684247,0.6352129,0.01082471,0.126445,-2.0598783,0.4173684,-0.5236242
327,-0.38930333,0.2252059,0.048127983,-0.68176484,-1.2275008,2.2304127,-2.6762316,1.0754457,0.842736,0.63011223,1.31195,-1.1231115,-0.28040123,-0.96687317,-0.6667466,0.94016755,0.47761166,-0.17995316,-1.3576082,0.4169074,-0.1284549,0.0013551116,0.7176419,0.3137133,-1.6401904
328,-0.07405841,0.22106123,0.48193678,-1.3355939,0.113724634,-0.5754477,-0.5561708,-1.0196812,-0.6658827,0.22418833,-0.47184435,0.22636373,0.3555088,1.4162445,0.912469,-1.2596695,1.3338671,0.2908821,-0.46750346,-0.45372403,-0.9774518,0.27542448,1.6450564,0.39399123,-1.121449
329,0.5593438,1.2557933,-0.45153716,-1.0767255,0.47157776,0.5611687,0.40273112,1.3960617,-0.6802169,0.30438876,-1.5891333,-0.27624786,-0.39208412,0.27561063,-0.9304235,0.25949407,-1.0254947,-0.015913665,0.69135165,0.9230404,-0.75106436,0.25345737,1.3435832,1.0377758,1.4241066
330,-0.98226905,-0.019430399,0.32124206,0.15994716,-0.93736887,0.81866527,0.024504721,-0.27817667,-0.267484,1.4772243,-0.4903529,0.122153126,-1.4630075,-0.10771161,-0.29074818,0.70506275,-0.21063858,0.40945822,0.9195647,-1.0110329,0.57816243,-0.55092555,-0.39739215,-2.4621987,-0.6904118
331,-0.22273839,1.3557472,0.65191746,-0.8711333,-0.6139401,-0.10655686,-0.5147526,1.5433433,-0.42648432,-0.3709102,-0.4844052,0.010386236,-1.0101411,-1.0932312,0.5410452,0.039165378,-0.77165484,-0.4308483,-0.504418,0.6582035,0.97075367,-2.7061572,0.96136487,-0.8737675,-0.7808788
332,1.3950777,0.49000025,1.1102328,0.27109408,-0.13672313,-0.3673354,-0.3532536,-0.27881312,-0.49362633,-0.58507097,0.21294415,-0.12524246,1.0768704,-0.6467009,-0.44447234,-0.34849602,0.067680836,0.41450113,-0.64546496,0.46232376,-1.2384226,0.015085876,1.6136512,0.18511295,0.39544737
333,-0.83466935,-0.17721593,-0.052791595,0.037045717,-0.058449686,0.8771359,0.4687404,-0.76116776,0.23574674,1.3985021,0.6856267,-2.4238315,0.5232569,0.60475236,-0.37195274,-0.18892807,-0.09932494,-0.28404686,0.030765802,0.7879077,-0.32691646,1.2191172,0.82769233,-1.709605,-1.2032883
334,0.19089556,0.19102049,0.78023344,0.20771813,0.4165535,-0.6392456,-1.3188165,1.113909,-1.4153428,0.20695382,0.6104575,0.64083743,-0.26892745,-0.13048041,-0.66161644,0.7529501,0.36800253,0.41837734,0.86938417,1.3332511,0.088103235,-0.6198493,1.2257048,0.20696735,0.44292295
335,-2.0959644,0.30848408,-0.42416555,0.25996637,0.05261174,1.0157254,-2.3421965,-1.035391,0.21054065,0.26896346,-0.50416553,-0.1369677,-1.430629,0.27234703,-0.00367181,0.52028537,0.9383395,0.6569552,-0.5467041,1.5861521,-0.61323005,-0.078485996,1.0469141,-0.7019371,0.26442957
336,-2.3799539,0.9580469,-0.33171868,0.9752315,-1.8419309,0.8990067,-0.08530027,-2.4949532,0.5797249,0.1196636,0.7894183,-0.060789824,-1.1089542,-1.4288924,-0.13950574,1.5309843,2.359034,1.2391334,-1.5949806,3.1073332,1.1438549,-1.5102129,-0.017435431,-1.2795362,0.32532036
337,1.0039215,-0.02592802,0.10535255,-0.25581026,-0.3659078,2.1233165,0.3254661,1.2053335,0.6889596,1.051671,2.5370848,0.29239613,-0.6615007,0.32757133,-0.65541697,0.61569905,-1.643459,-0.18099648,0.4533193,1.0218337,-0.54526937,-0.92817557,0.5340524,-0.7841716,-1.7157538
338,-1.0949619,1.940887,1.4857519,-1.0813749,2.4947977,-0.21697393,0.31347972,-1.4432505,-0.5403424,-1.043147,0.60951465,-0.020394593,-1.1217163,-0.47895098,-0.5288917,-0.14945722,-0.61352646,2.3243334,-1.6857886,1.7456044,2.209908,-1.0019048,-1.0828291,-1.943011,-0.6906531
339,0.37136495,-2.3767571,-0.755594,0.14458728,0.06344986,-0.6022724,0.33900267,-0.30710995,0.38359535,0.3420562,0.75464195,0.11590045,-0.9135208,0.20507127,-1.6987585,-0.21294206,0.08789468,0.30298114,0.35919416,-0.02786465,-0.6995476,0.8781429,-1.3626336,0.9758241,-0.32656312
340,0.30202746,-0.22154641,-0.60258627,0.33584845,0.21101503,0.2817604,0.53240484,0.9263661,-0.39738965,0.71269816,-0.45293298,0.45369077,-0.4630046,-0.16376716,-1.4511254,0.57366574,0.93480206,1.1418521,0.22671556,0.18958795,0.77224314,0.36542368,1.3842242,0.04980111,0.34393787
341,1.5354674,-0.10749006,-0.25303861,-0.9644296,0.030139372,-0.08226818,0.4081679,-0.91887486,-0.34639972,-1.0530013,0.281075,-0.26978707,0.58725333,-0.5149634,-0.19107229,0.42768943,0.9192548,-2.9106987,-0.24529321,-0.8125671,0.73140657,0.084560394,0.4964347,-0.11180043,0.39956737
342,0.91616136,0.53545666,-0.0888988,-0.65592504,0.73485035,-0.54920435,0.40153712,1.0353377,0.305542,0.23751923,1.2081003,-1.8801764,0.6879991,0.5408346,-0.33872893,0.08803928,0.12445247,0.14814019,-0.43887168,1.0142794,0.33672488,-0.4027024,1.4356505,-0.16905403,0.46472597
343,0.468224,0.975116,0.06834261,-0.48507643,0.2637589,0.14211142,0.45856184,0.24521917,0.47296965,-1.1743869,-0.34149277,0.033295967,1.1627744,-0.06872606,1.2341065,0.014592171,0.79783297,0.6657813,-0.086304665,0.10511407,-0.9636963,0.6564476,1.5860362,1.0271771,-0.26368904
344,1.6083722,0.44597292,-1.1080097,1.3725685,-0.05376698,-1.6235411,-0.5057799,-0.9669409,-0.3703412,-0.16346504,-0.062009603,-0.089573935,-0.86563563,-0.4994205,-0.71375835,-0.29751956,2.3798766,-1.4370731,-1.0352743,0.0021876395,-1.2852758,-0.5457237,-0.09746325,0.052423,0.65586555
345,0.9080694,0.0581851,0.8461119,-0.7029488,-0.41829193,-0.21042797,0.52815694,-0.2131632,0.50606847,-1.193277,-0.37754852,0.22153041,-0.13728392,-1.2715796,1.3086679,-0.5898737,-0.06126046,-0.29133925,0.5082189,-0.3063805,-0.50974953,-0.13864014,1.5785334,0.9306781,-0.10825944
346,-1.8811715,0.066058874,-1.0416973,-0.03921175,-0.726497,0.6533065,0.11035031,-1.1048759,0.71145463,0.9777627,-1.3407823,-0.7446855,-1.3573699,0.8590626,-0.78831017,0.7693714,0.72850657,0.070887744,-0.29229513,1.1127632,0.017898053,0.2788964,1.3214768,-0.35152102,-0.41842437
347,0.46280158,2.0829487,-1.1289873,3.1524441,-0.22724533,0.941553,-0.5646727,-1.7776743,-2.7525167,-0.25355515,2.4517903,-1.5008506,0.7281246,2.733839,-0.8987174,-0.7885953,-1.5137457,0.4881565,0.27437687,-0.8137902,2.2505841,-2.2306576,-1.4740504,1.5244415,-2.7489877
348,-1.6932762,0.030308008,-1.0331618,0.8915404,-0.346452,-1.7454226,-0.1118291,-0.10230237,1.6251576,-1.2228221,-0.58122003,0.7845332,0.25314558,-0.04187703,0.51799273,0.70667315,-0.93684393,0.376903,0.06515604,-0.9539764,0.3347903,-0.43403462,1.5350243,0.22405028,0.24925458
349,0.51940876,-0.73876476,-0.47649267,0.47588193,0.09017562,0.09237513,0.59940284,0.78322995,1.8055153,0.62004316,-1.1817217,0.024273306,2.8099818,-0.9040129,-1.4299842,0.1628505,0.51670134,-0.09759939,-0.92156196,1.4523406,-0.3640054,1.2026095,-1.6415313,1.1219807,-2.065349
350,0.43446934,1.2137637,0.087815985,-0.22161269,-0.833701,-0.5797752,0.09120852,1.6016301,0.66812956,0.017564455,-0.56770074,-0.19389336,0.6802993,-0.6261772,-1.8444833,0.8288733,-1.0860685,0.46664995,-0.28386587,-0.5242733,0.25212193,-0.51241547,1.1980557,-0.86796415,0.20400369
351,0.5622533,0.39055324,-0.22939041,-0.46462417,-0.16224763,1.8197988,-0.29208827,-1.2644552,0.18531096,1.2698969,0.60458964,0.979933,0.18328595,0.8480986,0.7722002,0.008072376,-0.5431113,1.0069299,0.16296768,0.36781302,0.6013315,1.3142121,-0.5458981,-2.0913298,-0.41752338
352,-0.66112065,2.515738,0.52420723,-0.6378577,1.0757394,0.59923124,-0.0065014362,-1.6034328,2.1284077,0.7939407,-0.43055925,-0.316024,-0.70869756,-0.5615981,0.22077452,-0.18366498,-0.31967574,1.1717663,-0.77456486,1.0277704,1.1096022,-0.32221317,-0.864668,-1.5015976,0.6526785
353,0.019592166,-1.0101061,-0.4407417,-0.33446574,-0.7425042,0.1551562,-0.8748115,0.9719054,-0.4615615,-1.8695936,0.04572153,-1.4243941,1.7124724,-1.3208501,-1.7689794,-0.4076833,0.102874994,0.5662051,-0.5392319,0.56434715,0.7367877,0.41472894,-1.3424474,1.2411273,-0.72017217
354,-1.3964591,-0.79497707,0.006086141,-0.24318933,-0.41639954,0.28428757,2.5452676,0.925773,0.47165954,1.3453904,1.5690329,0.50893104,0.55016506,-1.4334369,0.84454596,1.3552557,0.19634771,-0.43716407,0.040619582,-0.47545508,0.4059713,-1.0579512,-1.7647806,0.47430944,0.85765696
355,0.020622611,0.49562335,0.71871716,0.16488123,1.9409447,-0.29819837,0.24892932,1.0766692,-0.9122073,-0.93147385,-0.056557387,-1.305169,0.60412335,-0.048147023,-0.13278615,-0.4176532,-1.0378083,-0.39096418,0.22580904,0.11206204,-0.11831722,1.3510618,1.2691396,-0.17679596,-0.25757432
356,-0.34817958,0.269145,-0.7062182,-0.049302578,0.16459401,-0.27002266,0.31976634,-0.32494247,0.6738844,-0.31953412,-0.31168276,-0.008015573,0.18604255,-0.13622218,0.0733693,-0.4352888,0.4204266,0.09537834,-0.4702873,0.07353121,0.3920704,-1.4417646,1.6351037,0.6849024,-0.1765132
357,0.41669816,-1.9589629,-0.09197042,-0.64320636,-0.79486626,-0.91562974,0.10674769,-0.20061219,1.1688492,-0.44582874,-0.15042466,0.60867864,0.6963166,1.0464857,-1.4292026,0.43425572,-0.99818623,0.93857247,-0.5546494,-0.43036932,0.3021652,-0.6816575,-1.1541263,0.879509,0.24599576
358,0.37760627,0.3445332,0.43329114,0.41851032,1.0752339,-0.43544182,0.39966887,-0.016626894,0.2598889,-1.016738,-0.30550852,-0.18080898,0.75561726,0.28294915,0.80305946,-1.1710229,-0.096740365,-0.1379261,-0.72005785,0.6690798,0.480972,0.049869478,1.4567478,0.15349007,-0.3907225
359,-1.2212286,0.082550526,-0.09446917,1.5223582,1.8260597,0.27233887,1.2486346,1.6184852,0.1606335,-0.4703207,-0.68092716,0.28140306,1.2577968,-2.2615168,1.8942442,0.4578135,-0.52499056,-1.268267,0.25937623,-1.0891354,-0.5609451,1.2702923,-1.7430679,0.38958812,-1.2182779
360,0.030618548,-0.423342,0.79791415,-0.77916956,0.3611949,0.11834474,-0.3524022,-0.35874128,-0.3506049,-0.18650648,-0.19204289,0.8229497,0.81032354,1.0179367,0.013974339,-1.1787462,-0.7959198,-1.0303843,0.5575164,0.32960498,-0.96425056,0.12755859,-1.3179418,0.3104868,2.313892
361,0.05544412,0.18316364,0.7508956,-0.7614398,-1.4350921,0.68014884,-2.213186,0.33580366,1.3658392,0.70835364,0.68825406,-1.6400366,-0.9044547,-0.8762064,-0.5732448,1.301715,-0.28465426,-0.19579539,-1.3768799,-0.65910625,1.2936339,-0.087732136,1.0978758,0.047222853,-1.3839464
362,-0.5932903,-0.06413555,-0.94011706,0.4583577,-0.047244802,-0.5690992,1.0427072,0.43440095,1.308465,-1.1871628,-0.73702115,0.48592865,0.42810798,1.2797792,1.1614549,-0.90487087,0.16953611,0.15659076,-0.68833524,-0.82615423,0.34890467,-0.94104064,1.4832709,-0.040932655,-1.0209961
363,0.23147416,0.34013104,-0.41649672,-0.70632577,0.0043576807,-0.2701718,0.58429676,0.60017705,2.0557644,-0.3383323,-0.33681196,-0.72442824,1.2494352,1.1481943,1.5544606,0.45392084,-0.7100073,-0.4861518,0.6314664,-0.21479836,-0.9466134,-0.7998175,1.4639419,-0.6275171,0.5938673
364,-0.41777968,2.0058804,-0.63889706,-0.0048525333,-0.41218024,1.0338488,1.4697938,2.2837124,-0.32996112,-0.7283153,0.25551462,0.32166195,-0.080226064,-0.22520596,-0.39095005,0.6772218,0.8809438,0.6305093,0.84578097,1.3556454,-0.1998576,0.60146517,1.0790046,0.7642176,0.32191074
365,0.39875776,-2.0440555,0.42085403,0.51650643,0.3592123,-1.1625929,0.19521052,0.004588425,0.8496405,-0.97400635,-0.1644792,-0.9538334,-0.22396612,-0.8439978,-1.9631909,0.5008986,-0.99512815,1.3833165,1.0437739,-0.83873916,0.9498892,0.46471053,-1.0417448,1.2329056,0.6979387
366,-1.4340565,-0.081007004,-0.16633227,-0.7237618,-0.15670091,0.36540198,0.3193069,-0.76945984,-0.9081836,0.5713484,-0.92813087,-1.2551415,0.60313654,0.30613202,-1.2325819,0.07767534,-0.11027312,-0.48620743,-0.65062165,0.41422507,0.78465796,-0.25679013,1.3108783,-0.61357033,-1.595279
367,-1.2053666,0.51549435,-2.366983,0.3932258,-0.53014207,0.7560948,0.054836094,0.25259966,-0.5553546,0.68416876,0.58130735,0.10402579,-0.8785541,-0.06676698,0.584141,-0.32180923,-1.0722175,0.695669,0.10907847,0.58876026,-0.57441044,-1.0682807,0.5366384,-2.1189718,-0.4369166
368,-0.66390204,-0.85386026,-0.32843822,0.39153016,0.38728684,0.17571366,-0.12667274,1.1991465,0.13495648,-0.8294263,-0.27953032,-1.0761989,0.16027164,-0.20136523,-0.5098944,-0.559531,0.23358274,0.19106019,-0.45050138,0.925531,-0.7303976,0.6289317,-1.3445703,0.87957025,1.6402662
369,-0.25627947,-0.03778076,1.2598405,0.66159606,0.19006786,-0.42350075,1.1447952,-0.23058397,0.17357719,-1.8064395,-1.2280293,-0.664849,0.22720838,-0.3115294,0.072252735,-1.3689653,0.54680717,0.54186577,-0.26227814,-0.08306679,-0.50115544,0.19002348,1.4961731,0.29269528,-0.2768793
370,-1.1910217,0.47314978,0.09134883,-0.9013598,0.37250173,1.2881283,0.53991944,-0.18443686,-0.4687439,1.8267585,-0.19252336,-1.7205554,-0.21591282,0.20548648,-0.05051732,-0.3464148,0.1878829,-0.10606396,0.053404838,-0.17627198,-0.107346475,0.64651924,0.7341694,-1.1418463,-1.3073251
371,0.8060648,-0.474864,0.16716069,1.1099489,-0.86149514,0.24883986,0.082416356,1.3597062,0.86526895,1.1351907,0.36059946,-0.2273735,0.42722142,-0.52013505,0.016819224,0.70599127,-0.3298558,0.43357772,0.13263053,0.23735896,0.60808897,-0.47511968,1.3649993,-0.1685741,0.6642653
372,-0.5423577,-0.41633546,1.1620622,1.9745619,-1.4379537,-1.8541958,1.6541746,0.89326537,0.8761848,1.17777,0.89515597,-0.02697061,0.5028428,-1.8782561,2.8514266,-2.1953313,2.2594044,0.58671874,2.4547648,-2.3406456,2.7434607,0.8984005,-1.6547884,-0.21271849,-2.7945857
373,0.7817031,0.47052312,0.36053202,-0.08330345,-0.45643252,0.95136535,1.0894079,0.13390505,-1.0043808,2.5847003,0.0022662878,0.33143705,-1.4078288,0.0038844943,-0.59480965,-0.20579267,-0.6739544,0.7718273,1.9533995,-0.33477205,-0.35697016,1.7100477,0.1775229,-1.3961501,-0.7874682
374,-0.32214665,0.25827527,0.9365514,0.3231628,-0.05034277,-1.0446167,-0.15606612,0.549658,-1.1590521,-0.9721063,-0.9830041,-0.64861953,0.24410915,-0.14312142,0.9805765,-0.6979952,0.84052205,0.6415697,-0.050970197,-0.27859676,0.5997095,-0.6348785,1.5280851,0.32270765,-0.4315772
375,0.14409685,-0.43784964,0.32324037,0.19213605,0.05264251,0.6398366,0.09636074,-0.7804198,-0.6513332,1.7658312,-0.30487218,0.76799124,-1.7516041,0.31879872,1.2582778,0.30858445,0.17333698,0.8787307,0.35303605,0.34091496,-0.20638525,0.21948874,0.047816396,-2.0569377,-0.08923221
376,-0.21829176,-0.55219924,-0.16303998,0.8975538,-0.6188617,0.12396021,-0.05879146,1.9626325,0.97282505,-1.2942194,-1.8826971,0.13357241,1.2868092,0.54079443,-0.18116614,-0.9010102,0.8839483,-0.08032507,0.19630486,2.091438,0.27439678,-0.66737723,-1.4078032,0.43835878,-0.60601306
377,-0.65877795,0.1715095,-0.20730352,0.33832026,-0.027255386,1.9378304,0.6855126,0.048851907,-0.64956427,1.4050951,-0.5507504,0.21426496,-1.280138,-0.48579466,0.24471846,1.0019411,-0.04700184,0.06421256,0.64238703,0.3045009,1.4877105,0.16041613,0.11975503,-2.0237439,-0.3414402
378,-1.2559366,2.0086207,0.38768196,-0.89137316,0.4948948,0.5769064,0.30102593,-0.24078357,-0.30170178,-0.4257885,-0.11233175,0.15639591,-1.4980137,-0.9751203,-0.6598172,-0.30254054,0.5398183,1.8127532,0.41731423,0.8502517,0.23823792,0.7050348,-1.348385,-2.2461498,-0.35799742
379,0.08562124,-0.2819935,-0.8792632,0.8755057,0.9305902,-0.8022535,0.16304857,-0.19415003,-0.23328233,-0.18346041,0.96685964,0.7753653,0.37060857,0.44218487,1.2705619,-0.44109,-0.08493912,0.8335586,-0.7270552,-0.9087558,-0.75344384,0.1872207,1.4849435,-0.35396874,-0.61700153
380,2.077561,-0.69763124,-0.5859132,0.5534985,-0.43305147,-0.63492906,-0.70025814,1.5482978,0.84414065,0.25606647,-1.6711445,0.85412514,2.225156,-0.44688162,-0.5074377,-0.5306965,0.7806622,0.8441767,0.5108686,0.70567334,-1.0555885,1.6720712,-1.3113273,1.0319757,-1.7045443
381,0.02776289,-0.6769364,0.63459986,-0.8851266,-0.45909,-1.7350256,-0.29096198,-0.58353794,-0.8977908,0.64053285,-1.0129818,-0.39783317,-0.2740562,0.6644171,0.58135426,0.15036893,0.70865273,0.9566558,-0.053607076,0.30377173,-0.4641502,-0.37206972,1.4608283,0.047260046,-0.6611862
382,-0.95495725,0.602695,-1.1042001,0.8783927,-0.74523675,1.587069,-0.36158997,-0.2071026,-0.6921235,-0.26175863,-1.1102505,0.054750733,-1.6925173,-2.093821,-0.91324055,1.1447641,1.9656589,0.6469783,-0.14777815,0.9962437,0.85089946,0.24724358,0.17851949,-1.5708429,0.17215073
383,-0.8652561,0.09476042,-0.2683307,0.73423874,0.5663923,0.6207446,-0.23028141,1.1171563,-0.023733377,-0.31404617,1.6738038,0.3065138,-0.87043,-0.46425477,-1.1727185,-0.27072144,1.1332116,-0.4844763,0.93760383,-0.09716144,0.94269896,0.43943435,1.2231969,-0.28703153,-0.7510772
384,-0.07699871,0.7191665,-0.46717367,0.83037794,-0.6449099,-0.31225047,2.30497,1.25999,-0.90859663,1.7941407,0.9678431,-0.4429031,-1.8263276,0.35167962,1.3401438,0.5670177,-0.41124403,1.2437925,0.96353495,-0.5523798,1.4704255,-0.1515679,-0.1959933,-1.8722988,-1.1190338
385,2.291857,0.5599904,0.35666355,-1.494659,-0.33105195,0.8140951,-1.2774787,0.8725917,1.5528624,1.6266644,1.4445,-1.4386662,-0.7517791,0.5702775,-0.46426228,0.1548276,-1.3979864,0.41826123,-0.30163488,0.7594838,-0.80266094,-0.19120663,0.62543225,-0.87284195,-1.8592908
386,0.44493896,-1.739317,-0.10035928,-1.1097035,-2.0393083,-0.07817334,1.5456123,-0.05912161,0.41662252,0.49025527,0.3192051,-0.88537484,0.46815062,1.4534247,-0.12595785,-0.48094743,0.38020527,-0.28130367,-0.25809026,0.044315636,-1.2724253,0.29885173,-1.434415,0.4689026,0.3024224
387,-0.98497486,-1.1788723,-0.81052804,-0.1154716,0.49625435,0.40191817,0.37467462,0.15315157,0.0756529,-0.8471076,-1.1354127,-0.5926889,0.32500637,-0.7149727,0.81209075,-0.91672194,-0.49351507,-1.0565329,0.2847889,1.05801,1.055801,-0.4226673,-1.6323904,0.28583336,0.54609346
388,0.46121716,0.68588305,0.8337353,-0.6780708,-0.39251125,0.37292317,-1.1600587,0.48905903,0.10566789,0.7192365,0.7410229,-2.228704,-1.0627849,-1.1867502,-1.9797307,1.3045503,0.13608599,0.3933602,-2.363326,0.031650648,0.97934365,1.3453925,1.0476713,0.36570168,-0.73787546
389,2.41818,0.3892014,-0.46847275,0.6209223,0.25499,0.018558979,0.59666413,-0.15950179,-1.0801109,0.33739135,-0.2950789,1.0932119,0.52238023,1.035156,0.22245823,1.5053581,1.0071342,-2.0862823,-0.9060141,-0.20038089,0.58869267,-0.48550323,0.5007379,-0.43733633,1.1632284
390,1.1871426,0.040524483,1.6979932,0.970335,0.32921374,0.114153534,0.83707887,1.2886052,-0.4225352,0.17101108,0.28774184,-0.7602749,0.25190353,0.6325261,0.9724628,-0.12165213,-0.2045927,-0.058988452,-0.7906467,-0.74140406,0.041410685,0.2350738,1.2987927,-0.8226557,-0.110608816
391,1.5278531,0.48323178,-0.32004347,0.25353134,0.41420728,0.19522676,0.68689865,0.33782303,-0.7705202,-0.32216442,-1.1465273,-0.67624605,0.16969573,1.0082424,0.601671,0.2769487,1.8397224,-2.6089222,-0.14238691,-1.227635,-0.31065765,-0.7682354,0.34385902,-0.6207763,0.9224726
392,-0.18635511,0.2186904,0.6318687,-0.93873096,-1.4812059,0.8481728,0.5964436,1.7885714,-0.12484342,0.7016533,0.87222356,0.041916817,-0.7061882,-0.78498447,-0.029769927,1.1643714,0.28311062,-0.57740533,-0.37976322,0.14573002,0.0300968,-0.30103856,1.2279375,0.5359392,-0.037932873
393,0.3273096,0.036693573,0.14747748,0.5959679,0.8098158,0.84159374,-1.9313103,-0.43648112,-2.02078,0.73640907,-1.102212,-1.1043229,1.1516962,-0.9686222,-0.7237663,3.1094031,0.4808905,0.07446307,1.8114668,1.4491777,-1.0218918,1.4648163,-1.7298754,0.98598623,1.9118873
394,-0.653754,0.3081541,0.86379844,-1.5505958,0.2815647,0.59001434,0.97155696,0.019588888,-1.0459642,1.4519264,-0.5514054,-0.9075702,-0.21072102,0.43193477,0.6191734,0.33787918,-1.1832683,-0.00089246035,0.52317595,-0.10267563,-0.59111375,-0.4879159,0.36290944,-2.2166102,-0.5352509
395,-1.4506528,0.7710583,0.64372987,-0.9184041,-1.7120036,-1.1930263,1.2993362,-0.2681055,-0.21572298,0.3475816,-2.3691325,0.7222489,-0.07677841,0.13371462,0.20852786,0.33252788,1.2225564,0.21657383,-0.39456204,0.29215363,-0.043483227,1.0988574,1.538487,-0.06191802,-0.53841877
396,-0.83393216,0.106390476,0.22193363,0.15852547,-0.0043464005,-1.8014402,0.91945404,-1.1830592,-0.095810115,-0.36485824,0.13897735,-0.652728,-0.9549246,-1.8802116,-0.19189504,-1.0323937,1.7754154,-2.7079809,0.9559828,0.28008863,-1.5773655,-0.29967302,0.34463376,-0.35962975,-0.019377232
397,0.7676563,1.986476,0.6876862,-0.4013121,0.29719925,0.6729592,1.1345017,-1.9421786,0.88254607,0.7487802,-1.2510045,0.24898413,-0.72275114,0.3974355,-1.5237117,-0.4960308,-0.5833909,1.438462,-2.527533,1.7380054,1.1059543,-1.2708161,-0.4394977,-0.9603424,-0.093967915
398,0.19041586,0.23179555,0.8893895,-0.25971985,-0.4601941,1.083599,-2.1347764,0.64480567,-0.065802276,-0.51200694,0.9603906,-1.1605663,-1.1044707,-0.36886954,-1.4819953,1.5698398,-0.0961709,0.6717593,-2.4213667,0.3228381,2.0330877,0.67112917,0.8611721,-0.1655674,-0.4538865
399,-0.67572284,-0.20779288,1.2882787,-0.66010666,0.08464245,-1.801136,-0.8669027,-1.3823174,0.96256745,0.4889065,-0.46921313,-0.77006227,0.8791002,0.55607754,0.31913394,1.1357957,0.097985744,0.10574311,-0.28818697,0.6614456,0.029314846,-1.8730681,1.580812,-0.11569524,-0.11473489
400,0.62399006,-1.8560007,0.6408679,0.00011014938,0.6439316,-1.1399584,-1.915112,0.421047,0.1737684,-0.6319564,0.7857036,0.28605735,-0.117503166,-0.04413283,-0.8786988,-0.57735234,0.6911149,1.0257998,-0.0017277896,0.4551145,0.83644044,0.14052838,-1.4340609,0.36823583,-1.0084267
401,-0.06913543,0.26360703,-0.28534654,-0.1209507,-0.07690719,-0.9931046,-0.43812296,-0.99933255,0.9388579,0.11291668,-0.3194309,0.23025125,-0.5540588,0.5536459,1.3623165,0.096143365,0.085571885,0.6238237,0.36112964,-0.19419739,-0.49983647,-0.66870105,1.671666,1.3494906,0.20829928
402,-0.87320995,-1.623074,-1.063146,0.69988894,-0.64949757,-0.72763336,0.48642915,-1.0332056,-0.24825752,-0.044812836,-0.45514983,0.32687765,0.07039523,-0.21582168,-0.93022573,-0.18272364,-2.174417,-0.012280881,0.20674473,-0.27477628,-0.05977136,0.073209524,-0.9350165,0.6038015,1.4049866
403,0.2353679,0.80211353,0.45214844,-0.53951454,0.17501397,-0.48580822,0.13609177,0.77552813,-0.8113154,-0.8697765,-0.41970307,1.2296832,0.46936178,-1.0661964,-0.08415753,0.06866813,-0.31527728,0.4348473,-1.1127672,-0.06911151,-0.65150136,0.15092611,1.4791791,1.2566419,0.3105092
404,0.52361006,0.90087175,-0.8070698,0.34710443,-0.09754503,-0.090563804,-0.55463135,0.0043022037,-0.036943376,-0.14473034,-0.9931915,0.5939242,-0.3111403,-0.4891389,-1.2444768,-0.77402496,-0.14834738,1.8843277,-0.39691034,-0.8666204,1.902304,0.3217383,-0.09385657,-2.4018908,0.78382385
405,1.1333804,0.3751397,-0.4422206,-1.1737874,0.014425412,1.117278,-0.74068683,-0.8348042,0.17793131,1.853466,-0.044871777,1.5260756,-1.2124617,0.802815,1.0479363,1.7170686,-0.50482774,0.9875708,0.6068696,0.79738367,-0.2953635,-0.6680806,-0.40035784,-1.7449834,-0.92314816
406,-0.3341843,-0.22609949,0.22458029,0.6666535,0.26130208,0.21209443,-1.2058766,1.795552,-0.73242056,-1.3968054,0.4453383,-1.365958,1.480207,-0.99389726,0.4599687,-0.7841885,-0.619882,-1.1217833,0.43565553,1.7106,-0.26573646,-0.1073024,-1.3449603,-0.27164125,-0.5915401
407,-1.4636674,-0.8721223,-0.8763275,1.0612024,-0.07097986,0.53876936,0.0026011467,-0.06149113,2.091581,0.25473985,-0.25937992,-0.40841657,1.2177303,-1.218506,1.2734826,-0.05742538,-1.118699,-1.016857,-0.13771644,-0.5707649,-0.32952395,0.29291344,-1.1547033,0.35176778,0.67433846
408,0.2599511,-1.6423302,0.3923426,-0.23425889,-0.18734363,-0.40599874,-0.16104996,-0.022556186,0.9016236,0.07084193,-0.056741565,0.48853928,-0.66156673,0.50697607,0.09114488,-1.7206422,0.84236455,0.3247419,-0.22357006,-0.4454016,-0.30363715,-0.17114773,-1.6536838,0.8504071,-0.21641135
409,-1.7444949,1.3436184,0.38287085,-0.69389033,-0.5234854,1.2890449,0.14197308,-0.7943585,0.7301229,-0.43427962,-0.452397,0.04466463,0.20642304,-1.4441059,-1.0845398,-0.23351002,1.0714207,1.0836499,0.34278142,0.34385931,0.05378318,0.045892775,-0.47077286,-2.628576,-0.563817
410,-1.3277233,0.73630714,1.4751662,-0.80012155,0.62798584,0.60607994,0.11826247,-0.1932723,-0.4449673,1.7278854,-0.13158745,-0.680692,-0.13143754,0.11984414,-0.13006315,-0.81456256,-0.8544922,-0.22521469,0.44795823,0.38297215,-0.5504936,-0.10506186,0.21596706,-1.3816357,-1.8624103
411,0.3191836,-2.1916852,-0.10030789,-1.1348443,-0.47915983,-1.4687555,-0.58986044,-0.5756284,0.4934832,0.01183358,-0.23306838,0.684232,-0.6318395,-0.4734584,-1.5809733,0.8106469,-0.3886431,0.0059754252,-0.69394565,0.50856185,0.26647294,-1.1888874,-1.4887999,0.25895238,-0.52149606
412,-0.16945648,0.9644451,-0.19703066,0.5218631,-0.07737929,-1.4917934,0.33611363,-1.3803076,-0.11693823,-0.13170329,-0.38809377,-0.17014287,-0.8923991,-1.5358965,0.46373466,-0.6542119,1.4092188,-2.8237624,1.0241022,0.08123337,-0.63830173,0.16538453,-0.0049476624,-0.41401267,0.27885914
413,0.19551945,0.49784303,0.29590693,0.35207272,-0.72636783,-1.3861778,0.9066201,0.119500935,-0.8222455,0.0086303055,-1.2160388,-0.4645813,0.35909283,-0.7401517,1.4399164,-0.75623757,1.1913185,0.24677289,0.5262095,0.55217373,-1.2962393,0.5897034,1.3031373,-0.68962955,-0.29875493
414,1.6648569,1.8227663,-0.98378104,-0.9518621,-1.4777949,0.44693375,-0.455478,-0.48862362,0.6844932,0.7925853,0.39909852,-0.6257628,-0.71254635,-0.17629558,0.857373,0.14656413,0.8609781,2.4167812,-0.47067055,-1.3084124,-0.20918219,0.18821687,-0.7094079,-2.4919205,-0.22489953
415,-0.11538458,0.8235624,1.2205681,-0.99827266,-1.6874332,1.1060388,-3.1558557,1.1466016,-0.17862028,1.2214909,1.4393821,-1.3890998,-1.0007834,-1.4341552,-1.1478834,1.0412802,-0.029626727,0.3842954,-0.89082056,0.25685158,0.48725414,1.3185952,0.6522747,0.6347604,-1.5057282
416,-1.5504291,-1.9792223,-0.7096584,0.92364144,0.9754397,0.13955726,-0.9792633,-0.2257815,0.44638455,0.31942078,0.00053179264,-0.5474479,0.3347901,-0.23562819,0.37013984,-0.28973937,1.0291424,-0.6281692,0.4050464,-0.17104186,0.16280162,-0.58914447,-1.0677904,0.29014635,0.6192503
417,0.39452845,-0.1650815,0.06733488,0.3704114,-0.4288575,0.025687456,0.16690296,0.0027260184,0.7116984,-0.85929126,-0.34446853,0.075075194,0.06184256,-0.7104168,0.8198645,0.07609701,0.6133884,-0.12479401,1.4038709,0.24575633,0.8594203,0.86640733,1.6300216,0.6996486,0.005847931
418,-0.82164645,0.7253423,1.462426,-1.0620117,-1.5752611,0.56103975,0.22825629,1.5460879,-0.4867367,-0.82010055,0.7683856,0.7627944,-0.6899102,2.602334,2.1524262,-2.0061731,1.1170316,-0.07281554,0.6146097,-1.387224,0.90483177,-0.44415408,-1.9614552,-0.3547113,0.93145764
419,-0.6453068,-0.07798123,0.77424055,-0.30216146,-0.33029765,-1.4566624,-0.07147461,-1.3554229,-0.55180705,0.48937204,-0.2812593,0.5123302,0.77310246,0.15230662,0.86007154,0.11141837,-0.30125117,0.4200123,-0.050380915,1.0259044,-0.8054695,-0.34896624,1.4503553,-0.50176525,-1.2508764
420,-2.664432,-1.3145509,1.2185585,-0.84713197,0.67049176,-1.2530298,0.6492316,-0.7784717,-0.0905571,-0.4012759,0.25169474,-0.06230995,-1.0817254,0.3245607,-0.8104594,-0.17438722,-0.54960406,-0.8272219,-0.45751575,-0.3535784,-0.167211,-1.1839828,-2.2047462,-0.02233839,-0.17719483
421,0.6406941,-1.8354335,-0.59529525,-0.27198386,-1.0592148,-1.0529065,2.120117,0.011533022,-0.31848592,-0.6346726,-2.560939,-0.20603476,-0.19865668,0.7618275,-0.62900317,-0.08368111,0.12865746,0.9890711,0.0038734376,0.6526767,0.43012637,-2.0404592,-1.1234297,0.7912133,0.0014235973
422,2.2185805,0.7763877,-0.683668,1.6064295,-0.30151066,-0.25660548,1.5732477,0.07319045,-0.36464578,0.9505259,-0.82394326,0.35985842,0.7968766,0.19309872,0.7007874,-0.12245369,0.7323009,-2.4870026,-1.7455709,0.081349924,-0.9799963,0.06520194,0.4542045,-0.38162518,0.4844252
423,-0.23310411,-1.1514722,-0.21225822,-0.3350389,-1.0116756,-0.853672,0.46260184,0.23085439,-1.3789046,0.18772659,0.9465254,-0.75811404,1.1832566,0.5401128,-0.19357502,-0.3115934,-0.17012966,0.33777452,-0.42193738,0.51303256,-0.8474124,-0.19811189,-1.2526075,-0.1905694,1.2473756
424,-0.98649216,-0.18093288,-0.20794693,0.9570439,0.8367917,-0.9180162,0.18503696,-0.62544894,0.79693186,-1.0507834,0.090378344,-0.1983289,0.10409081,0.06594318,-0.4434034,0.8208126,-0.4831804,0.32526612,-0.8580859,-0.8168522,-0.976893,0.35255116,1.2600288,-0.88258517,0.12991357
425,0.22901452,-1.0975852,0.6809652,0.44578505,-0.21151331,0.11081964,-0.6187594,0.31765923,-0.8101876,0.18529306,-0.16918096,-1.1222945,0.46296978,-0.58078516,-2.9126039,1.550455,-0.19849479,-0.54196817,0.06363809,2.0409873,-0.62592447,0.42044777,-1.0205051,0.99041104,2.1105344
426,-0.17669117,0.5400157,0.039483827,0.89568293,0.5740885,-1.9599414,-0.5156723,-1.1725397,0.74868786,0.5821643,0.8266906,-0.8842836,-1.1913671,-0.84117246,0.21418127,-0.71099675,1.4957159,-2.4582436,0.2090615,0.16803059,-0.45751473,-0.44776812,0.10620284,-0.13598037,0.5535798
427,-0.40499198,-0.20017684,-1.2686485,-0.076814175,0.25444525,-0.96929777,-0.24760425,-0.22315341,1.5804415,0.33145744,-0.5520639,0.23875806,0.35079193,0.9454058,0.10848081,-0.8530832,-0.5340575,0.37929052,1.158417,-0.49844748,0.05850953,-1.6123157,1.5721774,-0.03326726,0.20574951
428,0.27129793,-0.39009202,0.4527196,-0.7470763,-0.81807387,-0.7919729,0.24497312,-1.1382649,0.24391997,-0.59408337,0.069672465,0.55321735,0.6063467,-0.086202264,1.05641,-0.078389764,0.059544325,0.10726881,-0.47757235,0.6663537,-1.1458478,-0.473677,1.5542594,0.07851386,-0.7393701
429,-0.9513328,0.76403666,0.48752323,0.9640348,-0.098967105,-0.19863567,0.9748823,-0.9814167,-1.2129911,-1.0105999,-0.79087603,1.1425165,-0.05797267,-0.5035157,-0.44298813,-0.41515565,-0.36469662,0.09890342,-1.3085493,0.06909841,-1.3412428,0.93348783,1.3881515,0.14677191,-0.30797768
430,1.537762,-0.30765343,-0.3566129,-0.63796854,-0.9826652,-0.97268224,0.71809024,1.3098221,0.22662163,-0.430448,-0.7273012,0.100889064,2.3287215,-0.9269671,-1.9214562,0.3159547,0.060399294,-0.5646585,0.41595292,0.9601673,-0.708498,0.11405462,-1.5566093,0.48246098,-0.22262716
431,1.2677301,-1.5127048,0.022294145,0.5834849,-0.9618975,-0.90608656,-0.4091729,1.0515225,0.4938395,-1.0117698,-0.31894836,-0.45022154,0.93281555,0.36654276,-1.9772087,-0.24439383,1.244978,0.37086147,0.5650618,0.46373197,-0.3862707,0.4104421,-1.5222846,0.19929051,-1.3112485
432,-0.492468,-1.3511653,-0.41551873,-0.04069686,0.27170068,-1.5665781,-0.01944238,0.8579609,0.4002856,-1.4503239,0.28332096,0.045606494,0.5118418,-1.5988894,-0.6376834,-0.5849683,0.39678466,-0.58622205,0.79768777,0.28092074,1.7233187,0.9149421,-1.559563,0.74341345,-1.0188227
433,-1.0897064,0.62171793,0.47157013,-0.5334902,0.7649469,0.67346096,-0.5582462,-0.31623363,0.32450366,0.15295748,0.5351139,-0.18501686,-1.8282261,-0.9752511,-0.91168606,1.8171624,-2.1206532,0.53461915,0.394593,-1.0687779,0.8051598,-0.7679715,0.32232344,-1.384815,-1.176311
434,0.7742245,1.1043186,0.27214962,-1.0049016,-0.14811939,-1.3387493,0.21199173,-1.0279576,-0.18347448,-0.8249588,1.1234455,-0.9048814,-0.90112567,-0.7270408,-1.1837364,0.7665957,2.3202543,-3.0950916,0.83773327,-1.1109604,-0.5419093,0.70395356,-0.34338856,0.52358174,0.5180272
435,-0.11467016,-1.5715642,-0.15044066,-0.06784153,0.41997457,-0.21209475,1.535706,0.381187,1.7114143,1.0117399,-0.5694864,0.040351033,0.7951439,-1.1374681,0.23538911,0.8609258,0.60693,0.3143311,0.450778,-0.87432337,1.2889868,0.86615175,-1.9761387,0.7088976,-0.6861675
436,-1.0243301,0.39192915,-0.66139483,-0.7689462,-0.047530577,0.19954658,0.1368187,0.25095242,-0.20631236,1.443458,-0.5000985,-1.9778043,0.17789626,0.48308402,1.1007596,-0.054071546,-0.7396332,0.13915735,-1.520289,1.358426,0.3192737,0.99717206,1.2842917,-0.029690742,-1.2450433
437,-0.038336396,-0.7077936,0.44393048,-0.48575497,0.7819814,-0.96048236,0.68863326,0.6626165,-0.9813876,-0.31167197,-0.76851547,-0.23177032,0.119760275,1.1422155,0.09856231,0.99054945,-0.33613372,1.3246086,-0.5248633,1.7485789,1.1121951,-1.6217988,-2.1615791,1.0580935,0.8852452
438,0.28940248,-2.090431,-0.04045044,-0.37089133,0.97431475,-1.5800254,-0.41434902,-0.7682353,0.3922217,-0.15347016,1.3231056,-0.72434056,-0.54151773,0.50669676,-0.7783463,0.21176577,-0.6048753,0.51449376,-1.1321434,0.15660441,0.74733627,1.2290978,-1.3906971,0.7264538,0.53348815
439,1.4393778,0.6064794,-1.1119014,0.4898907,0.16051522,-0.39852175,0.80708236,-0.57885385,0.20751965,0.14747979,0.16806346,-0.0675437,0.6777781,1.2471344,-0.15274078,0.51510096,1.2086127,-2.5874646,-1.3426163,-0.45726365,0.710207,0.4695977,0.34135252,-0.6183201,1.0374631
440,-0.17899597,0.3780861,1.8287816,0.33891153,-0.6577894,0.902701,-0.11684227,1.2470973,0.53506684,-0.06430639,0.2538507,-0.10291906,-0.18585134,-0.16044736,-2.123963,0.69854236,1.1675756,-0.28861675,0.26340532,-0.39753643,1.3003631,-0.32930443,1.4249606,0.8896611,-0.481189
441,1.5159117,-1.4628425,-0.78253627,0.4077158,1.0538282,-0.55194354,0.37076408,0.3825009,0.9493309,0.5893171,-1.4038799,1.1509664,2.0200634,-1.4955006,-1.1939975,0.6888906,0.55755675,0.6911065,-0.77704656,0.040733308,0.5932646,0.63809973,-1.2992209,0.5968602,-1.9521871
442,-0.48224187,-0.44139016,0.10942641,-0.8583665,-0.5884582,-1.7874517,0.054950237,-0.5020391,0.40868676,0.48552868,-0.92742205,0.15532564,0.7158985,0.6184153,0.9828353,0.43668318,0.26046264,0.16204816,0.26799214,-0.69413483,-0.91421837,-0.41995013,1.6386657,-0.26698756,-0.20755148
443,-0.53683317,1.4880395,0.42237934,0.47413802,-0.76496017,1.0156162,-1.4801489,0.5221396,-0.6646679,0.28157938,-0.2560575,0.6567823,-0.37451744,-0.5836963,-0.2841479,-0.5836951,0.4082489,0.9935997,0.32478637,-0.15590951,0.53566056,0.5321135,-0.58948135,-2.4356768,-1.6156008
444,-0.5728282,0.5052922,0.4708611,-0.3779211,-0.980435,-0.6576915,-0.43578476,-0.2675072,-1.6444528,-0.10981141,-0.50251794,0.69355595,0.08687508,-0.061845124,-1.0869794,0.4867928,0.9908161,0.6543773,-0.94752437,1.4317713,-0.9805982,1.1210787,1.5971062,0.21757841,0.14162493
445,0.35039198,0.2951193,1.2446038,0.68532085,0.21496205,-0.011188954,-0.5309682,1.2888291,1.0998148,0.6726674,0.6620422,0.7359758,-0.5578699,0.51917845,-0.15667912,0.38034928,-0.61305124,-0.10186124,-0.8602711,-0.9226587,0.7737198,-1.5055435,1.2894028,0.33411956,0.31767964
446,-0.18505406,-1.5247259,-0.19252607,-0.70221424,0.051845357,-1.2597321,-0.5981934,-0.23642093,0.564891,-0.24622552,-0.34015042,1.6655647,0.1982404,-0.408297,-0.25542063,0.31134307,-0.95520025,0.42705244,-1.035893,0.51565063,1.6720575,-1.2664797,-1.9181079,0.6726341,-0.5027151
447,-0.5009543,-0.73785365,-0.9934457,0.49481547,-0.6190941,1.6306796,0.012369394,0.6838777,-0.32012904,0.45249116,-1.2504907,-0.7944478,-0.87387276,-0.539011,-0.99216795,0.49348903,0.03157568,-0.34361386,-0.13128445,0.30119383,1.2371291,-0.43541753,0.9184848,-0.21350479,-1.6344318
448,-0.75556326,0.25606775,-1.2901524,-0.2110827,-0.17334402,0.78216875,1.0402997,1.1086056,0.3200549,-0.3248971,0.28626406,-0.8478205,0.08808613,-0.028670132,-0.35664883,0.9486624,0.35582042,0.1735341,0.7288985,-1.1959223,-0.81362486,-0.90496683,1.4865156,-0.16379476,0.4807006
449,-1.1294434,0.271379,-0.62422806,-0.89082694,0.47196096,0.63080716,0.7112717,0.101781726,0.374246,-0.05818884,0.30351758,-1.4189892,0.36865318,0.37933308,0.043407217,-0.1059975,0.07478249,-0.20693716,0.2165826,1.9135897,0.52820355,-0.031477123,0.72678113,-2.2468572,-1.400531
450,-2.2047124,0.12230253,0.26540473,-0.11920214,1.7748002,-1.1372353,-0.4966494,0.5477031,0.30304074,-1.1953951,0.802388,1.3326597,0.5125462,0.27182573,1.1835504,-0.99288005,0.7885537,-1.2134588,-1.1123159,0.44033393,0.20952392,-0.6758731,-1.8998159,-0.052551746,1.1334385
451,0.6632642,-1.3156358,-0.46325597,0.5723437,0.03149648,-0.8785622,-1.2120682,1.9824864,0.027031124,-1.6498917,-0.6439059,-1.132003,-0.15283096,0.3794369,-0.16388991,-0.69952816,1.654345,0.7788064,0.30273926,-0.050894335,1.0242282,-0.6295723,-1.9024111,-0.31319237,-1.3763168
452,-1.029558,1.2241669,0.21693662,-0.05406308,-0.24516451,0.14117508,-1.4910744,-0.49561012,0.73817194,0.26669034,-0.4414316,-0.9801596,0.08946383,-0.3001563,-0.11057499,-0.51135707,-1.0731597,0.9472849,-1.2489676,-1.1562166,0.22473234,-0.082069665,-0.2740023,-2.5161111,0.39952135
453,0.46536815,-0.40125465,0.39689642,1.6285105,0.031620115,0.6528793,-0.44267452,1.4497755,-0.20870674,-0.84154063,-1.4795915,-0.343969,2.4944358,-0.03343886,0.7184657,-0.8209498,0.59466267,0.055171132,0.303675,0.20479867,0.70404685,-0.35883856,-1.0787789,0.65223455,-1.7411494
454,-0.20247066,0.046720266,-0.29420164,1.0920511,-0.7539997,-1.1634233,0.5465916,0.3776494,1.5876951,0.102885574,-1.2764345,-0.8048995,-0.26477313,-0.5909275,0.66506493,-1.0230248,-0.32324862,-0.16554508,1.1342119,0.47779676,-0.21236202,-1.4169736,1.4474292,-0.07482171,0.39818323
455,0.03365159,-1.7495356,-1.2386559,1.121608,-0.6035317,-0.85441804,0.6747399,-0.18091452,0.6299319,0.027594563,0.28367603,-0.09626162,0.025078773,-0.3131786,-0.20758185,0.8594326,-0.8090457,0.51162523,-0.11263266,-1.3798667,0.30330324,-0.1748093,-1.5338396,0.6544452,0.53019
456,-1.1682489,-0.2630186,0.9055018,-1.6598268,-0.48485887,-0.8580538,-1.5146997,1.0722098,0.7217082,-0.031176925,0.10062486,1.1736314,0.25516534,1.9248321,2.4817116,-1.1037489,-0.24622577,-0.6752566,-1.0873697,-1.7974635,1.2011127,-2.0334637,-1.6950821,-0.20197797,0.5116168
457,-0.07833731,-0.089271545,-0.6463767,0.51087785,0.52876693,-1.2987063,-0.34357232,-0.48581362,0.23300147,-0.26542804,0.031747162,-0.11239208,-0.69607043,0.15000123,1.7262174,-0.27260488,-0.32492375,0.4767993,0.48337883,0.053299144,-0.67293215,0.79064447,1.4682873,0.99284935,0.13847578
458,-0.13021839,0.5490315,-0.20746121,-1.8087759,-0.9925821,1.7509369,1.6312587,0.039517462,-0.44558287,2.1514213,-1.0030316,-0.70668,-0.75995517,0.010213256,-0.6293385,0.28044474,-0.27127415,0.8595342,1.2261102,1.2992035,-0.25980034,-0.12092224,0.22833574,-1.5479884,0.19785762
459,-0.6323416,-1.7039088,-0.23478717,-0.30358458,-0.35960007,-0.9584985,1.3369253,-0.13449526,1.4468565,-1.3678557,0.78596205,-0.78154457,-0.24213088,0.47973162,-0.028662935,0.08807683,-0.845611,-0.3129669,-0.07448229,-0.40444463,-0.5099937,-0.3756235,-1.1103176,0.2951076,1.0985968
460,-0.90577173,-0.25833142,-0.62627006,-0.428998,-0.26181737,0.23897588,1.7035935,0.76025903,0.6509924,0.25932005,-0.026181072,-0.3639692,-0.10536611,1.3934991,0.17837627,0.47802663,0.28618515,0.12309611,1.606593,-0.39828092,1.1228417,-1.9918394,1.358081,0.6487367,0.8815696
461,0.55528814,-2.4307537,-0.7681421,0.44540715,0.6935906,-1.5727423,-1.0036294,-0.348693,0.5245342,0.22297835,-0.048953682,0.49671912,-0.045447946,1.735724,-0.6763958,1.0060722,-0.50422287,1.3550684,0.20232755,0.20947671,0.13307655,0.9070533,-1.2616159,0.42535138,-0.580595
462,0.6135141,1.2671556,0.26195362,-0.81117415,0.30511087,0.051100463,-0.77867746,-0.47297645,-0.3916917,-0.44745916,-1.7989311,1.4483691,-0.72066736,-0.43372238,-1.1259989,0.56632674,0.14011228,2.391057,-0.7213088,0.5061997,0.59592867,-0.55857337,-1.1217569,-2.6041105,-0.13115597
463,0.18148148,0.041591644,0.6969073,-0.67815876,-1.0404352,0.81758296,1.5454614,-0.12766564,-0.5094273,1.7806637,-0.1104376,-0.5163546,-0.7057016,-0.22278738,-0.59900963,-0.18576258,-1.0480924,0.9764069,1.0005362,-1.538638,1.5792297,0.7459989,0.42876506,-1.5350981,-0.4662466
464,-0.22648346,0.11527276,-0.4403068,0.68219626,-1.570249,0.0074871182,-1.8723007,0.44561252,-0.14606494,1.3888034,0.05600846,0.73474616,-0.760139,1.0374229,0.34854376,0.5719975,-0.32886523,-0.020444572,-0.45046812,1.0987232,-0.6896516,-0.98678386,1.1957527,-0.6677723,-1.071023
465,0.8742986,0.45142937,0.82126963,0.58927345,0.7487556,-0.7930739,-0.4312505,-1.6957964,0.06749934,-0.6720668,0.9171055,-0.20448445,-0.62649393,-0.3792115,0.01996927,-0.2975874,1.0419338,-3.006889,0.0007272661,0.753273,-0.7725276,-0.08009422,-0.20638919,-0.092148066,0.2734176
466,-0.26586878,0.07870507,-1.1731888,0.059731245,-0.710897,-0.7108042,0.009434938,0.22812855,0.7543576,-0.7397068,-0.6626037,0.069320194,-0.39465666,0.4669431,0.761677,-0.2428785,-0.6701733,0.21176785,0.5407964,-1.053033,-0.6896223,-1.1931295,1.5031452,-0.1195755,0.6174469
467,-0.046088338,1.0962205,-0.51491797,-0.8024328,-0.42935902,1.4857157,0.872405,-0.4502939,0.7251041,0.4323153,0.0982151,-0.35943514,-1.0423672,-0.98946977,0.4005251,-0.68516517,-0.95979226,1.0457451,1.0398917,-0.548892,0.36626536,0.27959436,-0.6348871,-2.1227927,-1.0088365
468,0.37891293,-1.5894251,0.500245,0.56224465,0.8000819,0.15646382,-0.6972378,0.7646897,0.18943667,-0.34787083,0.5984785,-1.3586524,0.31251657,0.1453448,-1.3934348,0.40021706,0.5588714,0.7274762,-0.07646236,-0.24586624,0.23454499,0.24089563,-1.2798351,1.0622416,0.9165646
469,-1.0185392,0.2983935,0.4158813,-0.40175676,-0.7150908,-0.60330784,1.1820121,-1.0643975,-0.80895287,0.34219527,-0.9580169,1.0109386,0.37726426,0.50295466,0.61109954,0.3949721,1.0509844,0.9670369,-1.5946949,-0.7044486,-0.35276142,0.6990321,1.4842048,0.20791602,0.09255314
470,-1.1495268,-2.088319,0.21730974,-0.102728605,0.25594985,-1.1912185,-0.8446169,0.360699,0.5358778,-0.9238726,-0.043473363,-1.3450853,-1.487442,1.0959735,-0.16341546,-0.5550681,-0.06923497,-0.36440307,-0.42702395,-0.059907682,1.3801116,-0.7286305,-1.419289,0.117302656,-0.37470508
471,0.72785234,1.4795451,-0.59593093,-0.075935364,-0.7743248,0.6446228,1.4975185,-0.5667051,1.4253526,-0.032958947,-1.2605712,-0.19438626,-0.34282184,-1.6162741,-0.26338977,-0.699381,-0.42888808,1.5592263,-0.40828475,0.3637209,0.63618445,-0.39732346,-0.43065083,-2.1298082,0.3410747
472,0.020604134,-0.65641797,0.23833328,1.4204643,0.9421139,0.14616999,1.0962808,1.3767197,0.98087955,0.053323377,-1.1867942,1.174676,1.6564274,-0.6296121,0.86474395,0.08896351,1.5044518,0.2459966,-0.15605736,-0.122466356,-0.5010218,0.7000093,-1.6656793,0.34987807,-1.7756495
473,-0.45910275,-0.16821063,1.1699773,-0.06371045,-0.45563567,1.7680378,-1.0617789,1.2489306,-0.039865136,-0.06561831,0.14582181,-0.6554632,-0.66956544,-0.5883304,-0.86191523,1.1118485,-0.4998607,-0.333768,-0.6132659,0.013240308,1.746622,0.68474287,0.9831759,0.030910492,-0.020576477
474,-0.3620261,0.8675122,-0.5593943,-1.2663875,0.9658557,0.48030093,-0.47198924,-2.0080452,2.2893784,0.1323663,-1.1676865,0.4235267,-1.2819729,-0.2658074,-1.1679225,0.20990789,-1.2737838,1.2311721,-1.9682707,1.7918214,1.4318637,-0.03958547,-0.796528,-1.1521024,-0.00839901
475,0.3280394,0.5840275,1.0006385,0.09433818,0.33472925,0.61895657,-1.3844221,1.3212559,-0.82442504,0.38337407,0.10940176,0.43350017,-0.5068333,-0.199956,-0.20896849,0.9771079,0.22823894,0.2530709,-0.10336959,-1.3076496,0.324068,-0.5109304,1.411572,0.6332772,1.2724602
476,0.67665535,0.2341485,-0.061105303,0.044617176,0.2330351,0.6132882,0.47924858,-0.012698233,-0.7463668,0.069855034,-0.16925713,-1.3208936,-0.64360976,0.44673353,-1.1754732,0.03636372,-0.20639133,-0.6056815,-0.37905,0.45261762,0.057760477,-1.0750713,0.80730623,-1.6133785,-1.6741722
477,-0.14836478,-0.11644256,-0.021232046,0.040460587,-0.8803916,0.6987153,-0.98676956,1.1175752,-1.364768,0.42649218,-0.41161168,-0.6881998,0.4290967,2.3824127,0.25191328,-0.9301369,-0.57777256,-1.4645705,0.74616945,-0.5006242,0.0069592893,-0.34872657,-0.7118956,-0.34111583,1.7373241
478,1.3114251,0.66524196,-0.04273957,-0.09543204,0.63756704,-1.2938821,0.74077386,-0.9569411,-0.018076003,-0.5278681,0.37110412,-0.3414305,-0.4160695,-0.26942515,-1.0286329,-1.2196848,1.8299227,-2.0780847,0.2733546,-0.83878005,-0.6453917,0.8391941,0.124292254,-0.29538178,0.27882516
479,-0.6734767,-1.6548414,0.121883884,1.0045621,0.024099335,0.12793586,-0.48612902,1.2306089,1.1481274,-0.61894697,-0.249356,-0.7014025,0.27252376,0.53956074,0.6150584,0.73438466,0.06218183,1.0230353,-0.007794529,-0.48370162,0.93581593,-0.6399373,-1.3666741,0.68065524,-0.12732601
480,-0.37667978,-1.5978975,0.045095615,1.3901005,-0.49854434,-0.9774462,0.04504305,0.34707123,2.1455426,-0.60625255,-0.06771392,0.92614776,-0.25081718,-0.7045879,0.023531333,-0.19539309,-0.5040451,-0.14641738,1.1705815,-1.3420882,-0.6282696,0.17873597,-1.3218614,0.82449055,0.5043491
481,-0.46224105,1.2174098,1.1360811,-0.6797826,-1.1382121,1.4806024,-0.8879069,1.4947875,0.25467336,0.19199735,-1.987911,1.4207411,2.6731148,0.9620519,2.0043907,-1.4507847,1.2001143,-1.6095685,0.73408675,-0.072935134,-0.15325963,-0.104119,-1.1382529,-0.18787432,0.9417169
482,-0.13472962,0.10088992,-1.3257703,0.24308097,0.07992286,0.7344759,-2.0744772,-0.36449325,1.2259536,-0.53501564,0.9489395,-0.97459537,-1.0590196,-0.9633981,-0.81538117,-0.022348404,-0.50769114,0.33201015,-1.1633885,0.017612979,0.48497152,1.095365,0.4320053,-1.470254,-0.66179824
483,0.20332336,0.55249023,0.53896827,0.2274158,1.6947372,0.55625,0.19196254,1.0168041,-0.92657965,1.0738868,-0.16682705,0.5254192,0.05460322,1.5260682,-0.5650039,0.5659641,-1.4019582,1.0289135,-0.6191612,0.7538644,-0.17447475,-0.5522814,1.0656413,1.1963212,0.45735836
484,-0.5885862,0.24736905,0.59457207,-0.045437098,0.62290406,0.09195241,-1.3731496,-0.6997105,-1.8288841,0.27739537,-1.2806587,0.27772802,1.1181747,0.28950804,-0.28801912,-0.6311079,0.6607319,0.32045174,0.20362467,-0.036033124,-0.5996805,0.36000162,1.489838,-0.10781193,-0.087389946
485,0.6132052,1.1067622,-0.73915815,-1.0091398,-0.4231851,0.4383054,0.5994857,-1.0147132,0.4716667,0.95269,-0.36697787,-0.63282096,-0.22934961,1.4211876,1.5310304,1.1254312,-0.41619432,2.1642528,-0.5193052,-0.53385377,0.4393596,1.6238441,-0.30861366,-1.8839278,-1.2108986
486,-1.7886128,-1.2720277,-1.3179803,-0.006323576,0.40735185,-0.4572715,-1.2326703,-1.0670139,-0.34558496,-1.0068932,-0.1953905,-0.64864486,0.2627374,-0.35644943,1.5633985,-0.7475937,-1.1814736,-0.6063985,-0.34236467,-0.3535167,1.1193284,-0.2255916,-1.4167038,0.006143093,0.67031896
487,-0.756788,1.2639048,0.34223944,-0.6280656,2.4472916,0.19651142,0.51143867,0.26686263,1.5442219,0.7330146,0.6122841,-1.293414,-0.9273186,0.96707064,-0.045019075,-0.121771514,-1.0232522,0.3423381,-0.1789028,0.6342304,-0.78615415,-1.671859,1.3471751,1.7080121,0.022438526
488,-1.8587279,0.11740041,0.2728121,-0.56004333,-0.8849807,0.7747658,-0.44702697,0.566692,-0.7040375,0.5635833,-0.7502595,-0.660986,-0.3627541,-0.17839712,-0.23652524,0.6249083,-0.33613002,-1.1007276,-0.3422734,0.78570795,0.242468,0.07893795,0.9771846,-0.7469679,-1.527668
489,-0.12406814,0.07251668,-0.44470325,0.9825947,1.1921096,-1.5269269,0.12649363,-1.5435289,1.2730718,0.10946334,0.48211277,0.46565533,-0.59149694,-0.5365581,-0.6371454,0.039502382,1.2289965,-2.2090683,-0.07586381,-1.3222138,0.06271285,-0.29610327,-0.070052505,-0.9695457,0.33565402
490,0.019946933,-0.2844131,0.14059022,-1.0093017,-1.0207675,-0.1173664,0.057399333,1.0155842,-0.7135127,0.19713567,1.2958639,0.45338714,1.267997,0.94469064,0.5863621,-0.7525195,-0.18368518,-0.56894433,0.60576975,-0.43182707,-0.2549087,-0.38200945,-1.3809658,0.16688418,2.2273705
491,-0.39091074,1.2119408,0.6354625,-0.6726427,-1.0180277,0.61936355,0.21363086,-0.08342731,-0.7684416,2.114157,-0.19294456,1.5348411,-1.5664902,1.3426926,0.9375632,-0.6915413,-0.311966,1.1783292,1.3199586,1.2770714,0.485551,0.41210908,-0.37486422,-2.1388175,-0.8223131
492,-0.12830007,0.0883708,0.19907653,-0.33528423,0.4906865,-0.66392684,-1.1128352,0.019062161,1.2743206,0.29350907,-0.6043818,-0.23821066,0.064929605,0.25321454,0.041233048,-0.33361012,-0.5884475,-0.5510949,0.41026527,0.63586247,-0.34701487,-0.42997456,1.5522734,0.012437344,0.9075309
493,-1.0302701,1.3623013,-1.1577612,-1.205003,0.06179458,-0.20770094,-1.6466243,2.819641,0.6091118,0.18622126,-1.6661203,-0.4427486,0.6887835,0.63859516,3.0985289,-1.9013243,1.5513117,-0.21033174,0.4190309,-0.3304819,-1.478475,-1.1582463,-1.9942492,-0.43921685,0.1851821
494,0.43782604,-0.2817006,0.9896018,0.1966834,-0.69278264,1.6213516,-0.050697386,0.8781439,1.0984259,0.38397753,0.7348061,-1.3262379,-0.48134017,-1.5623627,0.09984276,0.41183853,-0.9992919,-0.34021124,-1.568403,-0.48648396,2.035334,0.59008473,0.744529,-0.3642254,-0.28830218
495,0.22636366,-0.24228144,-1.2327147,2.90435,-0.20430017,0.26565227,-1.1573514,-1.2841452,-2.249332,-0.3410992,1.4825141,-1.3020487,0.77929157,1.4158897,-0.1705639,-0.7574854,-1.3737698,0.0039841533,-0.34988964,-0.84803355,1.3987778,-1.83499,-0.58615994,-0.0796392,-0.79911184
496,-0.15083158,0.66934776,0.20954537,1.0627472,0.5239676,-1.9820924,0.21816367,-1.0691805,1.2292457,0.50148535,-0.50818455,0.043376856,-1.1908224,-0.46678847,0.6579689,-0.2658741,0.4850793,-1.8775494,0.28548163,-0.92200994,0.20426756,-0.55015993,0.2855568,-0.2787614,0.8874421
497,-0.05987501,0.52178216,-0.48028544,-1.1222343,-0.004725173,-0.4029145,-0.4443883,0.0890187,-0.10643035,2.3046312,-1.1646447,1.0143853,-1.4131403,0.49690586,0.62092876,0.46274185,-0.93686354,1.2715023,1.9116176,-0.73482215,0.675635,0.1051507,-0.18267787,-2.0565004,-0.67484426
498,-0.41847754,2.9946985,-1.2905202,2.8616164,0.119886555,-0.22969022,-0.32275993,-2.6238952,-2.9904914,-0.41286913,2.5318663,-1.233172,0.76410985,2.6447928,-0.3470904,-1.4831117,-1.0290294,1.3825788,1.1190985,-1.2072331,2.6317396,-1.2155868,-2.220065,1.8813093,-2.5458226
499,0.7011922,-1.2092385,-0.65060776,0.38598883,-0.31587714,-0.17738059,-0.11951363,1.2033702,0.84674764,0.9700894,-0.8601676,0.16321029,1.5578275,-1.7598164,-1.3134079,0.45889807,0.566298,1.1955929,-0.22517356,0.22730532,0.2642308,1.9591181,-1.5370013,0.70681,-1.3814058
500,-0.68341756,-0.31673324,-0.39805087,0.23828018,-1.2871755,0.9240465,-0.87145114,0.28841394,-1.0654038,-0.011323296,-0.38178593,-0.039171994,-0.5272894,0.021766305,-0.0267587,0.23590386,0.94344425,-0.25882608,-0.9177135,0.51446855,0.001213342,1.5504432,1.178835,-0.6216161,0.21150076
501,-1.2389147,0.29745555,0.27375,-0.9619348,-0.17696515,1.3465961,1.0180795,0.87836844,0.27592468,0.7626192,0.013943493,-2.4090226,-1.1024394,0.22452503,1.1111565,-0.37325186,-1.0021055,-0.34480345,-0.45603698,0.7141576,0.034745604,-0.37400973,0.8138504,-0.85311306,-2.477975
502,-1.8530614,0.9670086,0.16310227,1.3227154,-0.93656456,1.5215613,0.51308185,-2.1484604,-0.301158,0.28988975,-0.33778477,0.26955408,-0.08414185,-1.1697798,-0.5428716,0.7773886,1.9774451,-0.1443662,-1.0843472,2.9275172,0.7003864,-0.24286139,0.11384106,-1.2571213,1.0471559
503,-0.47166383,-0.11695719,-0.34869197,-0.45360994,-0.46758175,0.22084934,0.0010954142,-0.53828406,0.61647403,0.77748555,0.2374165,-1.6075753,-0.9215741,0.32784098,-0.09721488,0.1349541,-1.025905,-0.5123226,0.8288593,-0.69102657,-0.61782366,-0.44167137,0.5719469,-1.95306,0.03029561
504,0.19000256,-2.35715,-0.3388432,-1.5196974,0.41781342,-1.6073985,-0.48309177,-0.60676956,0.521585,-0.118242204,-0.580396,0.9980927,-0.57270813,0.16393048,-0.58728445,1.1310107,-0.23430866,0.9343253,-1.0970855,1.098115,2.2250586,-2.2612123,-1.5029932,1.2661271,-0.85063386
505,1.4446448,1.0490758,0.17154044,0.896485,1.3791364,0.25471207,0.9974181,1.5751554,-1.3377779,0.281968,0.5544844,0.39623398,0.14708877,0.7942843,-0.59783816,0.68828106,-1.4850767,0.08594233,-0.42661738,0.7158176,-0.6590431,-0.33368587,1.0285472,-0.23274398,-0.545727
506,0.30581355,0.074385166,0.25347728,-1.0280097,0.50453603,-0.22466615,1.0016358,0.24372107,-0.22785914,-0.25893515,-0.23332071,-1.188934,0.42772055,0.45914692,-0.4838613,-0.09772974,0.07759619,-0.13692802,0.45711762,0.28372517,-0.15398753,-0.93080056,1.5767932,0.32754087,0.18220937
507,-0.9211855,0.295712,0.54336405,0.5275351,-0.5963813,-0.92460907,2.1228738,0.57027566,0.18552446,1.9610368,1.0440648,-0.91220385,-2.035839,-0.66097677,1.7235938,-0.3596658,-0.9773177,0.66362554,0.86095715,-0.08226805,0.4889233,0.8859784,-0.63049793,-2.6691916,-1.5249438
508,0.8705383,1.9093504,0.16562022,-1.2874503,-0.74670047,0.5501086,-0.6029651,-2.2508416,-0.46097878,0.39304528,1.2802117,0.21762513,-0.51641893,0.24124521,2.3103309,-0.66133714,-0.69473463,2.634089,0.43180233,1.5381559,1.2745687,0.81656903,-1.1076063,-1.4766148,-0.6901829
509,-0.15096748,-0.15547657,-0.24562082,0.18045402,-0.5249719,1.4920033,0.07776612,-1.0992249,-0.5342752,2.0174549,-1.3487495,0.4671541,-0.28962827,0.98829335,0.44528267,0.49938095,0.026079774,0.35591072,1.8309423,0.83502173,-0.69508505,0.13969481,0.24233043,-1.7880561,-0.54828453
510,-0.6213176,0.3415711,-0.56381905,0.013465643,-0.62501657,-0.035934627,0.7852698,-0.35341203,-0.07842541,-1.3709488,-1.6660752,0.41626406,0.40164232,-0.671637,0.50745416,-0.043451667,0.5541059,0.055600405,0.18371344,-0.10206512,0.695426,0.11365974,1.6084468,0.30241895,-0.15551686
511,-0.0743202,0.5559192,0.028705243,-0.8306925,0.5927204,0.35591817,-0.07662922,1.3725134,-0.7719141,-0.13924733,-0.15069604,0.28433332,0.36227036,0.37967998,-0.18081096,0.6537801,0.713485,-0.09985095,0.7109356,-0.37483567,1.2312185,2.046409,1.3942744,0.48079872,0.16157198
512,-1.0802624,0.4184668,0.070573635,0.4983461,1.8544044,0.95425236,1.0770257,1.6852798,-0.19449937,-0.7319747,-0.24864507,-0.1256935,-0.90291595,-0.085965276,-1.129322,-0.53386796,0.013046265,-0.8306707,-0.045109123,1.2428482,-0.09295753,-0.015976131,1.0484641,-0.4512545,0.04545617
513,2.2270799,1.3194027,0.35554305,-0.3802545,-0.4014156,-0.11570546,-0.10919297,-1.0173435,0.5259751,0.668625,0.80619055,0.84238064,-0.72888947,0.4255758,-0.58837795,-0.23164237,0.42258346,2.556639,-0.78007686,-1.1490859,-0.22454911,-0.27345717,-1.0842966,-2.5075204,-1.1953325
514,-0.97193265,0.177562,-0.23907432,-0.8221109,-0.8108822,1.2973,-1.3312386,0.035253525,-0.9786631,-0.17722856,-0.2740502,-0.029713228,-0.051831722,0.6075221,-0.00057303905,-1.6604141,-0.31980288,0.5914561,-0.4038111,-0.5949521,-0.11049205,1.6461182,-2.0431032,-2.0547273,0.875721
515,-2.5991266,1.5665689,1.6453463,-0.3994789,-0.11215204,0.5013778,1.2516968,-0.1668536,-1.0988139,-0.10393695,-1.2618076,-2.1437495,-1.2728832,1.2299879,-1.5488541,0.2842095,0.16327417,-2.2053607,-0.28245303,1.9335549,-1.3479688,1.8494732,0.16075516,-1.369969,-1.8582711
516,-1.3383548,1.052696,0.42965558,-1.6684232,-2.0030646,0.272969,0.24725908,1.9955232,-1.080165,-0.98596305,-0.79415345,0.3778571,-0.47852707,2.4123669,1.1027225,-1.4875573,0.60504067,0.4195407,-0.96977055,-1.7531925,0.6324961,0.4000007,-2.1865253,-0.23083961,1.7328975
517,0.4770292,-1.6735597,-0.46165207,-0.64382625,-1.2515635,-0.9658363,1.3503661,-0.37955844,-0.11118245,-0.46456933,-0.58570945,-0.72574764,-0.7457707,-1.1246737,-1.0445235,-1.218194,-0.52223265,0.22815692,0.49761856,0.3392958,-0.25810874,0.478545,-1.6669959,0.69325376,0.10990262
518,0.12666738,0.111196995,-0.7241361,-0.71465635,-1.6338437,1.9230049,0.8650883,-1.3193494,0.29926217,1.1335275,-2.1876643,-0.38934588,-1.4602396,0.8546832,0.0047850013,0.41353607,0.832788,0.934375,1.5170811,0.27364972,0.8719803,0.9544409,0.40723783,-1.530395,-0.5572555
519,0.7942535,0.1211555,0.2446079,-1.4435906,-1.0731324,0.2298159,0.60681516,-0.4048196,0.3785845,-3.521606,0.8876917,0.45353156,-0.24871504,-0.94821686,2.010558,2.6594672,0.9940562,-2.043593,1.0607777,1.067707,0.44560772,0.9247865,-0.54500055,-0.4873669,0.025108099
520,-1.8277051,1.7602401,-0.7567374,-0.6980257,0.07456002,0.0786486,-1.3015141,1.9478003,0.99010885,-0.21518484,-1.9452026,0.04088854,1.9693749,0.20315403,2.195129,-1.8613949,0.69438326,-1.2170143,-0.4217561,0.4750453,-0.8282702,-1.6185734,-1.70616,-0.6839309,0.1444273
521,0.5444926,0.88100505,0.35632145,0.6561184,-0.051515847,-0.51177526,0.45092195,-0.5809965,0.68134224,-0.8324808,-0.03757319,0.407793,-0.7247317,-0.47876456,1.0546509,-0.28076994,-0.62444943,1.3116903,0.6441122,-0.16031013,-1.5229284,0.03603232,1.4578406,0.5803025,0.26601183
522,0.19892693,-1.3066013,-0.46661124,-0.6380675,-0.46327138,0.44884554,0.5853619,-0.26982534,1.0778735,-0.045142278,0.65206116,-1.4533533,0.35649335,0.2797951,-0.18691322,-0.8342838,-1.8031209,-0.29852268,-0.6126803,-0.23854128,-1.5564909,-0.21132138,-1.2757179,0.6586869,1.3358061
523,-0.7516153,0.13922286,-1.467308,0.790159,-0.21647662,-1.0422632,-0.08556461,0.3323976,1.1319144,-0.66371053,-1.1378899,0.43504077,-0.3435359,-0.2065162,0.9425131,-0.7482195,0.10197163,0.5411392,1.0046436,-0.22087574,-0.34452763,-0.91286516,1.38964,0.37491512,-0.5795586
524,-0.18932831,-1.2146587,1.1857879,-0.35778308,0.5116487,0.27957165,-1.3729321,0.012493312,-0.34618792,-0.70480627,-1.6803973,-0.6800352,0.7302683,-1.6471761,-1.2229807,-0.6023338,-1.2673452,-0.39436844,0.9863324,1.9347527,1.3533851,-0.437498,-1.2664114,0.9649012,0.24746597
525,0.62398547,0.6940644,-0.48138395,0.83619344,0.66181135,1.1836205,0.14724845,0.7057197,-1.0090036,1.487477,1.316793,0.8781127,-0.56639767,0.7000013,-0.35469982,0.2578212,-1.2905978,0.7444785,1.479981,-0.39777812,-0.5660025,-1.5584314,0.32969266,-1.8236138,-1.2822089
526,0.70297766,0.43120456,-0.22008145,-0.5613811,0.83559704,-0.43735936,0.6901806,0.87798166,0.93033636,-0.6866924,-0.8648269,-0.6138919,0.5613456,0.15394968,1.2769355,-0.9246142,-0.9848131,-0.47531986,-0.7879907,1.1045977,0.6162776,0.38125843,1.4030781,-0.3436966,0.55066943
527,-0.70165396,-1.7466921,0.6236203,0.29441214,-0.38490456,-0.510955,-0.0009700656,0.3714477,0.49756944,-0.12736215,0.9205621,-1.5285904,-1.6220295,0.45737177,0.09125424,-1.3005525,0.63556206,-0.19784695,1.035642,0.6063278,-0.38095418,-0.5124371,-1.7631818,-0.014439583,-0.42273378
528,-0.97478247,0.7764826,-0.40874428,-0.98146176,1.0049126,0.23440352,0.7648819,1.8799849,-0.7445092,-0.187808,0.58995515,-0.1570005,-0.051993966,-0.6797048,0.5070137,-1.2112062,0.66745687,0.22402447,0.33867043,-0.6095805,-0.17300192,0.7178727,1.3070244,-0.019326687,0.1157614
529,-0.23209584,-1.842347,-0.7403999,0.7796414,-0.05218789,0.17465967,0.09556705,-0.18760139,1.0710368,0.7850806,0.41321343,-0.92821664,0.94089836,-1.2357517,-0.5915612,0.5419365,0.3908645,0.54389566,-0.63521516,-1.1842959,0.37879664,-0.110085905,-1.1461083,0.55874634,0.74500537
530,0.8876629,-1.0927522,-1.0766296,0.26275635,-0.9790343,-0.45006767,-0.9433829,1.8017391,1.0626136,-1.2922179,-0.7169019,-0.05895458,1.0932825,-0.7085124,-1.3243475,0.2502377,1.0383604,1.0347552,0.97509825,-0.090757124,-0.3210981,1.512886,-1.7082978,0.55987215,-1.6502264
531,1.6068113,0.03564191,-0.3668279,0.4443096,-0.33597076,-0.3288338,0.43172544,-0.6274276,0.6837913,1.1220545,-0.0015326142,0.45310605,-0.19691694,0.3626166,1.2477988,0.9430809,0.8270211,-2.9489226,-1.391715,1.0099919,-0.2968853,-0.13699082,0.3083073,-0.34623384,0.5402769
532,0.37568498,0.06827068,0.24899006,0.37711227,-0.26356897,-0.96256137,-0.10000217,-0.74011457,1.1760967,-0.9159027,-0.8365977,-0.41826278,0.2674315,-0.0073265433,0.45539647,-0.30428046,-0.54129463,0.08507693,0.3198204,-0.027927242,-0.05040905,-0.42077714,1.6906055,-0.5365956,0.27093887
533,0.4653895,0.7563777,1.4458095,0.72250104,-0.7321416,-0.46193066,1.7972913,1.6066973,0.9798254,-0.94617194,-0.9391402,-0.21636872,-0.17828095,-0.57339346,0.72780037,-0.37600058,-0.18845177,-0.82331616,1.5050702,0.9828334,-0.5215634,0.05231434,1.1068128,-0.6987586,0.45197558
534,0.9227803,0.59238696,0.81167096,-0.51667786,-0.22438553,-0.65211415,0.7549636,-1.3775867,0.5257536,-0.54793596,0.23209828,-0.1838909,0.045628548,-1.0358784,-0.44382587,-0.07108688,1.9930587,-2.7157266,-0.59076834,-0.811551,-0.66766304,0.072616816,0.2815572,-0.142766,-0.13949656
535,-0.6732135,-1.0498149,0.049355723,0.59524906,0.776201,-0.30524054,-0.9529851,1.1759598,0.07892048,-0.28896278,-0.86129,0.16968417,0.7561407,-0.9530464,0.71170974,-0.17467189,0.2854948,0.42435557,1.1347631,-0.5343858,0.97111213,-1.2616962,-1.2843674,0.5379238,0.28512955
536,0.4856022,-0.67008865,-1.2007926,2.9981437,-0.37972683,1.2483412,-0.88998854,-0.84153783,-1.4141471,-0.09961144,1.3958323,-1.4774952,0.7209375,0.81232697,-0.58946395,-0.54833233,-1.1421385,-0.675176,0.35568303,-1.0296649,1.1492124,-1.2509124,0.06382358,-0.035062313,-0.3152938
537,0.30719888,0.8553343,1.5372239,0.8389274,0.64025545,-1.0210006,-0.44302952,-0.96131635,0.054345727,-0.41015586,0.32470256,-0.15788426,-0.30442977,-1.0829725,0.081558295,-0.14019477,2.0924315,-3.1090634,0.77551603,-0.89440465,-0.30715257,-0.61135554,-0.14546943,-0.12776637,0.23396945
538,-1.0519564,1.0932522,-0.281101,-0.44263482,2.7843544,-0.12025809,1.33288,0.8304282,0.6297555,-0.36167356,0.19746077,0.34434736,-0.469949,0.60694367,0.29738468,0.433393,-1.5102868,0.09074032,0.29852188,0.8440939,1.213127,-1.1196523,1.2294905,0.45291662,0.9532188
539,0.8630544,-0.9816117,-0.082710125,1.5419832,1.3360842,-0.1174241,0.8499771,0.7540974,0.77721155,0.16605256,-0.2411784,0.6805161,1.6939759,-1.1026752,0.12699562,-0.28128904,0.5922226,-0.0019388199,-0.6313081,0.05826603,-1.2518082,1.9618647,-1.5958844,0.107168674,-1.2581213
540,0.7023542,-0.16338694,-0.33096665,-0.12865353,-0.5847147,-0.38146713,-1.0795293,-0.052571118,-0.7453828,0.7342858,-0.5396574,-0.37969077,0.6917778,0.6453876,-0.28512868,-0.59345174,0.66073334,0.33704847,-0.16398779,0.32576302,-0.5023005,0.30706245,1.6004359,-0.3802005,0.38136458
541,-0.0011882782,-0.13249075,-0.12844527,-0.9327762,0.65011597,0.78362775,0.93537,0.27644274,-0.36329368,1.5756541,-0.5098363,-2.3700454,-0.5612416,0.22802275,0.80239856,-0.07019895,-0.677027,-0.18479589,-1.0481236,0.7496847,-0.42510745,-1.1727505,1.0886631,-0.39510274,-2.512496
542,-1.1958644,0.004078388,0.31104785,-1.1740212,0.22966516,0.5504484,-0.10431439,-0.4574257,0.7243109,1.3793942,-0.64426214,-1.1984451,-1.0325239,-0.33332145,-0.38815746,1.371437,-0.9397884,-0.9920304,1.2704706,0.18514773,0.56927276,-0.3042487,0.49835914,-1.6803731,-2.1446905
543,0.18576026,0.99334717,-0.1424815,0.007241726,1.1423104,-2.58455,-0.6958753,-2.4837546,1.7552302,-0.25266472,-0.2472825,-0.9197926,-0.87729406,-0.5086417,1.1650118,0.42212188,0.92849135,-1.6289691,0.2126962,-1.4460558,-0.016919076,-1.2188474,0.24313319,-0.24602234,0.31632257
544,-0.776762,-0.26200294,-0.48930272,-1.1165383,0.2919137,-0.5853852,-0.83022255,0.059112012,-0.6397079,0.23115405,0.43239868,0.47939616,-0.39772534,1.7378471,1.6784465,-1.6211807,-1.4725809,-0.9429908,-0.026677102,0.7315637,-0.21586218,-1.4909582,-1.6673471,0.012588024,1.5278201
545,-0.69264126,-1.6650844,0.51715076,-0.4369943,0.43099788,-1.6311916,-0.45557672,0.8587916,-0.052024603,-1.184753,0.13364065,0.14096023,-0.5640466,0.5090335,-0.23130715,-0.63357425,0.2132895,0.4370907,-0.24097672,-0.80991817,0.6623621,-1.6639147,-1.477364,-0.33884346,-0.8252137
546,-1.0969601,-0.16917062,0.35388917,-0.00022435188,0.08874289,-0.02560559,-0.5831737,-0.22973871,-1.5112116,0.750968,0.81902164,-1.3988931,0.4371537,1.4896927,-1.5497525,0.72423255,0.8790064,-0.02356702,-0.13687858,1.1218476,0.18296689,0.4057179,1.228021,-1.2777615,-0.80328274
547,0.14354515,0.5202856,-0.48613772,-1.0771325,0.45208368,-0.87980974,-0.51997626,0.43741596,0.36314178,-0.5721173,0.8279962,0.75720245,1.8625978,1.3264027,0.6136846,0.85381114,0.64547503,-0.075176954,0.2388984,1.2442124,-1.0653007,0.38076156,1.5571874,0.2547934,-0.2561891
548,-0.72495246,1.4670999,-0.103792466,-1.2974551,-0.526443,0.71081215,-1.9187415,1.469219,-0.13396513,-0.374243,-1.4611669,0.92847914,1.9463983,-0.3695923,2.2592843,-1.0580379,-0.1596154,-1.4782488,-0.024984479,0.55136454,-1.752869,0.8350267,-1.6424397,-0.04835868,0.26764894
549,-0.3166498,-1.4830632,-0.8066953,1.0404689,0.38312736,0.7789663,0.7259994,1.2646816,2.2106993,0.29838824,-0.84233695,-0.60191464,0.60043764,0.43044108,1.3347272,0.29138017,1.5849168,0.64476603,0.25343472,-0.6736146,0.76093614,0.28032935,-1.5978998,0.4137454,-0.58394146
550,-0.52255106,1.3629289,0.10268159,0.67917943,0.027240261,-1.8035245,1.2498114,-1.9922329,0.3291452,0.22797468,0.7368379,-0.13925318,-2.073476,-0.59013546,0.07611589,-1.3054645,1.3821464,-2.41666,0.3910511,-2.1085885,-1.0191352,-0.70665437,-0.033494353,-0.17547035,0.46014345
551,-0.3841517,-1.0311152,0.22344837,1.0996449,-0.021968976,0.6413464,0.80208653,0.2720146,0.39129567,0.892162,-0.9937379,0.19316696,2.0628579,-1.8984611,-0.5628029,1.0299278,-0.26809204,-0.2236346,-0.66211736,-0.12349584,-0.19496554,-0.12919578,-0.94357264,0.847451,0.010104179
552,-1.4789588,1.8842328,0.57626885,-0.59383917,0.53461885,0.004773289,0.26720446,-0.90810513,-0.8836084,-0.2087611,0.7412583,0.8592914,-2.1324666,0.073363185,-0.11353451,-0.9648371,-1.261146,1.7779102,-0.56794226,0.76141477,-0.41036227,-0.1629717,-1.1566938,-2.1452644,-0.0001282692
553,-0.8351965,-0.108266115,0.12448996,-0.352957,-1.7261543,-0.31138107,1.760201,0.6280049,0.69424355,1.3773696,-0.26485455,-0.64077026,-0.80216575,-0.5812246,-1.5945693,0.35366356,-0.4770822,0.20437759,-0.4793498,0.88291144,1.5440558,0.5833456,1.2618698,0.2740686,0.23939204
554,0.2953881,-1.2684566,0.9276418,0.14376187,-0.4113385,-0.66975594,0.14169127,1.4815238,-0.6960319,-0.97697586,1.0293994,0.62635577,-0.3377602,-0.070106566,-1.2727499,-1.4028666,0.7635561,0.7321107,-0.5797358,-0.6308627,-0.6981726,-0.12628236,-1.2692801,-0.2740097,0.5144142
555,0.92493916,1.2231915,0.00942947,0.005513191,0.3402403,-0.95314384,0.08439702,-1.7062236,0.86731505,0.41078976,0.85751945,0.057836317,-0.73209405,-0.27234608,-0.05483091,-0.63371575,1.5094204,-2.3907695,-0.16979602,-0.37430024,-1.7988601,0.65157324,0.0031985044,0.18052149,0.005797863
556,-0.64459753,-1.6580575,-0.1947253,0.8987596,-0.025671616,-0.36799815,0.27985972,0.52290446,-0.07598108,-0.038982656,-0.946535,-1.3072861,-1.0291054,0.23379153,0.4597603,-1.6716672,0.5321082,-0.21329975,0.3919214,0.2777657,-0.41277313,-0.7826961,-1.5256985,0.4473691,0.18204212
557,0.10686898,0.062381268,0.11697419,-0.6264365,0.72659314,-1.647879,1.5677676,0.123666525,1.0994115,1.4151678,-1.0100955,0.2613309,-0.51089454,1.1627443,0.24898827,-0.86378795,-0.9517503,-0.38550794,1.5166378,0.4155729,0.5366548,0.057391047,1.2632685,-0.22687244,-0.1585362
558,0.48137134,0.4445455,0.49543014,0.034818888,-0.82115006,0.9458277,-1.3495595,0.7063357,-0.18623316,0.13595356,0.13149935,1.222511,0.6786305,-0.25552803,-0.73510563,1.3605582,0.27896714,0.24671203,0.093615115,-0.6185887,0.9512491,1.0281317,1.564712,0.92184806,-0.16175294
559,-0.035114884,-0.15874565,0.45883325,-0.38117337,0.24740098,-0.3322625,-1.0309739,-0.49433362,1.6847239,0.18409519,-0.9006127,0.5621159,0.8051673,1.5813961,0.43094283,0.42047203,-0.20898151,-0.3538288,1.0107602,0.87469435,0.18337846,-0.014861107,1.4078617,-0.18755794,0.38399422
560,0.5329029,0.75152016,0.92094404,-1.7354777,-0.12340507,-1.0413582,1.136478,0.34494707,0.36869633,-0.56095475,-1.0532858,0.59179217,0.686501,0.047501147,-1.5068576,1.0804046,2.234814,-3.1291654,-0.6166326,0.4693074,1.0024046,-0.26039526,0.27887583,-1.1643581,0.29223132
561,0.16866708,0.60342765,-0.10534056,-1.3604765,-1.024504,1.8246205,0.4492374,-0.7737231,0.42600214,2.0842173,-2.2100677,-0.12842108,-1.404427,0.64342624,0.79027724,0.22864151,0.062422514,0.76206595,1.1176865,0.29285908,0.8324964,1.2067685,0.6368888,-1.0970571,-0.1311965
562,0.4301982,1.2378554,0.32963106,-0.6976075,-0.02753158,1.6791925,-0.19295007,-0.8680848,0.2107774,1.072191,-1.4630531,0.42098063,0.4438517,-1.6956334,-2.1963265,-0.3002991,0.18820655,0.50436395,0.14976537,1.2874991,-0.0037631094,0.21990913,-0.34737706,-1.9785107,0.15392566
563,0.21587718,0.44586182,-0.11607521,-0.56380343,-0.9008875,1.4366848,-0.37920052,-1.4810914,-0.654691,0.6637483,0.059197307,-0.09430662,-1.7168603,0.74764067,2.2915697,-0.53274304,-0.5471784,1.9680612,0.37531215,0.6539079,0.19531679,0.36665255,-1.0686086,-1.9037247,-1.3547995
564,1.2396274,-0.17399096,-0.2562131,0.25649524,1.5074087,-0.14412105,-0.3888836,-0.41383696,0.05688238,-0.5268915,-0.30644482,-0.25128102,1.2986336,0.14320427,-0.15774721,-0.5587127,-0.80747086,0.4101376,-0.8503565,0.4121187,0.12240398,-1.032703,1.5753064,0.34294248,-0.32038736
565,-0.22563958,0.14273906,0.8603127,-0.8687086,-0.31551647,-0.9625524,-0.52369535,-0.050081372,-0.68011385,-2.1203747,-1.117162,0.17460985,0.24787974,-0.8714446,0.94394445,-1.358774,0.3009827,-0.19818813,-0.2898559,-0.30751163,0.25402158,-1.6390874,1.4960409,0.2638874,-0.3401897
566,-0.23017561,-0.20082915,-1.1845884,2.6613383,-0.57977855,-0.40505382,-1.174565,-0.9977999,-1.0632162,-0.52191716,0.5892324,-0.7557982,0.7587435,0.7184482,0.12986125,-0.73852193,-1.1024146,-0.3214434,0.64803696,-1.3500903,1.6710063,-1.2317352,-0.24230897,-0.07028198,0.20996964
567,0.25577962,0.28086138,-0.8247554,-1.3557827,-0.6992296,1.2704846,0.005831957,1.8324447,0.34542668,0.062585354,0.7008485,-0.7343529,0.4079951,0.61762995,-0.9196961,1.276605,1.1626441,0.11686611,0.498446,0.60483515,0.095014215,0.10484511,1.1088231,-0.09945631,0.271518
568,0.4899541,0.059192896,1.1110842,0.7148565,-0.032005295,-0.59216905,0.17418653,0.5110687,0.18289268,-1.2907239,0.0862267,-0.5600221,0.012040377,-0.9292729,0.6377968,0.30923605,-0.26780176,0.18499917,0.63980734,0.4928834,-0.18458527,0.65707284,1.4440742,0.33714962,-0.11626172
569,-0.4304211,-0.71184325,-1.0821542,0.64468694,-0.15675244,1.1766592,-0.69071233,-0.15399438,0.83868897,0.49897757,-0.9260056,-0.6409151,-0.46107984,-0.84350187,-0.34784225,0.2871071,-0.33127832,0.4600039,-0.06013146,0.770126,0.745402,-0.512583,0.7259301,-1.6250377,-0.08147764
570,-0.47882783,1.2537096,-0.73379916,3.1591482,-0.03646885,0.40189108,-1.1716034,-1.68216,-2.24182,-0.99415326,1.4223783,-0.99643904,0.6184176,1.9389694,-0.8223263,-1.2127329,-0.5735374,-0.27034667,0.9187503,-1.1167085,1.4777545,-2.0819895,-1.0761102,0.59130216,-1.7443161
571,1.2627071,0.049520254,-0.29547074,-0.119904995,0.107920565,1.4756582,-0.49772388,0.7954064,0.06941342,1.4217613,1.2466955,-0.49952507,-0.16093266,0.95039195,-0.3738239,0.892905,-1.1862917,-0.17746171,-0.32125664,0.87455475,-0.6460178,-0.024372399,0.9693843,-0.26479983,0.01793027
572,0.6005131,0.08246589,-0.3460032,-0.3558507,-0.34878367,1.1047845,-0.28970176,0.28444,-0.89010096,0.902397,1.2714894,-0.64232457,-0.67867374,0.5033352,-0.59551656,0.66033864,-0.4109218,0.2867489,0.44900244,0.10210511,-0.088820815,0.52279013,0.50305444,-1.621562,-1.0674407
573,0.013815641,-0.4955331,0.9875934,-0.9613273,-0.5154169,0.6949983,-0.89264286,0.5018437,-0.41957477,0.31174746,0.362216,0.5871978,0.69345,1.3938138,-0.15653965,-0.8488138,-0.43436676,-0.952224,-0.43617225,-1.0340286,-1.14713,-0.47397405,-1.1966068,0.49392486,1.9975069
574,0.15614712,-0.10091019,0.5048222,-0.6289561,-0.9571557,-0.29922065,0.1608432,-1.1805313,0.34993768,0.3436957,-0.5737438,0.715716,0.60573995,-0.104949236,0.2117138,-0.14003444,0.27220976,0.13211471,0.89714265,1.0465145,-0.20592688,0.19149423,1.7445276,0.6799104,-0.15510798
575,0.07436383,-0.78257525,1.0696164,-0.5170195,1.1053197,0.17400718,-2.358056,-1.8073372,-1.5996542,1.2338351,-1.2109,-0.27257127,-0.2799325,2.3859186,-0.7186301,3.3753676,-0.8292362,-0.33679888,1.1389276,1.8299341,-1.8409591,0.12876838,-1.6039282,2.0131524,1.8817075
576,-0.047167063,-0.9920356,0.0937901,0.80466866,-0.15747517,0.5594928,1.9636335,0.7481154,0.7181972,1.6501852,0.63572246,0.9108147,1.254128,-0.7785831,0.7293508,1.5145825,-0.29083335,-1.0244098,-0.21085893,-0.07964031,-0.2796088,-0.5570661,-1.5954152,1.0723588,0.39008796
577,0.7360115,-1.9625783,0.5991003,0.22436285,0.15666293,-0.6828418,-0.51521385,0.31141013,1.3280442,-0.609123,0.6794062,0.2564164,-0.22142196,1.6959639,-0.12093902,-0.23218358,-1.0821255,0.22110385,-0.36694717,-0.56793904,-0.10816872,0.7311867,-1.1169099,0.121963024,0.21572614
578,-0.45742,0.92816496,0.5976122,-1.654459,0.25453544,1.0505518,0.8829525,-0.0007136464,-1.1265163,0.5591367,-0.7313844,-0.036363885,-0.9108794,0.541603,-0.5011196,0.40067613,0.29973173,0.36967736,-0.5486471,0.71443486,-1.331007,-0.5185893,0.06258309,-2.2977006,-1.4373457
579,-0.36903405,-0.17031682,0.5900753,-0.5446007,-1.2628169,-1.4337655,0.02268666,-1.1945877,1.3787398,0.7490198,-1.0928147,0.30535102,0.20469558,-0.13806772,0.5855925,0.48211658,0.12702572,-0.10289484,-0.2901193,0.98127127,0.100553215,-1.2721301,1.6176455,0.45015168,-0.41645074
580,-0.40530324,0.64850116,0.013537727,-0.25829005,0.86504143,0.9723108,-0.07892859,1.2630403,-0.97637796,1.3346956,0.8802709,-0.86566484,-1.8367038,-1.554598,-0.82533324,-0.00886631,-1.0308192,1.6930509,1.7300929,-0.9027909,0.3053478,-0.55825865,0.5798385,-1.2661291,-0.14895535
581,2.1499891,-1.771097,-0.70500517,-0.2277832,-0.9972017,-0.98709035,-0.09764671,-0.53124034,0.026010096,0.35874012,0.023109436,0.31492475,-0.56925774,0.18219537,-0.87266624,-1.244391,0.023232102,0.7253285,-0.19211155,0.3272362,0.11509925,0.15540224,-1.6508418,1.1176977,-0.3469336
582,-0.1331532,-0.71380496,-0.046236873,-0.25948167,-0.017942816,-0.014085591,-0.31048232,0.5592708,-1.2916341,-0.36297143,0.728121,-0.6110333,1.081775,1.0556557,0.48583233,-0.32810014,0.3263706,0.072378695,-0.8999505,-0.55531317,-0.68756473,-1.0243788,-1.4898225,-0.18443298,1.8098675
583,-0.6367345,-1.9722042,0.71815073,2.2681723,0.17518745,-0.5575018,-0.010966122,0.035203934,1.4178445,-0.50142664,-0.6391756,0.10216046,0.052935004,0.19248503,0.5921069,0.766322,-0.4196568,-0.11030364,0.7142761,-0.4570204,0.02522096,0.43988287,-0.9039048,0.31873727,0.99919486
584,-0.5562148,-0.17164874,0.7127838,-0.06827545,-0.65858805,-1.3910526,-0.20239854,-0.33810115,0.78275347,0.22490866,-0.26325265,0.35467076,0.40644324,0.68577594,1.1774675,-0.7213644,-0.5562099,-0.4247798,0.34013104,-0.50590813,-0.0036967099,-1.8866048,1.4021516,-0.06471968,-1.0201132
585,-0.41857743,-0.2978499,-1.132747,0.60660183,0.68675387,-1.3317131,0.4356777,-0.47412848,1.2541518,-0.3438647,-0.13764018,1.0474075,-0.14766145,-0.37892866,0.36771443,-0.67743564,-0.7425196,-0.15523052,-0.04027295,-0.9861965,0.23855466,-0.42118782,1.5026087,0.32040596,0.25130367
586,-0.9230981,-0.22726989,0.40852213,-0.7800822,-0.35819876,1.0001373,0.989129,0.023759961,0.17425418,0.60207844,-0.28914228,-1.7120373,-0.13394678,-0.08081436,-0.6456907,-0.032983303,-0.39855313,-1.1570175,-0.03313291,1.0163311,1.1905576,1.3996339,0.9309414,-1.3083885,-1.5277405
587,-1.7175078,0.8807132,0.1060566,-0.08420944,0.20631424,0.6140986,1.7976077,0.22379464,-0.6759417,-0.08952622,-0.58796996,-1.8664244,-1.0970585,-0.47820053,-0.40853485,-0.1964218,0.8826518,0.18853235,-0.70286286,0.6517118,-0.52707356,-0.35781276,0.68985856,-1.98434,-1.2461104
588,-0.32688046,-0.082719564,0.22192195,0.3372308,-0.35116142,0.6671965,0.6760642,0.56957805,-0.586165,0.23006205,0.19339544,-2.7373922,-0.6292269,0.5979021,0.10744392,-0.24895334,-1.0344868,-0.5663908,0.022187918,0.3159429,0.99119544,0.816989,1.0683237,-0.95517373,-1.0663953
589,-0.04566431,-0.18707597,0.62006706,-0.10551119,-0.20662534,1.6012396,0.1286158,-1.298261,0.4446596,0.54781896,-0.18666768,-0.31121492,-0.054334044,-0.16513884,0.40099663,0.21487916,-1.1952957,0.35463244,-0.06884831,0.18267551,0.48663342,-0.86089766,-0.5787194,-2.511091,0.08944368
590,-0.448928,0.40246224,-1.3056153,-0.86559963,0.22333792,0.42343935,1.4845755,1.106289,0.35684526,-0.701877,0.13597882,0.025374167,0.9698894,-0.24760741,-0.41774926,0.93685853,0.33244753,-0.40924865,0.3221392,-0.49149245,1.0083244,0.049631894,1.3678317,0.58052063,-0.03456974
591,0.03741622,0.19668865,0.22759116,-1.4343758,0.8687384,-1.8369882,2.0589535,1.6798832,-1.2355584,-2.0970333,-0.49650982,-0.58124423,-0.85573816,-0.9725568,0.156141,-0.43256634,-0.8031047,1.0190687,-0.38693,1.2638443,1.4571794,-2.218866,-2.2516642,0.8645015,0.9225074
592,0.033502102,-0.2294141,0.45555666,-0.13929677,0.6815764,-0.84923697,-0.4929919,-0.27364588,-1.1735262,-1.8458644,-0.84562737,0.6866708,1.2523812,-0.48439422,-0.8375411,-0.26604152,0.22348177,0.4643007,-0.5045989,0.04195726,-0.15168741,0.17574453,1.4992322,0.052413225,-0.5284574
593,0.45315868,-0.6781473,-0.37428898,-0.09300852,1.1775746,-0.40125588,-0.06113994,-0.47789395,0.25840127,-0.85205114,-0.19471571,0.5221956,0.022790432,-0.040770948,0.84270644,-0.35076576,-0.07531631,0.6154886,-0.13280913,-0.24845631,0.19287384,0.27807558,1.6084406,1.4185266,0.6640203
594,-0.11637282,-1.0706538,-0.122759886,0.86487937,0.68699116,0.1749976,0.30791873,1.5708698,-0.066581786,-0.9340672,-1.4139043,-0.14247642,1.0811641,-0.35226083,1.4062725,0.39267147,1.4005291,0.20494556,-0.5569061,0.12487206,0.4523121,-0.5839145,-1.7467114,0.22592163,-1.2055633
595,-1.6370218,0.11704564,0.95275056,-0.6882534,-0.67274904,-1.3657537,-0.099942446,-1.6399041,1.2229393,0.4603096,-1.5190694,0.032843158,0.8090628,0.46960944,-0.7830416,0.7828481,0.13331985,0.75015694,-0.8112089,0.7172414,-0.38838345,-1.181249,1.6433339,0.64618254,0.19969356
596,1.3296309,0.31788898,-1.1838092,0.67848706,0.7809293,-1.0711247,-0.07409948,-1.0983751,0.1440714,1.2994536,0.8256112,1.3704909,-0.12011981,0.2799937,0.8866705,0.50980127,0.42135847,-2.8134458,-0.65619594,0.012267411,0.08886284,-1.1371053,0.41885507,-0.083050966,0.45833027
597,-0.20858645,-2.1073618,0.85388505,0.85282326,0.051966667,-1.0177498,-0.9524509,0.13781917,0.81566334,-0.7701178,0.7294565,-0.19195487,0.12036991,0.5161014,-0.60898936,0.10896897,-0.62460184,0.2226516,-0.76649284,0.33837098,0.7344068,0.42147285,-1.0272475,-0.2178936,0.10701597
598,-0.049149156,-0.04220724,-0.2020646,-1.486949,0.2777906,0.6056093,-0.496104,1.1629131,-1.5934669,-0.3694762,-1.913882,-0.15733461,0.11513448,2.2690387,0.728863,-1.219134,-0.25569898,-1.070605,-0.9394463,-0.46210822,-0.73234,-1.2635881,-1.3469335,0.098017216,1.5822643
599,0.21303058,0.8640094,2.270344,-0.8967962,-1.250067,1.7002684,-0.051395178,0.87125856,0.690119,0.45494682,-0.94036186,-0.22747503,0.51485753,-0.553947,-1.1470277,1.2454838,1.1764493,0.35019046,-0.124391705,-1.3792856,0.44887936,0.16822618,1.5710618,1.1370397,-0.9487028
600,1.2084488,-0.572621,0.4338913,0.94898033,0.41431946,0.82817566,-1.3491108,-0.9105786,-2.5177042,0.5944476,-1.4018171,-0.9028198,0.5450338,1.4893584,0.5341172,2.3851323,0.026365161,-0.51352787,0.117750525,2.0869677,-1.813352,0.8161102,-1.3836528,0.83571196,1.5783405
601,-0.33543956,0.79006004,0.054192312,0.40464532,0.51962495,-2.6634815,2.9236612,1.2907426,-0.14934164,-0.01843743,-0.2656892,-1.7670999,-2.2599075,1.321847,2.138223,0.41304934,0.11259842,0.56100374,0.041204333,-0.20196591,1.2008892,0.81421655,-0.045298815,-1.0187024,-1.7700813
602,-0.69153523,0.49845982,0.9299186,0.588727,0.9745971,0.43222085,0.86139184,1.069689,-0.108362675,-0.36511853,0.35522908,-0.2655214,1.1213114,1.247627,0.38746583,0.005684495,-0.30176032,-0.83045846,0.43963993,0.07658741,0.26055533,0.8606183,1.3207866,-0.78167963,0.42340255
603,-0.35885084,-1.2703083,-1.5058974,-0.25321007,-0.89240706,0.6184329,0.14275247,0.2860404,-0.76737595,0.6681613,-0.009245932,-0.620326,-0.0055977106,0.24198467,0.7430643,-1.3126514,-1.2727932,-0.78114957,-0.17648625,0.8289988,0.4885878,-1.5519042,-0.9845215,1.2520766,1.4762148
604,-0.15887415,0.30658078,0.19807649,0.41247427,0.37326193,-2.4125383,-0.44612712,-0.017695725,0.30286694,-0.57877547,-0.38012433,-0.44692737,-0.037745833,0.12122601,0.4191445,-0.54071045,-0.14590824,0.59389967,-0.4841736,-0.3998013,0.3531834,-1.2239712,1.4081354,0.15763235,-0.040694714
605,0.35859716,1.110707,0.72015476,-1.6592112,1.48082,0.045258284,1.4170697,-0.9183575,0.1856916,2.5689952,0.877395,-0.9171621,-1.4552162,1.3114617,0.19638093,-0.16563737,-2.0766335,1.355191,-0.50744385,0.7584474,-0.25239727,0.19158357,0.24961841,-1.1251279,-1.517003
606,2.159986,-0.060125113,-0.994463,-3.0868173,-1.4630805,0.5493311,-1.0320175,-2.569631,-0.73170686,-3.4092607,1.1123834,0.46336335,-1.194838,0.74229866,1.9217864,2.5928478,0.17223251,-1.5435128,1.1313468,1.2669429,-1.3937598,2.2117138,-0.7061211,-0.008661032,-0.8416159
607,-0.6358354,0.67168427,0.5285037,-1.9373636,-1.0017359,0.031431645,-1.2635871,0.6709434,-0.66802514,0.11565758,-0.43685463,0.578764,1.1964382,1.7438643,0.055253446,-1.6005576,-0.9119402,-1.4241805,0.41642082,0.3659074,0.011120737,-0.8049064,-1.5384618,0.16331315,1.7924535
608,0.9733603,1.550698,0.4719132,0.37489212,-1.001182,-1.5052526,-2.6079352,-1.634859,1.4504156,-0.32180855,0.6662651,-0.61438286,-1.1177387,0.30985123,-0.6868597,0.6475854,0.8859067,-3.1726131,-1.3899753,0.8380902,-0.42391315,-1.984467,-0.27563834,0.88986325,0.22963476
609,0.8198219,0.3683164,0.6682473,-0.2635727,0.3785566,0.0155701935,0.48374385,-0.7399539,0.15355617,-0.07201247,1.4796975,0.22741227,0.5229174,-0.15197426,-0.8780072,0.85245526,1.9058058,-2.8455896,0.44954097,-0.73462343,-0.059413403,-0.85139555,0.37877858,-0.4658755,0.62462056
610,-0.25359368,1.37398,0.7459658,-1.1825604,1.1103597,0.844352,0.53985816,-1.4984838,0.63911545,0.28713647,0.3871057,0.98471373,-0.85419154,-0.26060545,-0.68905413,-0.62957436,-0.78123903,1.7428107,-0.17270422,0.46204725,0.42575705,-0.00601846,-1.0374075,-2.0423284,0.03471136
611,-0.033810616,0.9846964,0.25480267,-0.7275233,0.07168023,1.5262458,-0.83038586,-1.524752,0.8001381,1.4158369,0.73111874,-0.13626377,-0.26222718,1.0112894,1.5633359,0.34087825,-0.6319288,0.9644148,0.16455156,1.429352,-0.893901,-0.24582249,-0.8528422,-1.9128357,-0.66033244
612,-0.13005245,0.07961273,-1.2734519,0.38840747,0.906009,-0.89876664,0.006447971,-0.6310481,2.1427853,0.490278,-0.75587964,-0.28702152,-0.17028773,0.2584402,-0.02779992,0.11744845,-0.7871593,0.32148635,0.3436023,0.39374068,0.6204426,-0.6591737,1.6255716,0.84345055,0.5587418
613,0.131868,0.5730741,-0.8148628,0.46193206,-1.3637412,0.1719059,-1.038042,-1.1012422,0.44934058,1.4235587,1.0231235,2.0092428,-0.072642565,-0.7548166,0.39746636,0.41579008,-1.1520046,1.4231031,1.6806284,-1.3165853,0.5068529,-0.06666413,0.022518277,-2.0014434,0.34897995
614,0.9763167,0.32000494,-0.29498336,-0.30028772,-0.6764531,-1.1217295,0.9753774,-0.46992183,0.72555315,-0.5035515,-0.59526277,-0.5627297,0.14495432,-0.5225502,-0.47652242,0.41913676,1.0578537,-2.9212263,-1.4882836,-0.22313035,1.0448551,0.9363776,0.39459443,-0.6191708,0.14313161
615,1.0766339,0.9909611,1.2511166,-0.04522872,-0.05318357,0.0077564716,0.5096546,-0.65477204,0.18709207,-0.4784403,-0.45034745,-0.08748032,0.48128927,1.5885806,-0.51075244,1.9436134,2.1997721,-2.7954156,-1.4160261,-0.19642238,0.3741768,-0.91109425,0.1454016,-0.104123354,1.3448482
616,0.9301725,0.93363047,-1.2490581,-0.3524716,0.8144863,-2.8764226,-0.4773999,-2.6077971,1.6365821,-0.13580741,-0.49409163,0.6205368,-1.6985652,-1.0751967,0.40324944,0.111305,0.99251676,-2.2007906,0.15661591,-1.4996827,0.045578063,0.30907172,-0.31472194,0.26965785,-0.05714345
617,0.88473284,-1.638891,-0.31982067,0.21641493,-0.6403998,-0.23846915,0.7469234,0.14325374,0.5957403,0.14006843,0.71377534,0.54960996,-0.47223616,0.69800836,0.7309003,-0.19748467,0.9758358,-0.057284772,-0.7254803,-0.51268864,-0.054597437,1.0454571,-1.9121188,0.39986253,0.13430035
618,0.4329285,0.45803905,0.13345328,-1.798873,-1.1810974,1.1850984,0.06210345,-0.1297552,-1.3489102,1.2227898,-0.94764113,-0.08481805,-0.8467543,0.10313529,0.35699698,-0.1406644,-0.05157435,0.5732817,0.79700875,-0.75152814,-0.31028265,0.096008,0.25865138,-2.0043454,-1.0780094
619,0.61752594,1.7577379,0.40610856,-0.16771531,0.4217034,-1.5606678,0.27289802,-1.7237259,1.0769362,0.29908586,-0.09651235,-0.009388372,-1.8093452,0.008479238,0.9681753,-0.096760094,2.5783546,-2.873742,-0.40351978,-1.0602229,0.6344023,-1.4696697,-0.46709037,0.7183769,0.37532234
620,-0.0275563,-0.21326816,-0.4808829,-0.41369748,0.006612614,0.27998534,-0.25083607,1.259095,-0.69006026,-0.15719862,-0.6564047,-0.86841047,1.9935458,-0.8841497,-0.40154842,0.50006056,-0.28807205,0.07278365,0.37343997,0.916649,-1.1035113,0.12792605,-1.3331765,1.3352633,0.9885329
621,1.3595101,-2.267836,-0.044054367,0.14404011,0.10098254,-1.6884937,-0.5662574,-0.3871193,0.7196424,-0.37370145,0.2008009,0.29588416,-0.3128295,0.72894543,-0.7841084,-0.35046977,0.019773006,1.4559636,0.77049446,-1.1055243,0.11076796,0.35198623,-1.077592,0.20669341,-0.31455016
622,0.5347887,-1.6746053,-0.28471076,0.046410322,-0.19485575,0.74699,1.2151659,-0.4109789,-0.73040855,0.20085771,0.20983166,-0.6126768,0.7922082,0.3607126,0.011492342,0.9197043,-0.9792784,-0.24984074,-1.0813792,0.07852252,-1.2519584,0.33028227,-1.4357392,0.22153854,0.77372885
623,-1.7381046,0.3243389,0.1017258,0.4245193,-0.7318212,2.8006666,1.213552,-1.9237677,1.1500427,0.02581678,-0.019282281,0.21293548,-2.8992598,-1.7229834,0.27812374,0.6018516,1.7285511,0.73285276,-2.0046628,4.6863847,1.0524409,-0.62850255,0.17440784,0.13140345,0.10615134
624,0.15064812,-2.6654534,0.81038743,0.22333145,-0.415949,-1.932096,-1.0113035,0.061846375,-0.4434379,-0.33824688,0.057017207,-0.3048458,-0.5492146,0.42428893,-0.66355777,0.9902638,0.7615913,1.3933384,0.11820102,-0.043628454,0.36809945,-0.56367975,-1.0638617,0.36849236,-0.39147043
625,-0.8492434,-0.487226,-0.3848733,-0.4724207,-0.6232281,0.8282317,0.7095539,-0.5353768,0.5285764,1.7934821,-0.5007993,-0.87661546,-0.6940565,0.24698037,-0.51577806,0.01970625,-0.7108245,-0.19767103,0.23552257,0.4272782,0.56197643,0.80845255,1.1673877,-0.5566269,-0.08477378
626,-0.7043822,0.43971992,0.33718342,0.058141947,-0.39605224,-1.5553648,0.36858577,-0.43208575,0.10816258,-1.1218382,-1.6047802,-1.1135559,0.60365236,-0.77509207,0.62832785,-0.06299472,0.47080672,0.1684429,-1.3496518,0.07827656,0.33916718,-0.528377,1.5906721,-0.061784744,0.23878217
627,0.19037986,-0.39752316,0.6930471,-0.75151443,0.61699396,-0.87788904,0.9759831,-0.34420896,-0.87927186,2.020116,1.4873512,0.5969824,-0.344131,1.1147616,0.6714109,0.42530692,-1.2898656,0.78271157,0.7390357,-0.70625675,-0.058551162,0.3665812,0.34522218,-2.3649924,-0.73371315
628,0.17201233,1.0811303,0.024492592,-0.8160782,-0.45954233,0.8956475,-0.5802491,1.9098016,0.310624,1.1899323,1.2182014,0.5993034,1.0132835,-0.18389529,0.14798242,0.96301174,0.036770105,0.46150345,-0.89860344,-0.70233095,0.97740006,0.41254693,1.1921662,0.4597025,0.17487073
629,-2.5371804,-0.2837714,-0.9739546,-0.6907189,-1.6720471,0.3532455,-0.4376287,0.5862136,-0.9222998,-0.19246916,-0.9563641,0.31032866,-0.08755016,1.7446074,0.5032306,0.032083035,0.49542594,-0.82980263,-0.86779785,-0.2913737,0.13770795,-1.6777091,-1.8884326,0.44127226,1.4021726
630,0.534947,-2.276237,-0.55264914,-0.2829368,-0.30415314,-0.92057216,-0.57293487,-0.20421404,0.5459757,0.2077479,0.1701935,0.19555227,-1.1261528,1.1544003,-1.1945645,-1.436975,0.80495596,0.5568407,0.03229502,0.41674623,0.26949555,0.3079397,-1.7362677,1.5408962,-1.4718518
631,0.3143121,-1.194727,-0.2561599,0.5064696,-0.7802152,-0.1829578,-0.14678097,1.3568835,0.610307,-1.8214839,-0.10725963,-1.1770684,0.5324683,-0.80775195,-1.8733326,0.33011377,0.34234548,0.1630975,0.2227456,-0.6765857,-0.035206765,0.026190579,-1.3183404,0.30893922,0.16512215
632,1.0924913,0.26443624,0.10562675,-0.2919352,0.45704502,1.3315643,0.7214884,-1.5452319,0.066863,1.2667767,-1.3020191,0.53874314,0.09368765,-0.07769042,1.8141868,-0.13443792,0.7560384,-1.291707,-0.058384955,0.5447203,0.6475452,0.2557935,0.20974088,-2.3921647,0.17219758
633,-0.6011714,-1.7642685,-0.2963949,-0.5285106,-0.54569286,-0.90176654,0.103729665,-0.4135691,-0.236637,0.06425478,-0.04363942,-0.6600683,0.40314126,1.2828262,-0.048594877,-0.12757337,-1.675638,-0.33320168,-0.5912323,0.3157631,0.2242741,-1.3932097,-1.1223775,0.54009676,0.56676066
634,0.27675354,1.0555222,1.6408532,-2.962976,-3.522325,-0.18985197,2.9549072,-4.2729416,2.0986452,-0.5442608,1.5941622,1.3118746,1.8450606,0.44307476,-2.460266,4.5683136,1.3321881,1.7377231,1.0257949,-1.2793305,-0.5468381,-1.3735571,-0.012703776,1.8869698,-0.5726688
635,0.51001203,0.5761428,0.6881584,-0.21521091,-0.46474922,0.8764347,-0.65127337,1.8298059,0.48779607,0.88814807,0.29378903,0.8831444,-0.60519075,-0.7120481,-0.75843585,0.9408541,0.07164478,1.0345292,-0.4907888,-0.7324208,1.873896,1.8858764,1.2175574,0.8028493,0.23587048
636,-0.07455206,0.58034754,0.5201037,1.516705,0.08801528,-0.099161506,2.0310357,1.0727127,1.9612291,-0.24214123,-1.1490061,0.4877082,2.5112975,-0.50442195,1.0659289,-0.06580275,0.43508565,-0.6448897,-1.9574945,1.0378733,-0.12597549,-0.6571457,-1.8820525,0.5458727,-0.60019946
637,-0.29582572,0.261899,-1.4045953,0.19801259,0.682908,0.024440706,-0.0823437,1.7160192,0.27916455,0.3257239,-0.6707336,-0.5949405,-1.866446,0.4963767,0.4314486,0.5847281,0.2846192,0.04638815,0.6781634,-0.47463518,1.1238652,-2.2179148,1.0892047,0.01684165,-0.35529518
638,0.20451128,0.2273314,-0.080321305,-0.17257667,0.31561518,-0.49861208,0.8556121,-0.04613304,0.23686337,-0.9440893,-0.46968153,0.71846336,0.42706835,-0.45810267,0.7767186,-1.031859,-0.65954614,0.330054,-0.14748657,-1.123252,0.08036369,0.34435737,1.4529729,0.2012949,-0.16210341
639,-0.6527889,-1.5429252,-0.43515548,0.9144192,0.011431456,0.105906665,1.9152908,0.22399509,1.6679189,0.8156311,-0.85262054,-0.03720662,0.52233934,-0.4326953,1.4143348,-0.61169505,1.643476,0.14167494,-0.33327043,-0.7871381,0.90714085,-0.23528385,-1.6303478,-0.04691243,-0.6823113
640,-0.39995074,0.6488986,0.4564045,-0.08856225,0.17893381,-1.8077047,0.5856926,-0.26161397,-1.321766,0.5152979,-0.6516836,-0.19112875,0.6351924,0.5390379,0.2319704,-0.7213422,1.08003,0.89751333,-0.64126706,-0.16004436,-1.361098,0.30947006,1.4313699,-0.51497984,-0.32514048
641,-0.24540019,-2.0390503,0.9254796,0.58973444,0.2772408,-1.899637,-0.29034162,0.5031669,0.7690909,-0.7180987,1.1621027,-0.60921735,-1.7541046,0.28733343,0.26669824,-0.7074014,-0.35679483,0.74165946,-0.24811621,-0.9227599,0.8599143,0.3783778,-1.330172,0.23918176,-0.4270668
642,0.43280476,-1.177247,0.38248646,0.56408405,0.5970861,0.13835658,0.84671193,0.26874843,-0.37914297,0.47118607,1.2194645,-1.3127896,0.7639115,-1.3774626,-0.52475286,0.9138844,-1.0571018,-0.55511034,0.14235973,0.09148662,0.17116535,-0.35672823,-1.2141737,0.85985565,1.3670635
643,0.72002554,0.70660186,0.45170093,-0.87939405,-0.7685379,1.3285182,-1.5400233,-0.8093711,-0.7321754,0.1753494,-1.1736647,-0.020268366,-0.59655976,-1.0135313,-0.0861333,-0.17955542,-0.2448796,1.2840207,-0.23886593,0.3045567,-0.5225623,0.079426944,-0.53735113,-1.9272932,1.1829665
644,0.038387418,-2.028246,-1.193721,1.0874157,-0.2859135,-0.8856455,-0.10518819,0.7887475,0.23849642,0.25817797,-1.0219737,-0.48122096,-0.52955127,0.055178463,0.375911,-1.0030298,0.86492085,0.44253546,0.26832324,0.3891383,0.21236318,-0.66405445,-1.2109617,0.743608,-0.6005275
645,-0.7750387,0.57992864,1.1287911,0.6684878,-0.28974208,-0.33668426,-1.1298851,-0.9435283,-0.0676527,-0.91590536,-0.050506532,0.08044177,0.27043915,-0.078014314,-1.1299098,0.71536136,1.2502079,0.8264918,-1.1825533,1.4157197,-0.5159017,0.5983538,1.3291864,-0.44787896,-0.004155636
646,0.5482952,0.99456406,-0.42913803,0.21158862,-0.47434038,-1.2393761,0.2634787,-1.401934,-0.030693233,-0.47236815,0.03317994,-0.33982188,-0.20930684,-0.7039207,-0.6045215,-0.1695208,1.832222,-2.1363943,0.2301876,-1.3684179,-1.1773579,-0.23985177,0.34195608,-0.04604411,0.8481064
647,0.7110997,1.9031386,1.0211875,-2.064608,0.26712328,0.51938736,0.92989236,-0.8734875,0.84199226,1.050608,-0.20691255,1.4459594,-0.63121843,0.005191326,0.44315428,-0.20659441,0.109525084,1.6466501,0.5071779,0.3582909,1.8964113,0.38446933,-0.95446384,-2.5043988,0.3644054
648,-0.694716,1.1237087,-0.1360353,-0.98490644,1.1573522,0.41179916,0.6112346,0.101136625,1.1527487,-0.1584235,-0.40180606,-0.16148789,1.0757085,-0.59331846,0.3700556,0.42619777,0.34899902,-0.17959392,-0.7055013,-0.7508184,-0.7327155,0.8432173,1.7077968,1.4226336,0.0043723583
649,-0.22186553,0.7197809,0.10703488,0.45037997,0.6535432,-1.1844714,1.7275131,0.8772284,-0.453218,-1.2291882,0.32529306,0.044570267,-0.7306287,-1.6110911,0.56961423,-2.03714,-0.70640266,0.108264804,0.8967676,-0.18642987,0.40430778,0.9641244,1.2291402,0.40892243,-0.3440795
650,-0.06273532,1.17594,0.12258361,0.0036504269,-0.07106203,-0.88249815,0.40570706,-2.30973,0.6011164,0.4799182,-0.097052336,-0.18704154,-1.5915356,-1.8635044,0.14769566,-1.0918487,1.4972243,-2.9252074,0.2046209,-0.74096584,-0.8659047,0.18134332,0.0406065,0.3960383,-0.40525126
651,-0.9841738,0.375798,0.3286035,0.47267318,0.7701016,0.37184396,0.11319846,0.38255355,-0.04499942,0.5958961,-0.42100415,0.35998076,2.4674273,-1.6021726,1.4665751,0.24378717,-1.126984,-1.0012038,0.03407523,-0.17758028,-1.2182226,-0.71721965,-1.513373,0.31815815,0.33246386
652,0.7049832,1.0611718,0.5200123,1.553375,0.57925034,-1.1488153,0.39016217,-0.87973976,0.20912659,0.7748526,-0.5614424,0.703064,-0.30136204,-0.83098054,-0.32579955,-1.096703,1.6741216,-2.6358268,0.3372252,0.5127325,-1.1296802,0.26125354,-0.13215828,-0.26296258,0.12675977
653,-1.5419726,0.99410367,0.8171254,-0.2149353,1.1888044,0.3610253,1.5057626,-0.11253464,-1.5675373,0.49324277,-0.9581275,-0.44903165,-0.977793,0.001614511,-1.9952735,-0.32910985,-0.39070117,-1.3161569,-0.0582349,0.17727757,-0.7469872,0.37911898,0.42527008,-1.3405604,-1.8031082
654,1.0889153,0.76170564,0.7677668,1.9249773,0.44264027,-0.93234134,-0.37449682,-1.0487484,-0.98742163,-0.21589817,-0.83812135,-2.124734,-0.34804726,-0.27835077,0.91602063,-0.57980996,1.4723322,-2.4515085,0.46626836,-0.09987804,-1.2033458,0.8816492,0.091616035,0.03597951,0.021539211
655,-0.3852247,0.63310623,0.72958976,-0.6502898,0.27817926,-1.1063054,-1.8573937,-0.7180731,1.2483416,1.0131977,-0.35844612,0.7059372,0.4491514,1.0674837,1.2127486,-0.12027508,0.4167956,-0.24865252,-0.021668047,-0.13737562,-0.031510323,-0.20315975,1.5730803,0.15639448,-0.578392
656,-0.37189603,-0.08960819,-0.59836596,0.0081563,-0.21928436,-1.0739625,0.39132196,-0.2761103,0.81793475,-0.6113071,0.5987869,0.36869162,0.05438137,0.24247259,1.4189117,-0.016477704,-0.60151535,-0.2735307,0.71295905,-0.91982234,-0.4254982,-0.4036009,1.5012641,-0.17896509,-0.33876514
657,0.12129617,-1.0237164,-0.4876391,-1.2375393,0.50336635,-0.27399042,1.1528461,1.1125026,-0.61801445,-1.2148736,0.13314337,-1.1395937,-0.9667833,-0.36174703,-1.052816,-0.7431052,-0.9606967,0.5250973,-0.6569101,1.0949733,0.35736525,-0.30295604,-1.797449,1.3170502,0.8354924
658,1.7631183,1.0882473,0.42753556,-0.5237477,-0.47368807,-1.2019272,0.21835715,-0.24089599,0.50678205,-1.2337222,-0.5811457,0.07912782,-0.057742238,-0.056050956,-0.6165154,0.46756148,1.0516953,-3.2879531,-1.1549752,0.4284093,0.26076943,0.78120464,0.12536573,0.13052177,0.69288135
659,-1.2846608,-0.18885088,0.28707469,-0.080194235,-0.8026733,2.3230217,-0.62473667,-0.9579607,1.0094554,-0.5871194,1.1598067,-0.072433144,0.28582466,-0.782772,-1.3484409,0.13966835,1.3824751,-0.13143516,-1.6328923,1.712494,0.6145139,-1.3611901,-0.07863605,-2.2693563,-0.6383531
660,-0.16972685,1.0934918,0.66359454,-0.36176372,1.2184877,0.5184596,-0.30472738,1.1805398,-0.97782946,-0.012433131,0.6986533,-0.92908996,0.3086573,1.9003222,-1.218206,0.6143553,0.11662805,0.49891,1.2886673,1.5044665,0.052808702,-0.19121504,1.2111745,1.1482174,0.7883904
661,-0.05385053,0.3984363,0.05000542,0.02725482,-0.2576371,-2.4765863,-1.2601814,-0.37517488,0.69259906,-0.78562194,0.29383397,-0.2670899,0.40209103,0.50077575,0.9255054,0.22825897,-0.26417053,0.375539,-0.5150461,0.59515977,-0.42898566,-1.3054328,1.5296754,0.61738324,-0.2594664
662,-0.74791336,-0.51025534,-1.2177318,0.6471889,0.43072706,-1.039559,0.64110726,-1.0334967,1.967741,-1.1609973,0.08449274,0.94772744,0.57880425,0.3250683,-0.630041,0.94722724,-0.7695831,0.9363473,-0.028237164,-0.6501576,-0.65017074,-0.069615066,1.6615248,0.16694045,0.025198221
663,0.37595606,-0.2991085,0.3263107,0.1702807,0.21228577,-0.5515263,0.2943309,0.95346224,0.42577958,-1.3759353,-0.056550473,0.6566064,1.2660468,0.15800458,0.029768884,-0.7725534,-0.6403914,-0.3553815,0.5086952,0.26479352,-0.53504384,-0.1477648,1.4376537,-0.8547704,-0.10969114
664,0.13042188,1.0331235,-0.937916,2.7352064,-0.24378943,0.35398275,-0.9041059,-1.0605177,-1.7907586,-0.2928711,0.93153244,-0.2442324,0.95852643,1.3828692,0.11507119,-0.69381285,-0.73461115,0.30486685,0.41385192,-0.909165,1.243095,-0.8695793,-0.3454604,0.23205638,-1.0726597
665,-0.3189,0.28243637,-0.6980627,0.117583275,1.0245967,-0.25273475,0.6718877,0.68947875,0.048550963,-0.99421215,-0.1613226,-0.08174601,8.8214874e-05,0.6784039,1.2493616,-0.57739246,-0.18647873,0.6822944,-0.06996018,0.58903694,0.48945534,-0.3359959,1.1432803,0.20512915,0.14384878
666,0.085305095,0.46462893,1.1501428,1.4033376,0.015669093,-1.2957947,0.2079851,-0.66465425,0.10601258,0.010166571,1.0252085,-1.2877357,-0.30393386,-1.7766612,-0.29337585,-1.0451316,1.9588585,-2.90764,1.1329103,0.20713672,-0.78650105,0.94834787,0.1223613,0.06327343,0.2598312
667,1.216652,0.040483713,-0.787665,1.7895436,-0.15764779,-1.3909556,0.09376031,-1.1512003,-0.037588775,0.18808888,0.25767326,-0.2570082,-1.1829331,-0.60528475,-0.19014356,-0.6098999,2.119117,-2.2627494,-0.099834025,0.098301366,-0.7533997,0.34361857,-0.06798339,0.17912936,0.22272885
668,0.80367345,1.2129498,-0.041016914,0.5457692,-1.2851986,0.6760347,-0.5007372,-0.7001302,1.0062598,0.009706632,0.6625573,-0.3027541,-0.35546827,-0.52885216,-0.18420172,-1.0032915,-0.08334696,1.2809117,-0.35249543,-0.20047928,0.068980694,-0.19226074,-0.045377493,-2.0273857,-0.48625517
669,0.39908344,-0.13782346,0.49105915,-0.6644566,0.20171778,-0.33421752,0.89362377,-0.12580436,0.51016533,-0.776841,-0.55480033,-0.18023486,0.8222128,-0.24106252,0.7989788,0.26560068,-0.21183586,-0.13899481,-0.6602853,0.065924436,-0.73804545,0.35003763,1.6944987,0.78084826,-0.62815523
670,1.4917657,-0.031032562,0.7504972,-0.16958475,-0.20234296,0.5259758,-0.06436068,0.9648509,-0.51254547,0.7864336,-0.6690392,0.05017832,1.033988,0.87661153,0.45748916,-0.014344335,-0.2175048,0.13520187,1.3547497,-1.2117167,0.35446054,1.0701754,1.425695,0.15914941,0.31713688
671,0.9299048,-2.214692,-0.09513865,0.22292066,-0.26679704,-0.26257,-0.6114427,-0.13716197,-0.67433745,-0.34858245,-0.2578696,-0.9293272,-0.36261106,0.5296157,-0.03648065,-0.9084696,0.3515525,0.04675162,0.5391571,0.031144962,-1.093355,-0.31222385,-0.9575685,-0.11742067,-0.054843187
672,-0.17465043,-1.2396445,0.5674797,-0.37256265,-0.11220822,-1.3697258,-0.40724397,0.97054577,0.051368058,0.04652168,0.4591173,0.48334312,0.36433995,2.0263784,0.0029133856,-0.30661613,0.9997697,1.202714,0.5392169,-0.10517931,-0.7849414,-0.22048229,-1.6785411,0.117051125,-0.099630356
673,-0.07110286,0.18298078,-0.66040796,-1.2065616,-1.0874121,0.69411194,1.2541258,-0.025860012,0.36014736,1.5276117,-0.18213516,-0.74994427,0.049753785,1.170016,1.3608639,0.64596164,0.13737273,0.5840611,-0.7643041,-0.26772362,0.7934048,-0.09963295,1.4851956,0.6672337,-1.0860837
674,-1.3702126,-0.90159774,-0.040378578,0.564307,0.69384015,0.26265407,-0.5842881,1.4663669,0.2069261,-1.0829433,0.34494078,0.37782794,0.7815901,-0.9744304,0.025609389,-0.97170293,1.1949549,-0.65822554,1.2046609,0.5355201,0.11339849,0.8762494,-1.6349849,0.10369182,-0.69860005
675,-1.1821902,-1.3082749,0.96209055,-0.53146887,0.5110053,-0.22471526,-0.2634254,-0.18502843,-0.30281478,-1.0228778,0.06657928,0.28712386,0.48149502,-0.31157494,-0.70433605,-0.7427962,0.21549213,-0.92462724,-0.34418964,0.9012178,0.90242016,-0.5649076,-1.2366561,-0.46946955,0.9469594
676,-0.43641138,-0.37068343,-0.7384129,-0.26049328,0.44246358,-0.56571496,-1.4181981,0.48784292,-0.3068154,-0.26865384,1.1759398,1.0064942,0.8982809,1.7433987,0.0494954,-0.86757153,-1.0581388,-1.1625148,-0.77693814,0.16605139,0.18044925,-0.754524,-1.3896607,-0.5052022,1.7649639
677,-0.6348138,0.16352892,0.3612763,-1.9545774,-1.4872606,1.3190607,0.64381117,0.15435672,-0.4976753,-0.03589716,-0.77754116,0.17617792,-0.8760741,1.9900701,1.7658565,-2.4733782,-0.39795387,-1.0956304,0.7144922,0.15557986,-0.6750432,-0.17856094,-1.8243116,0.5408771,1.1310954
678,-0.28238988,0.06276655,0.16464363,0.24383152,-0.26709867,-0.5255617,-1.4512005,-0.26175117,-0.39828643,0.30340448,-0.4461974,-0.47431684,0.32500553,0.18694621,-1.0904145,-0.28638995,0.7734953,0.059389055,0.79613376,0.67575765,0.5582192,0.4930995,1.6142228,0.08795643,-0.3669176
679,-0.51554847,0.5726454,-0.10213099,-0.24821997,0.6372621,0.67065835,-0.5097939,0.65816265,-0.21900421,0.61774737,1.0980732,-0.18397377,0.7713601,-0.011983693,-0.93655,0.21601903,0.25763762,-0.38765663,0.033388287,0.5645337,1.4489437,0.41633958,1.2890387,-0.07526612,0.17242014
680,0.12020993,-0.31707013,1.4217223,-1.6226501,-0.14619511,-0.07268834,-0.29152012,-1.2493979,-0.7040398,0.24613586,0.03975153,0.64438444,0.8453942,0.9027398,1.6912782,0.008915186,0.22784686,0.48350006,-0.9137012,-0.27756023,-0.29349717,0.48228842,1.6266515,0.39125204,-1.0602922
681,0.23977876,-0.25287032,-0.18712595,1.757501,-0.57858163,-0.323665,1.5791526,1.714,1.6353848,0.7058998,-1.36534,0.7375835,2.2214947,-0.013991475,0.19385484,0.15351129,0.85430837,-0.35729653,-0.56188136,0.508692,-1.1373463,0.27593273,-1.4372648,0.64798284,-0.9181094
682,0.09784007,0.18107462,-0.42725763,-0.83959365,-0.23576188,-2.0581949,0.94911736,-0.6927922,-0.17094344,1.1504699,-1.517355,-0.9741562,0.83042896,0.7500817,1.0125413,-0.39336145,0.2379018,0.5529062,-0.38032123,0.19968069,-0.46635768,0.49655026,1.4321585,-0.6546874,-1.177501
683,-0.95707536,0.19642735,1.0761366,1.3869584,0.32212847,0.31118378,-1.7516134,-1.6225499,-2.1497188,0.43847415,-1.019637,-1.3672092,-1.3134186,1.3346858,0.85725677,2.5617456,-1.7644451,-1.9613616,0.79504716,1.8622471,-1.3213401,-0.6545488,-1.5601722,0.86840105,1.4819744
684,0.84091496,0.31337142,0.15803327,-0.6076534,0.04506947,-0.60995436,0.16258806,-0.7882434,-0.7396691,-0.07625523,0.3038305,-0.4452961,1.3339288,-0.4794409,0.7117069,-0.3606416,-0.11366463,-0.17799449,-0.21756516,0.50017726,-0.2129918,0.7250326,1.6452266,0.79333615,0.33355832
685,1.0698465,0.72327113,0.6738992,-0.04165125,-0.8683839,-0.852883,0.77052385,-0.36150897,0.5343958,-0.27409953,0.18461388,-0.43725753,0.09650087,-0.35011625,-0.09442806,-0.5570517,1.1627548,-3.552495,0.23284853,-0.32462317,1.2179506,0.48253232,0.29317784,-0.3797016,0.2981465
686,0.03159201,-0.5846994,-0.6188317,-0.40729523,0.35213664,0.892447,0.8999707,0.16285008,-0.28741676,0.7596455,0.22005361,-2.9727173,-0.36498356,0.5466551,0.8746592,-0.25637943,-0.31313324,0.6261707,-0.33097553,0.190251,-0.06976202,0.2231527,1.1690658,-1.0826241,-0.3544345
687,2.0477817,0.4389212,-0.03499054,1.4135735,-0.16854581,-0.19729385,0.51906914,-0.4052986,0.063845575,1.4472585,-0.28622857,0.3173105,0.27081132,-0.0014020801,1.4366062,0.14126825,0.5716306,-2.2990017,-0.4045343,0.28528696,-0.64930016,-1.0313175,0.46081686,-0.5761132,0.9872849
688,0.30183017,-0.78086567,-0.016271494,0.38562155,-1.0405867,-1.3764557,1.578126,1.4961867,1.2395587,-1.5609047,-1.5009996,0.56624204,0.5640824,-1.647706,-1.186855,-0.23243141,0.3902403,-0.36744,0.83952,1.0232376,0.71812093,-0.651481,-1.572461,-0.58378947,-0.8721361
689,-0.6993933,-0.35208476,-0.08638828,-0.23661184,-0.084712416,-0.6012509,-0.20875227,-1.5251487,-0.2903725,0.5596568,-1.3626916,0.6309632,1.0351859,-0.24541765,-0.2943,-0.30955648,1.3555024,0.7814538,-0.5979856,0.7307162,-0.80613244,0.3012346,1.6939927,0.0659101,-0.32299876
690,0.03469205,-0.006710291,0.14255719,-0.7287922,0.34955397,0.10991323,0.96386355,0.57236433,0.79636884,-1.0444567,0.45917165,0.699889,0.23613036,0.060895443,0.9002391,-0.52547073,0.028916478,-0.55030483,0.78608036,-0.23942438,-0.1463755,1.0215895,1.5122297,-0.07534242,-0.17790008
691,-1.587307,-1.338771,0.075663224,1.5679054,-0.53151834,-0.9624671,0.7417503,-0.7535571,1.4643648,-0.98155695,0.82297057,-0.8966846,-0.5237007,0.8589154,0.2612283,-0.43258542,-1.6213975,-0.5130522,0.49996138,-0.1693023,-0.33343676,0.026289761,-1.3103136,0.02951169,1.388936
692,1.5465081,1.4187832,-0.39829546,0.45016384,-0.13257244,0.8561077,-2.388938,-0.8508134,0.33056378,1.2089396,-0.792832,0.5687366,-0.78616166,-0.24971533,0.4284042,-0.18125743,-0.08679712,1.1037824,0.60233593,0.6333914,-0.99213016,0.35903352,-0.541983,-1.8543783,0.4405377
693,-0.25493503,-0.0073843,0.6757536,0.56227314,-0.6652387,0.099573866,-0.46365947,1.5195922,0.67826235,-0.9809351,-1.1018412,-0.28627676,1.1226188,-1.0677449,1.716189,-1.3780481,0.17108703,-0.6372975,-0.15855467,0.81126773,-1.2733054,-0.59276026,-1.6188539,0.04630232,-1.4000478
694,-0.9857309,0.24453759,0.7623473,-0.5478947,0.5434576,0.3643912,-0.05233127,0.5894914,-0.63977796,0.82101995,-0.17333066,-2.1260118,-0.14937198,0.5874384,-0.2263209,0.58340394,0.18040621,-0.54499036,0.18656707,1.197999,0.7826979,1.0579264,1.094363,-1.0534528,-1.4277401
695,0.32432687,-0.48865736,-0.10503153,-0.13347054,1.2523717,-0.22627035,-0.11331099,1.1677375,-0.23335785,-0.5981148,-0.28701112,-0.081504226,1.3031715,0.60472304,-0.07718238,-0.7475308,0.34819818,-0.2526471,-0.8084537,-0.09006642,-0.3100222,-0.27778465,1.4772937,-0.6394185,0.043932438
696,-1.018579,0.04561162,-0.70883584,0.58721495,1.5915936,-0.4874679,-1.215954,0.9745709,0.8384571,0.6345436,1.0812294,-0.08412777,-1.0378692,0.7012771,0.34592003,0.60316384,-0.06483567,-0.13433427,0.79019237,-0.30265212,0.06078297,-1.4458728,1.3105569,0.28157592,-0.3776641
697,0.154212,0.07058215,-0.11528631,0.54979885,-0.0007696003,-1.7057085,0.8552343,-1.1760147,0.72726226,-0.63968945,0.4860155,-0.65165913,-0.50491834,-0.14247501,-0.30672798,-1.1245778,1.550123,-2.6414456,1.2950565,-0.9672483,-0.017676413,0.118857324,0.08994043,-0.63884234,0.21035719
698,0.43570572,0.7603359,-0.56560206,-0.49458742,0.83190435,-1.8059845,-0.28153998,-1.5353318,0.6551528,0.031403363,1.001477,-1.4255465,-0.49497604,-0.50718725,0.026405245,0.008566976,0.48037183,-2.7488382,0.27785212,-0.50045836,-0.7012726,-0.83562624,0.33661067,-0.30046213,-0.038025856
699,0.22307229,0.33270574,1.1890173,-1.3883903,-1.2082932,-1.0876999,-1.3229104,0.05298817,-0.0618878,0.17189533,-0.5970607,0.016309224,0.51025367,-0.17057061,-0.90449905,-0.9218599,0.8154769,0.5260493,-0.73224366,0.32052463,-0.7645876,-1.5765071,1.5121468,0.18674207,-0.8327718
700,0.83016354,-0.25856817,-0.21436337,-0.65115356,-0.88936627,-1.0297347,-0.5447166,0.15197271,-0.0031522512,0.018267829,0.9112485,0.037581854,0.059140086,0.2984993,1.3558266,-0.5658444,0.3413521,0.56881446,0.54099977,0.46105304,-0.8416692,-0.7102289,1.351031,0.5590837,0.29105437
701,0.33567572,-0.23379135,0.2303524,0.65118706,-1.4500567,1.5564183,-0.028520405,-0.5916413,-0.81800926,0.9224019,-0.26631865,0.103497,-1.4153666,-0.51171446,-0.003270939,-0.05359,0.7947717,0.32122558,0.6359303,1.4944011,-0.3961973,1.2941053,0.5024257,-1.6898187,-0.8563938
702,-0.97404575,0.45016336,0.6689265,0.027804375,-0.74219674,-0.78628254,1.7500544,0.13192767,-0.17661715,-0.29527444,-1.4946969,0.65813226,0.7597252,-1.5729213,0.89567494,-0.43382204,0.56552494,0.6443148,-1.4999303,-0.33596462,-0.7628191,-0.08999163,1.4237034,-0.26854503,-0.25598717
703,-0.015417695,0.97176504,0.13638699,-1.5559163,0.32173425,1.404411,0.36120576,-2.3667479,0.761997,-0.29251987,-0.39436,0.362301,-1.8584137,-0.71310246,-0.3878446,0.4308375,0.46128953,1.3278208,-1.683342,0.29976535,0.29684973,-0.120173186,-0.32878757,-1.4176211,-0.5203049
704,-0.6626873,-0.060957193,0.6259814,-0.163764,-0.4320289,-1.6687348,0.6836341,-0.55310476,1.7996964,-0.16802087,-0.74630356,-0.061664373,0.009575009,0.047245085,1.2377809,-0.29498518,-0.75679046,0.0024882555,0.111073256,-0.1665582,-0.16952062,-1.2924851,1.5801933,0.6546602,-0.23990512
705,0.7165623,0.7294142,1.3807741,-0.17816734,1.7033985,-0.42077085,2.1325884,1.4486632,-0.25598162,-0.116463766,0.6300908,0.7374924,0.078022,0.37394792,-0.7308402,-0.48272765,-0.9999046,0.22723114,-0.32253492,-1.0077142,0.9243355,0.13953441,1.0621238,-0.33900523,-0.2271924
706,-0.15628207,1.4448919,0.80438685,-0.39249086,0.66577244,-0.91898143,0.28992218,-0.4396304,-0.7498533,-0.25602186,0.86956435,1.1964642,-0.504967,-0.41686645,-0.4763098,0.08152127,-0.54729575,2.08833,0.16099417,0.07978207,0.94826543,0.8412666,-0.70139253,-3.0042417,0.15962148
707,-2.148955,1.303648,0.8165725,-1.7713413,-0.0075676143,-0.01544264,-1.3662581,0.5232075,0.3850305,1.1442026,-0.2124236,1.1732014,2.4398026,0.35946316,2.7034032,-0.7698557,0.3501178,-1.2935398,0.6803343,-0.6382853,0.5162483,-1.1013601,-1.6336402,0.53704095,1.774178
708,0.5135745,-1.7128466,0.07743659,1.3465087,0.6152276,-0.52043295,-1.541426,1.0861255,0.37888443,-0.9259539,-0.59293526,-0.34645128,1.3007196,-0.19268417,-0.61804104,-1.2081388,0.99799013,0.9729946,0.58944345,-0.17972374,0.07578415,0.52455074,-0.72015536,-0.4191785,-1.3146863
709,0.3522247,-1.6643851,0.12590177,0.28147972,-0.97371066,0.6337697,0.5446066,-0.41700065,0.6597961,0.29667044,-0.8346371,-0.8481055,0.38214946,-0.2989719,-0.7189462,0.015445352,-0.4899934,-0.21724275,0.3521666,-0.26653716,-0.30775082,-0.4204239,-1.2836939,0.50549674,1.1293173
710,-0.16668248,0.18955088,1.1703578,0.073023796,-1.0504746,1.3172699,-2.330292,-0.09113705,0.23751426,0.2600294,0.41627115,-1.0914179,-0.07798636,-1.1085887,-0.99478817,0.83977807,-0.36775208,-0.10255009,-1.1740999,-0.6770121,1.0205301,0.8211438,0.9305378,-0.12457681,-1.1328282
711,1.222834,-0.4136064,0.4620736,0.07698679,0.76807207,0.09278408,0.35294443,0.0055544972,0.20726168,0.19328134,-2.8360171,0.4069208,2.6129842,-1.2905526,-0.15200424,-0.24851674,-0.21091503,-0.84143203,-1.0906296,0.9936689,-0.4921132,-1.1455879,-1.4834198,0.82308936,-0.5405104
712,-1.0823638,0.99741364,-0.5899282,-1.1917732,-0.7283844,0.9344325,-1.5719309,1.677187,-0.85948604,-0.3969402,-1.8730218,0.24523003,1.7842542,1.8079021,0.5778712,-1.1610557,0.68627334,-0.95737314,-0.35491326,0.19985491,-1.5618507,0.8152326,-1.3276983,0.13004565,1.1893297
713,1.1238534,0.55355287,1.0917698,-0.2033751,0.43895638,0.63892007,-0.0011917353,1.223789,-1.4635897,0.59557974,-0.06554064,0.32883528,-1.031646,1.9716065,0.5230305,0.20192814,0.5459908,0.7409906,1.3304713,-0.014039315,-0.35403752,0.1453247,1.0688604,1.4782734,0.20226741
714,-0.0901258,0.32969952,-0.002142921,0.1829474,0.5243838,-0.5614258,-0.10308522,-0.88924634,-0.15093535,-0.887155,-0.91946584,-0.0691002,0.6374414,0.24391335,1.1306301,-0.32931197,0.35760474,0.20476717,0.7733145,1.1145965,-0.087667435,0.22408831,1.5742761,-0.3578453,-0.24141431
715,-0.5095705,0.829643,0.7197617,0.9669875,1.9614081,1.3062187,-1.3256574,0.39640537,-1.7136264,0.00035255123,-0.8137965,-0.22965018,-0.50957346,0.7778873,-2.179161,0.42767894,0.8963349,-0.10414231,1.0863218,1.5244445,0.12416148,0.7513159,1.0781155,0.5217607,-0.107537985
716,0.6481262,0.013177872,1.0816425,-0.66065717,-1.9608738,-0.5806329,1.2069943,-0.19785088,0.7458383,0.18483052,-1.431525,-0.42760372,0.39588487,-0.14733022,0.69740963,-0.23499268,0.6361766,0.995405,0.39948845,-0.27565414,-0.35829028,0.47952348,1.5117561,0.50697875,-0.84999514
717,-0.8637817,-1.0564909,-0.34115878,0.18211102,-0.11145651,0.1064655,-0.00088977814,-0.3768494,-0.87960535,0.67099905,0.027330995,-1.0698315,0.7647228,0.4041162,-0.86996436,2.3546233,-1.3902072,-0.71906924,0.3485672,0.7798337,-1.0439668,-0.26254338,-1.0876273,0.5949733,2.0139184
718,-1.6206303,0.38877773,-1.4996371,-0.986074,0.9528301,0.8507154,-1.4535949,-0.5667225,1.3336685,0.5676061,0.119223595,-0.5370082,-1.6383202,-0.10050666,-1.2120379,1.7420212,-1.6429074,0.97573024,-1.1517382,1.0038794,0.7148423,-0.08313534,0.6544509,-0.39504993,-2.0601997
719,0.18666553,-0.60822296,0.28297514,-0.47952628,-0.27864754,1.5833057,-1.0218817,0.30194712,0.7121397,0.42532247,0.106922984,-0.67122024,-0.76027966,0.5407377,0.041346446,0.5289122,-0.83261204,0.6345373,-0.920084,-0.24729797,1.4215046,0.047289968,1.3168565,0.7657039,0.4282825
720,-0.0076783895,1.0435014,2.1405232,-0.44136167,-0.6531608,0.7599652,0.82270175,0.5996644,-0.59164524,1.416752,-1.96172,-0.0017113462,-0.82091665,-0.7488003,-0.69552636,0.15994668,-0.84611297,0.42585295,1.3788991,-1.2640054,-0.65378743,1.3357487,0.14680576,-1.9818206,-0.33660674
721,1.3032489,0.2468009,-0.12539986,-0.5834086,-0.468345,0.48935583,-0.01067096,-0.24498963,0.41004622,-0.82471937,-0.78656167,0.5514486,0.027427673,0.7571052,1.5726718,-0.76923466,0.034487724,0.021694958,1.0841303,0.5171337,-0.44703707,1.4519691,1.5753171,0.85881686,0.07092941
722,0.07725501,-0.18254435,0.20751616,-0.17919326,0.7917689,1.0639703,0.71914285,0.022588968,-0.12998092,-0.02547285,0.6846557,0.47376072,0.72090423,0.85650736,0.65688,-0.15252864,-0.36529922,0.69687396,0.17219895,-0.60871255,-1.197435,0.5006226,1.5547572,1.0741949,0.5122353
723,-0.19342375,-0.95468986,0.052251413,0.39437652,-0.36322737,0.18182248,0.97132915,0.9495312,-1.227287,0.32679895,0.577087,-1.8028904,0.8540024,1.8813248,0.5039989,0.9323156,0.4252131,-0.43023264,-0.297639,0.13712502,-0.74060357,-0.4429816,-1.5193762,0.2335515,1.1658449
724,-2.3725386,0.28391457,0.7811563,-1.0981827,1.4147664,0.1194094,-0.5691532,0.4678695,-0.28081363,-1.8735359,-0.04459566,0.826139,1.4314431,0.8913825,0.2182704,-1.0896876,0.100366,-2.3949907,-0.6710026,-0.25643343,0.75920343,0.042398155,-1.1699041,-0.59600186,0.93734896
725,-0.70426655,-1.6209222,0.41055015,1.4176674,0.52507305,0.5952334,-0.6098695,1.2150968,0.8181472,-0.6376713,-0.18389672,0.10898691,0.82483137,-0.30243117,-0.080382586,-0.39448792,0.9217253,0.61092323,0.9256034,-0.30586272,0.520231,-1.0227433,-0.9343635,0.76946473,-0.51166606
726,-0.061069727,1.9395461,-0.43761626,-1.4806063,0.18921874,-0.113939285,-1.3801106,0.32975933,1.1012701,-0.6572487,-2.332117,-0.10756217,-0.70709705,-0.5240532,-1.3299558,0.08818817,-0.7225095,1.5809548,-0.47732207,0.7104075,1.0726928,-0.3595702,-1.1508759,-2.6567318,-0.4675715
727,0.23980021,0.33850408,0.2407364,0.07820034,1.3431982,-0.8668953,-1.0225985,-0.8648857,1.396409,-0.02496789,-0.20759043,-0.89074045,0.36096823,0.7346334,-0.06342378,-0.02083087,-0.57633275,0.61846155,0.58753073,0.35570684,-0.6268163,-0.817276,1.6491464,0.21119308,0.76931775
728,-0.9468057,-0.8133342,-0.15655082,0.4117936,-0.43025553,-0.21342382,-0.5256496,-1.2966486,-1.2848141,-0.54860336,-1.0555289,1.0112543,0.92671853,0.5173513,0.19290885,0.37265837,0.89796376,0.6928368,-0.43053043,-0.6260134,-0.15978253,0.7367309,1.605942,0.7965236,-0.47045684
729,0.70828545,-1.8966017,-0.21786031,0.95904887,1.1551759,-0.3243803,-1.5975577,0.17777294,0.2741779,0.24474119,0.41791725,0.85833454,0.9129224,-0.043729722,-0.25055194,-0.26744598,1.220315,1.1623139,-0.40535605,-0.77948546,0.3563516,0.31104302,-1.4635648,0.18135476,-0.9159119
730,0.46891475,-2.1372545,-0.62085986,-0.09280491,-0.51789165,-1.1384239,0.026393414,0.40588376,-0.54081213,-0.48687586,0.652142,-1.3241574,-0.1802051,0.42192262,0.6594775,-0.5951654,1.1936121,1.2586432,-0.17095047,-0.14335732,0.04803312,-0.12328485,-1.1461228,-0.47000456,-0.42207718
731,0.0123586655,0.57064986,0.1364168,0.9854251,-0.20069459,-0.64402866,0.1695773,-0.8477802,1.444664,-0.10247461,-0.13798538,0.20326558,0.10467398,0.037440658,0.38871235,-0.5431377,-1.5308194,-0.060913205,0.047082305,-0.5320872,0.39416504,-1.2816621,1.6432924,1.0755384,0.7017031
732,0.03416145,-1.0128444,-1.3267218,0.17454386,-0.15278834,0.49464822,1.0835779,0.96890116,0.6160996,-0.050109874,-0.19254214,-0.75540024,1.4966354,0.07979745,0.013668269,0.20001423,0.05058658,1.0139167,-0.043814957,-0.6545191,-0.8325471,-0.2790295,-1.4349552,-0.1548841,1.1830285
733,0.05346775,0.064940214,0.22417343,0.4207207,1.2936227,-1.5537281,-2.277396,0.08171201,0.39330018,0.24546614,0.52517694,-0.34214383,0.023806334,1.1598804,0.46771607,0.34900987,-0.40682065,0.32176775,0.76414037,-0.3258193,-1.1761588,-0.4987873,1.4698005,0.3288262,0.3349111
734,0.22629988,1.499826,1.6382002,-0.18842506,0.18972464,0.9219909,0.60332483,2.130938,0.93339837,-0.21839565,-0.567404,0.7909854,0.6467948,-0.7608691,-0.8184773,-0.41931736,-0.25474685,-0.35380638,0.06432134,0.7065742,1.2647927,-0.6854118,1.2283548,0.20841217,-0.4740994
735,1.5514178,-0.07034302,-0.30245465,-0.29459596,0.3959661,-0.11893195,0.9200445,0.8544461,-0.28363848,0.834295,0.6667246,0.22728923,0.23326492,0.67680293,-1.0716233,0.360649,0.7618363,0.8224316,1.1386486,0.46078357,-0.06271538,-0.1383174,1.3397075,0.33944654,0.5613102
736,-0.03458774,0.54811907,0.92976564,0.61091423,0.61350584,-0.9019594,1.245534,-0.094955504,1.3757477,-1.0372287,0.27909607,-0.5512988,-1.1300402,0.9856598,1.828519,-0.7639588,-0.45042652,1.0011852,-0.10814306,-0.96790874,-0.37343884,1.1884565,1.3863922,0.7581599,-0.21802092
737,0.41056186,0.0034890175,-0.36903393,1.0722451,0.7468072,-1.0132948,-0.19739932,-0.13598621,-0.94148326,-1.111091,-0.50135505,-0.5524225,-0.16848123,-0.3453685,0.04005429,-0.90872484,0.06639457,0.51087195,0.28571928,-0.052748136,-0.27121973,0.58333164,1.43083,0.16735435,0.11641431
738,1.3283606,0.03382635,-0.46897474,-0.63715243,-0.14887866,0.45224977,-0.4982075,-0.9310161,-0.24998415,-0.33332425,0.8949991,1.6451755,-0.5791447,-0.7644474,0.596128,0.368667,-0.050124645,1.2622645,0.4826107,0.15996635,1.0481355,0.99182266,0.3612799,-2.169717,0.1468364
739,-0.1743499,1.6797287,0.010664202,-0.81687164,0.06325613,0.49939114,0.5713859,-1.6148928,1.3269038,0.96339333,-0.3741765,1.4335026,-1.9001267,-0.03423828,2.0948591,-0.82271147,-0.007859468,2.0983226,-0.43181053,0.69665015,0.523807,0.37813812,-1.0872484,-1.6666952,0.26462173
740,-0.4897474,0.21726418,1.2094913,0.9761553,0.15349308,-0.8937131,-0.01860708,0.7871878,-0.38277766,-0.7140836,-0.17312577,0.33313382,0.73701024,-1.5739728,0.4581039,-0.91376656,0.54708815,-0.13743305,0.8780476,0.16444832,-0.6368141,1.3701665,1.368732,-0.8460101,-0.10752964
741,0.28726423,0.52772903,0.29871815,1.3232086,-1.1467566,-0.40157494,0.07801002,0.6507165,0.7350899,0.4884243,0.030064344,-1.7392093,-1.6174943,-1.2054969,-0.112692565,0.28317297,-0.5807789,-0.22147694,-1.408718,0.1691786,1.4001673,-0.22457296,0.6156311,-0.6561761,-1.6638117
742,0.09774017,0.39583516,0.095220335,-0.071801186,-0.90562284,-1.1730165,0.20626515,-0.3645891,1.5890243,-0.026642844,-0.24341258,-0.12637433,0.87685084,1.0966437,0.1362885,-0.012155056,-0.7080787,-0.11344147,0.9516672,-0.37942553,-0.17655405,-0.9292147,1.6159735,0.50237274,0.59584427
743,1.3889146,0.043673754,0.68061954,0.054250717,0.30929452,0.36435893,0.2788027,-0.9086051,1.1934228,-0.74217165,-0.2648266,0.031406328,1.1619282,-0.04445684,0.38792592,0.0013279915,-0.7517369,0.2702626,0.17963648,0.76216316,-0.96909416,-0.36251092,1.5573639,0.31849647,0.32144773
744,-1.108104,0.59758043,-0.13767296,0.970569,1.2842788,-0.71811116,-0.18014514,1.7938517,0.49953592,0.28720486,-0.99847937,-0.004669577,1.97045,-0.97386396,2.165162,-1.8431047,-0.25796223,-0.63642824,0.16023052,0.9234426,-0.5466497,0.39208275,-1.2084502,-0.14452577,-0.04184246
745,0.35292566,-2.2181616,0.42184284,-0.83767223,-0.1083934,0.26299948,0.22565848,-0.15320927,0.05122727,-0.4303185,-0.20163566,-0.8661374,-1.3257174,0.41371065,-0.057513073,-1.0486406,1.0811908,0.41099387,-0.37485635,-0.7801455,-0.8729922,1.4377644,-1.6367384,0.8697407,-0.85056424
746,0.6418204,-0.13155568,-0.26897535,-0.8224118,0.733756,0.2642546,0.258779,-1.0466952,-0.0962227,-0.7172987,-0.28623718,0.3387706,0.94153064,0.15368134,1.6624647,-0.6484636,0.018364191,0.34834796,-0.3371081,-0.051708028,-0.46397626,0.12781435,1.5669601,1.0264518,-1.1559463
747,0.88267136,0.117828846,-0.061355077,-0.6223643,-1.152652,1.6671114,-0.065280855,0.67161095,-0.042996883,0.015759397,1.2521424,-0.9346259,-0.7375176,-0.2700997,-0.66661346,0.2951522,-2.120812,0.0038114786,-1.5727248,-0.7351439,-0.00074243546,1.0945749,0.90075535,-0.26294982,-1.1082528
748,-0.046701908,-0.19767618,-0.90392977,-0.02977848,-0.37266272,-0.3361834,-0.61843616,1.4527562,0.4318279,0.70981294,0.14691436,1.3583018,-0.52214813,0.52782303,-0.17795494,1.1249129,-0.36361128,0.41896945,-0.14255205,-0.9561044,0.6069838,-1.3095338,1.2952002,0.79051924,-0.695832
749,0.7298147,-1.6570507,-0.82153744,-0.18680525,-0.29358128,-0.12766147,0.18668026,0.49865147,-0.5100081,-0.99983776,0.7344635,-1.1848289,0.8767684,1.290344,-1.196241,0.9595516,0.3450557,0.32096744,-1.6019081,-0.16152419,-1.2073461,0.39386946,-1.3460473,0.3444941,0.8460977
750,0.91906095,0.7967205,-0.5820203,0.9504373,0.6968021,-1.5507569,0.06523234,-0.7428099,0.80212855,1.3033738,-0.16273904,0.7132776,-0.60847807,1.0651557,0.7935951,1.1087016,0.2836517,-2.7663434,-1.3591796,-0.42443264,0.22520107,-0.17640066,0.061958194,-0.17304683,0.75224197
751,-0.6601174,0.3460946,0.25237384,-0.506433,-0.045624956,0.36130187,-0.15211272,-0.1931498,-0.92541385,1.885678,-1.3785155,1.139761,0.38240016,-0.39585984,-0.4706162,-0.044160187,0.30245626,0.04237342,0.1863392,0.94721925,0.10588658,0.6486719,1.5559233,0.65446806,0.16706312
752,-1.4891961,0.114079714,-0.04337862,-0.4564352,0.19194081,-0.8923631,-1.078518,-0.5476625,-0.3606936,0.1410143,0.4716025,0.7864295,0.2665094,2.215607,0.428678,-0.23803675,-2.5433865,-0.7049235,-1.2989448,0.11610837,-1.4308174,0.49788672,-1.6632115,0.04620695,2.2267594
753,-0.093499064,1.1161139,-0.5596474,1.6041621,-0.09159452,-2.7164533,-0.15736425,-1.9272498,1.6040013,-0.16733119,-0.012494266,-0.5277035,-1.6285324,-0.7284398,0.9271529,-0.5630604,0.8243127,-2.0439224,0.36863452,-1.2689284,-0.80276394,-0.75101215,-0.054290295,-0.25261247,0.22372556
754,0.5443233,-0.12879682,1.9728702,-1.5238714,-0.7328399,-0.6851225,-0.19427705,-0.53828454,-0.3822032,0.88412917,-0.05292961,0.74058557,-0.3630767,0.24065751,1.154318,0.12779295,1.1692142,0.49310392,-0.11672771,0.5665052,-1.1215477,0.311495,1.4726217,0.7637496,-0.9587736
755,-0.22594059,-1.6114923,1.7400156,1.0076535,0.3949123,-0.8190845,1.069119,-0.5602521,1.3518608,-1.243417,0.3213501,-0.26674294,-0.5825119,0.41218096,0.0075006336,-0.13175374,-2.297663,-0.7408695,-0.41296688,-0.0069067627,0.59732616,0.34501863,-0.97389805,-0.07146287,0.9699693
756,1.016708,0.90342736,0.05949005,-1.6680729,-0.5604364,0.49471733,0.13733608,0.95676845,0.44414973,2.144936,-0.08634275,0.42788285,0.006690979,0.041812122,-1.1888157,0.09904873,-1.1819968,1.3221972,1.5231845,-0.23481493,-0.82339156,1.0040629,0.15075755,-1.6862955,-0.78370595
757,-0.9496045,-1.6264365,-0.23924702,0.051871777,-1.1884633,-0.1058743,-0.06763363,1.5009779,0.2995504,-0.9880337,-0.14492935,-0.7497,0.28753197,-0.10532445,0.2525039,0.3887341,1.1469426,0.65176743,-0.7468173,-0.473564,0.5264036,-1.8212283,-1.4716634,-0.21915531,-0.29569626
758,0.9987223,0.35428286,0.99339074,-0.4309721,-0.76221085,-1.2930051,-0.34136254,-0.13979936,0.12904537,-0.8876678,1.2097337,-0.9730552,0.015448689,-1.0566993,-0.8579649,0.07390809,2.258371,-2.8710732,-0.102106124,-0.56277233,-0.17473271,-0.67429584,0.317747,-0.72619534,0.09739566
759,0.31683028,0.42288017,0.47449487,0.11372256,1.0730717,-0.38202456,0.11603063,1.0422038,-0.8237444,-0.08118027,-0.01826936,-0.32823294,-0.092351794,1.3827467,0.42226827,0.45993972,1.0432675,0.59016556,1.0724002,0.5532825,0.3363341,0.3027544,1.353324,-0.60232365,-0.6083014
760,0.27544367,-1.2045184,0.08559444,-0.36048388,-0.4696846,-0.5897436,0.9035769,0.296985,-2.0225744,-0.5396228,-0.086785585,-0.016403154,-0.6938007,-0.80619764,-1.6939187,-0.15658522,-0.0122538805,0.04876727,0.084545195,0.67754436,-0.44672266,-0.057527423,-1.5467702,0.41040993,0.8169855
761,0.2398876,-0.74819946,0.14178333,-0.013587952,0.2575274,-0.5859163,0.38155407,-0.2577641,0.30353642,-0.95436794,-0.17059183,0.33282757,0.6009488,1.137785,0.43573368,0.7918794,0.8379955,1.2186148,-0.3620094,-1.0533108,-1.128709,-0.16293198,1.5993876,0.35644984,-0.3009901
762,0.50259507,0.20573187,2.3723845,0.02141881,0.35749906,1.1047719,-2.0458395,-0.059713304,-2.6493263,0.20458385,-1.0228336,-1.275868,0.07590771,-0.5183387,-0.18674868,2.5084038,-0.5728227,-1.5134559,1.3576332,2.29508,-1.2517496,-0.9848366,-1.2559522,0.4892559,1.8650873
763,0.09860253,-0.29234266,-0.8625172,-0.2723031,0.8493383,1.0501615,0.2746895,0.01218152,-0.48718208,2.2048392,-0.48235467,-1.3456527,-0.6399956,0.18239456,-0.17050609,-0.3071735,-0.43135393,-0.41217685,0.58084023,0.38227072,0.19225669,0.77941364,1.1348609,-0.68485725,-0.87975407
764,-0.52902794,2.1281486,-0.076378725,-1.3281415,-0.52662265,0.45508635,0.1044783,-1.8328711,2.7308757,0.3264567,1.1462579,-0.052011296,-0.6450243,-0.015548229,0.96717954,-0.18733507,-0.66245145,2.2658696,-0.5106568,-0.9678129,0.21061462,-0.6336263,-1.3000752,-1.816902,-0.73074794
765,1.9965713,1.4043825,0.6583577,1.5464766,0.7739106,-0.55440557,1.7129624,0.18169147,-0.7153854,1.7550308,-0.41294894,0.9199503,-0.419147,1.4629786,0.9717444,0.47414505,1.5331113,-2.1185954,-1.3611386,-0.27695078,0.27889258,-0.67191976,0.02422154,-1.042851,1.0742316
766,0.33213377,0.13104391,0.34515727,-0.29178548,-0.40928924,-0.9030819,2.0854404,-0.41477954,-0.0031737685,-0.8567313,-0.7242199,0.36029005,0.97052747,-0.9961597,0.008387178,0.18840277,-0.40862232,0.693126,0.601323,-1.1644194,0.07060504,-0.06195551,1.6210313,0.20905137,0.09903228
767,0.29217005,0.15689945,0.29546422,-0.041079044,0.62565017,1.9569942,-0.75940955,0.070221424,-1.4603138,1.6810079,-0.5997343,-0.092342675,-1.2030168,-0.23244339,0.3660254,0.20331061,0.41631305,0.48594195,0.637689,0.8840443,-1.0303427,0.9171451,0.9145931,-0.7889037,-0.5977094
768,1.1244377,-1.9873258,-0.09247924,-0.47451735,0.8264076,-1.2342949,-1.4485071,-0.17739111,-0.638988,-0.530073,-0.7596341,0.4052419,-0.12015581,1.0390177,0.74370074,-0.22177958,0.29966533,-0.89407086,0.65001214,-0.39147478,0.14551622,0.018515348,-1.5288988,-0.20035577,-0.60476494
769,-1.4650123,-0.39931822,0.52148354,-0.65114,0.111774884,-0.6262413,-0.17802835,-0.66269636,-0.6615388,0.5158936,-0.5476038,1.4925841,0.48553717,0.8604384,0.8874283,-0.19225925,0.8021624,0.18371105,-0.6206088,0.36730516,-0.3166343,0.5859408,1.5429775,0.39872694,-0.63931036
770,1.7397346,-0.53735363,-0.12006245,-0.59985566,-1.3524052,-0.6311585,0.46152335,1.5938988,0.575369,-1.8190696,-1.3306913,-1.0645088,1.4624949,-0.45129406,-0.3481073,-1.2734588,-0.20037925,0.45083398,0.64249957,1.0458031,0.44495797,0.25265992,-1.5009521,0.4073944,0.057683706
771,-0.63109684,0.7415614,-0.17643303,-0.6949582,1.6964204,-0.9162258,-0.829725,0.39697972,-0.26601285,-1.0878742,0.45318037,-0.3796808,0.72240305,-0.52502406,0.2603952,-0.28725898,0.7601435,0.112425864,0.956808,0.009923726,0.08703375,0.6065137,1.5012932,0.2347405,-0.8216398
772,-1.1162648,-0.8469368,-0.7718118,-0.5899255,-0.55753833,-0.66885674,-0.3096509,2.8526387,1.5990505,-1.5597888,-0.09039217,0.11583533,1.9667664,-0.19184077,-1.5288204,0.36696804,1.1571538,1.1291425,0.28060097,0.54606473,-0.27018052,-0.0015770793,-1.4678861,0.7649307,-1.6631558
773,0.7961491,-0.039888382,0.61447674,-1.1716595,-0.35960293,-1.2395917,-1.0779618,-0.901803,-0.031847477,1.1859778,-0.385733,-0.15684848,0.39072287,0.65962666,1.2273985,-1.0655419,0.48989475,0.913915,0.074840784,1.5334643,0.21933919,-0.4104595,1.4449105,0.607836,-0.86489177
774,-0.7931795,-1.8629895,0.23989838,1.151459,0.8747659,0.6748642,1.4164569,0.24360704,1.7838037,-0.052940026,0.11663079,-0.2629583,-0.11367047,-1.8829455,1.910874,-0.15344894,0.17891073,-0.49178612,0.9064363,-1.4942865,0.53486824,0.5038908,-1.3171543,0.4648893,-0.33793688
775,-0.3684212,-1.2983217,-0.85585874,0.29022193,-0.7374098,-0.87819195,0.47524184,-0.18365502,-0.8785598,-0.10072058,0.610634,0.16584446,0.40912747,-1.7394371,-1.5546393,-0.31955898,-0.19745195,0.6890784,-0.41920984,-0.31595424,-0.3065973,0.8500622,-1.145079,0.8645115,1.3176312
776,0.9003115,-0.20291853,-0.5633446,0.23152733,0.30202082,-0.8053218,0.9130592,-0.050136387,1.2629166,-1.1490695,0.0036562681,0.6190507,-0.057604074,-0.5530422,0.83996975,-0.12495577,-1.4353814,0.2391994,-0.3441819,0.4740611,-0.9712451,1.0716231,1.5030543,1.0872986,0.88557434
777,1.0004036,-0.2940271,1.4091058,0.6257311,-0.5131706,2.1746755,0.24842864,0.11338383,-0.68908525,0.65150225,-0.2700293,0.27498752,0.02628076,-0.75131714,-0.61773753,0.8176671,-0.2109198,0.54755014,1.0381111,-0.6329572,0.5396466,-0.038778126,0.7029073,-1.5799749,-0.5836663
778,-1.1067426,1.0583634,-0.25738823,-0.36751223,-0.99591076,1.226893,0.009259462,2.3086224,-0.9154459,0.022438515,-1.3340355,0.7527899,0.9800962,1.3794229,0.43006554,-1.2048974,0.7635379,-0.2410562,1.6495551,-1.5756772,-0.17542848,1.1565626,-1.6578308,-0.544325,1.4535717
779,0.9606056,-1.6518093,0.66879946,-0.4437878,-0.46172714,-1.0080849,0.53969353,0.95668703,-0.9888451,-0.44172043,-0.09037486,-1.1733552,-0.99001,0.70024425,1.2591588,-0.43074048,0.8821416,1.16254,-0.17142832,-0.13704629,0.18278974,-0.84937525,-1.8921038,0.3616941,-0.44475555
780,-0.7269685,-0.050383806,-1.2447973,0.057588577,-0.26346,0.043261796,-0.034300983,0.44220793,0.09978193,-0.24945633,-0.83809876,-1.4846687,0.25086498,-0.12289071,-0.8290951,-0.08650309,0.10063541,-0.7766466,1.1157082,0.6002157,2.4851265,0.6383855,1.1696775,-1.1395024,-1.2393293
781,0.108208776,-1.46296,-0.118569486,-0.07971692,0.015199199,0.033721536,0.119503915,-0.36629617,1.1380954,0.051011924,-0.2373882,0.075714774,0.64687717,0.078784406,-0.8687254,0.18876481,-2.017915,-0.7592657,-0.17386863,-0.19416109,-0.009392023,-0.18000168,-1.1127974,-0.07424712,1.1944957
782,0.16750288,0.81273866,0.4596204,0.27824318,0.70933586,0.09975231,-0.88099545,1.1340768,1.0326955,0.58182144,0.39699823,-0.3277704,-1.488255,1.5863378,0.33305353,1.6157867,0.14291549,1.188046,1.2439835,-0.5763104,1.004798,-0.6637735,1.289741,1.1115856,0.8310938
783,1.1211753,-1.2895083,-0.8539289,0.26545322,0.36538285,-0.35064653,0.2207151,-0.112439275,-0.10555124,1.2931848,0.8798683,0.1941461,-0.016331077,0.56471795,0.55772316,0.9889375,0.09861946,0.43301624,-0.9758778,0.2486333,0.9773624,-0.65832967,-1.8991548,0.9676771,1.0172474
784,0.5220283,0.22489786,-0.083316304,-0.29569054,0.14432582,-1.0572546,-0.36259496,-0.9320196,0.18283534,-0.799225,0.14703351,-0.44763875,-0.7817323,-0.67051935,-0.75371456,-0.61421645,2.2309866,-2.511547,0.57075083,0.073063135,-1.2752657,0.5338959,0.5342343,-0.1918087,0.10606086
785,-1.3629854,-1.4373391,-0.034268573,1.2381275,-1.2186573,-0.47769353,1.1548095,-0.027883828,0.039990544,-0.5338846,0.6816661,-0.107284784,0.54141915,-1.1122676,-0.70700896,0.057302356,0.287238,-0.98079455,0.47830266,0.2476742,0.02349466,-0.36956877,-1.2414199,-0.22461891,0.3920349
786,-0.37668908,-1.4243531,1.8993464,0.8364606,-0.38080066,-1.0829873,0.25210458,-0.10307777,0.936425,-0.1861939,1.121227,0.9123806,-0.31646705,0.90189666,0.38332313,-0.17524981,-0.8377948,-0.5189293,-0.5253595,-0.11520659,-0.5905094,-0.07494086,-0.9687308,-0.32469606,0.6768198
787,0.69420063,-0.047259808,-0.69663894,0.07325554,0.08689601,-0.3330485,0.14668566,-0.60711753,0.5995791,-0.9298913,0.549133,-1.393053,0.7261605,0.085835755,0.54768026,-0.9240885,0.044704556,0.7280093,-0.6139981,-0.8226614,-0.97905225,0.46519077,1.6478125,0.15773153,0.5204408
788,-0.35548508,0.1375916,0.20556274,-0.27081823,-0.8933481,0.83268785,-1.0351796,-0.23291123,0.4194435,0.5049036,0.38198036,0.806033,-0.35360336,0.13784188,-0.8861544,0.46009207,-1.0888468,0.7529579,0.8667389,-0.5698081,1.0741856,-1.6007586,-0.04456222,-2.2875566,-0.97491527
789,1.6900046,-1.6678643,-0.8591288,-0.521847,0.15981545,-0.004953742,-0.34155476,-1.6071106,-1.0390457,0.4608958,-0.28080553,-1.097553,0.12016082,0.14460248,-1.8887795,-0.55996037,-0.74984884,1.0786729,0.34936517,-0.1220762,1.1111091,1.0038188,-1.9739407,1.957442,-0.17740512
790,-0.7508366,0.7899823,0.67731833,-0.23808026,-0.13675484,-0.71630347,-0.3654132,0.8974049,0.2052635,1.1776681,-1.088102,-0.323058,2.4623337,-2.2619302,1.430614,-1.0262461,-0.34643424,-1.3751392,0.14863402,1.4989985,-0.6463862,-1.090203,-1.6735708,0.2405138,-0.31291842
791,0.18109083,-1.4312446,0.8813376,0.42789578,-0.21893424,-0.5401672,0.028528154,0.23865187,-0.026392758,-0.9885223,0.5058363,-0.6695088,0.04026997,0.50760895,1.0963527,-0.49259138,0.05126512,0.037012458,-0.38476318,-0.6681266,-0.5423062,0.7275538,-1.474667,0.14835382,0.8079922
792,0.6354897,-0.012128353,1.4066502,-0.19475532,-0.20633101,0.9823961,0.6455961,1.0884855,0.40503526,1.3881654,1.8557155,-0.6958468,-0.2889974,0.26116127,-0.43034437,-0.14292157,-0.9322815,0.36416155,0.74868727,0.07039806,-0.023996055,-0.15970856,0.69378227,-1.6573708,-0.2813542
793,0.62974197,0.5763495,-1.0364113,-0.9093292,-0.3601902,2.2502763,0.19514972,-1.4631871,0.52846706,1.21157,-0.92044485,-0.7109276,-0.7949245,0.10106498,0.5828111,-0.034580648,-0.1996212,0.43830448,-0.76334214,0.8015306,-0.011235774,0.070501626,-0.70879185,-1.9782081,-0.3878045
794,0.4273793,-0.041285515,-0.42486238,-0.5480206,-0.40790683,-0.08196479,0.39651245,0.21521646,0.11319721,-0.6917939,-0.22962227,0.8441847,1.059376,0.4024803,1.2314688,0.23715162,0.07298422,0.16275656,0.5632896,0.22409901,-0.49099612,1.3083575,1.5575655,0.60912895,0.031302214
795,0.07896507,-0.17646241,1.5554616,-1.1959562,-1.7923255,-0.6329986,1.5084927,-0.21474648,0.50492024,-0.2944099,-0.32868707,0.084860474,0.5155401,0.02204752,0.45962915,0.71267235,1.3586915,0.32815397,-0.036115736,0.051159993,-1.1067438,-0.014380515,1.613987,0.25006485,-1.0048523
796,-2.1093774,-0.3577448,-0.031490967,-0.24674916,0.42022607,-0.07652879,-0.6938539,0.5312717,-0.5193813,-0.38916683,-0.37826028,-0.16205771,1.2331945,-0.9506967,0.58472896,-0.47064847,-0.17020607,-0.6333491,0.6491095,0.23507053,0.7012814,1.3712599,-1.6195163,1.3143277,1.0648768
797,-1.6049125,0.65030193,-0.13796684,-0.012666702,0.0833593,-0.71081364,2.4500096,-0.22809374,1.6359279,0.18685526,-1.4729962,0.042587034,-0.095748425,-0.14422494,0.7763883,-0.26118213,-0.054318905,0.34079438,-0.29855955,0.08450271,0.26585996,-0.9467999,1.5124533,0.17761493,0.31064844
798,-0.89441156,-0.5489423,-0.24498025,-0.8423233,-0.7274328,0.50911707,-0.4698452,-0.65784633,-0.68869174,0.32519913,1.5857136,-0.63194245,-0.11330736,0.6932575,0.10400638,-0.7330251,-2.0077863,-0.96290416,0.1703096,-0.25582924,-1.8888124,-0.40135878,-1.3524109,0.50915,2.0455751
799,0.24641836,-0.7822015,0.38199317,-0.8860426,-0.97376347,1.3835005,0.23002869,0.1069718,-0.4160323,0.85131484,-0.44410515,-0.48306227,0.21731067,0.44898015,0.93679965,-0.34090376,0.03226137,0.032796025,-0.6936399,0.7242688,0.79591703,0.59591216,1.4474996,-0.10991454,-0.8628638
800,-0.10742223,-0.6870779,-0.69443285,-0.6636679,-0.20994535,-1.3776039,0.6296925,-0.8538041,1.387955,-0.06336797,-1.0500727,-0.19669186,0.6265762,0.9061685,1.4511503,0.97124064,-0.79933673,0.01175791,-0.4304397,-0.27461082,0.44928342,-0.1622287,1.5781677,-0.060237885,-0.92119455
801,0.29213965,0.23865104,-0.449428,0.064436436,-0.22408551,-0.4026141,-0.15584034,-0.72104955,-0.032300353,-1.3567777,-0.45905724,0.06019085,0.7853705,-0.76944727,-0.31737304,-0.5140675,0.2835157,0.47382885,-0.21663485,1.0618845,-0.29416797,0.7437665,1.6378396,0.19091988,0.63467526
802,0.15175283,1.604423,1.1676244,-1.1006761,0.2764821,2.293387,0.18784851,-0.74268436,0.56243765,1.0771692,-2.4516337,0.3948633,-0.44426084,-1.0871924,-1.7899771,0.72631514,0.2968607,1.5510857,0.22242641,-0.83332705,0.91433764,0.14854485,-0.45381296,-0.8991085,0.24579728
803,0.3820883,0.19380426,1.0442309,-0.69234157,-0.62171733,-0.91655266,0.20824212,0.022765994,-0.29013407,-0.51505667,-0.29887015,0.9562408,0.41933954,-0.84507537,0.18640505,-0.33827204,-0.18579948,0.012549818,-0.94007,-0.23807286,1.153693,0.56281585,1.5998476,0.57249975,1.2584531
804,0.34476948,0.028150797,-0.106558986,-0.13607502,-0.50549537,-0.5062169,0.18515724,-0.22249508,1.4136679,-0.26936346,-1.4309599,-0.16324823,0.34751582,0.80686957,0.80280197,0.48761392,-0.7273747,-0.41062343,0.7851597,-0.47891912,-0.6666291,0.21233398,1.5672146,0.5997324,1.0800915
805,-0.34842038,-1.6829579,0.5391856,1.0317665,0.76436114,-1.223523,0.42308396,-0.11923206,0.8040886,-1.0709109,0.4532746,-0.5617013,-0.23962998,-0.74765694,0.6913544,-0.7384045,0.46234822,-1.3963866,1.0329453,0.55281067,1.0834173,0.4931665,-1.4708999,0.04398775,-0.021544695
806,1.579057,-0.07754564,0.31253922,-0.13848591,-0.48392808,0.017038792,0.48214537,0.19861102,-0.9563804,1.8071718,-0.9975015,0.59331363,-0.17963791,-0.5455935,0.6239883,0.51681304,-0.93496466,1.1294549,2.282692,-1.1658217,0.18442565,1.0760653,0.46315366,-1.87993,-0.41056252
807,0.23363245,-0.16185558,-0.54270893,-0.3721671,1.1594687,-0.81248677,-0.27603638,-0.3477193,-0.040259063,-0.10130681,0.19453841,-1.1441805,1.0842655,0.6421258,0.36444885,-0.57508016,-0.7732495,0.6435812,0.7485596,0.28071105,-0.6009793,-0.15735522,1.4868338,0.25976753,0.48829317
808,-0.31928432,-1.4020476,0.7779587,0.44241917,-0.52545947,0.5488542,-0.42847377,0.30347976,0.19305682,-0.07905178,0.50433475,-0.65263826,0.89882463,0.4640364,1.1980766,-0.42290467,0.34183705,0.34612066,-0.6407058,-0.9268304,-0.8444972,-0.30916572,-1.4289957,0.55390835,0.5453527
809,1.1680568,-0.5097537,-0.48558697,-0.7231164,-0.51827884,0.27104512,1.6423819,-0.7484548,0.16432583,-1.0496647,-0.27807504,-0.10311966,0.1287607,-0.07890922,1.2434366,-0.19748211,-0.35326803,-0.06932604,1.7986342,-0.2149921,1.0579531,0.91342896,1.5298218,0.6070647,0.76705456
810,0.16707563,0.96061754,-0.5249755,-0.22312808,-0.09320739,0.34867963,-0.26641762,-0.8589381,1.0777864,0.29543698,-0.43518218,0.23347276,-0.9206972,-1.4201915,0.6153571,-0.81426823,-0.5557435,1.2825665,-0.22664185,0.8576387,1.1951028,-0.7488323,-0.6361151,-2.0008314,0.13836157
811,-0.053650618,1.526664,-0.39949763,-0.74386334,0.5045016,1.6165526,1.8105605,-1.2497283,2.074619,0.7022009,-1.565742,-1.1349934,-0.73519516,-0.22020608,1.1347127,-0.53317726,-0.087212324,0.6299612,-1.1379871,1.6591848,0.5835446,-0.90926695,-0.20135331,-1.6439071,-1.729408
812,1.5807745,1.7053106,-0.6928192,-0.66540766,0.048882708,-2.377096,0.30867535,-2.1319928,0.9137641,-0.6956995,0.35726362,-0.34133863,-0.9581516,-0.13638681,-0.3749425,0.61698866,1.4276037,-2.6895459,-0.5792104,1.7381314,0.7108232,0.9473143,-0.3569435,0.91902184,0.36739683
813,-0.9572239,-0.80338967,-0.23653147,-0.38453007,-0.37959868,-0.9901428,0.20765084,0.4775795,0.22580886,-0.30035275,0.21183753,-0.5202666,-0.37768602,-1.0159055,-0.33246818,-1.583773,-1.0594147,-0.9357848,-0.034914643,0.78230333,-0.11293557,-0.9757954,-1.702897,-0.025937319,0.6900742
814,0.3394469,0.15637946,0.68612826,-0.7647512,-0.70967144,-0.491594,-1.4555637,-0.23339891,-0.76568204,0.5321051,0.058138847,0.30350295,0.83899677,0.7189012,0.014582232,-0.14416617,0.93271947,0.553191,0.38720918,1.0570703,-1.4660249,0.08438921,1.5917453,0.378098,-0.81370735
815,0.38996124,-0.6988474,0.85450304,-1.1043386,-0.571997,0.1469622,-0.23581558,-0.38876724,-1.1876534,1.1113886,0.14414907,-0.7675353,0.8008937,0.92300457,0.78286135,-0.9117682,-1.019479,-0.8872593,0.585955,0.71835923,-1.8069111,-2.4383838,-1.2551447,0.39067602,1.6349705
816,1.122081,0.7327671,0.98739225,-0.42797542,-0.46488917,1.6205766,-1.3515894,-1.1063826,0.31895566,0.36258245,-0.68346274,1.0270185,-0.70285225,-0.81856626,-0.23384693,0.20761943,-0.41570765,0.8894761,-0.057657808,0.69278073,0.25667483,0.631772,-0.109652996,-1.6358614,0.110654116
817,0.08221531,-1.2814509,-0.28750214,0.14894104,-0.7894724,0.3436445,1.7342651,-1.0721349,-0.3340065,1.0935367,1.0830019,0.601078,0.3558184,-0.6377305,0.3525749,-0.20062894,-1.764214,-0.535863,0.10877329,0.47011998,-0.47577095,0.40367597,-1.6795715,1.04284,1.0234133
818,-0.47284567,1.3700931,0.036499366,1.2314954,0.3654861,-1.0349308,1.9416258,1.1444339,0.17610955,-0.06262957,-1.8765936,-1.6883627,-1.184047,-0.12082195,0.8875954,-0.96047133,0.072505236,0.60385746,0.7541293,1.1394082,1.0090618,-0.6385369,1.0905257,-0.57321584,0.4043044
819,0.6757443,-1.7715697,0.18994054,-0.96983266,-0.39845133,-0.9422803,-0.039833188,1.1618754,-0.20151389,-1.3003125,-0.8522042,1.5583752,-1.4840727,0.40117973,-1.5899699,-1.5612514,0.9928088,0.8672796,-0.063841164,0.91256607,1.2160407,-2.6900053,-1.1685785,0.10790849,-0.7179663
820,0.05750954,0.1967988,0.5564371,0.124470234,-0.31432915,-1.0840646,-0.5537425,-0.3679775,1.0189234,0.054228988,-0.6357816,0.2795802,0.7954352,0.7392257,1.2744263,-1.1266344,-0.014626026,1.0892572,-0.39230832,-0.2149692,0.5602441,-1.1699792,1.4980917,-0.5045711,-1.5897322
821,-0.39354575,-1.8448448,-0.84795487,-1.1923711,0.8307389,-2.160791,-0.29206055,-0.88293374,0.22422314,-0.43567127,-1.1973795,-0.6057651,-1.1387379,1.6809223,-0.5164045,0.40426147,-0.21725571,-0.1290139,-0.32250884,-0.23739955,1.0582095,-0.51444864,-2.3365984,0.8026786,-0.8239746
822,0.40389246,0.9528589,-0.07463471,0.17646241,0.54349303,1.0802461,-1.9042944,-0.09541941,-0.052815378,0.29187825,0.60955733,0.63435626,0.47177815,-0.6354495,-1.4294589,0.3302517,-0.08161473,1.5735252,-0.09768686,0.04164532,0.52535427,-0.40117395,0.4174446,-1.8650161,0.52814925
823,0.8134788,1.1568437,1.7332021,-0.23461795,1.341103,0.6799101,0.35411102,1.7334503,0.46726835,-0.6747715,0.012995541,0.2259603,-0.45829344,1.6399388,-2.1370885,0.041214705,-0.510397,0.4973269,-0.2216019,-0.1361434,-0.27978152,1.1264279,1.0305247,0.51081324,-0.6693914
824,0.85135156,-1.8249462,-0.14542979,0.2937671,-0.09804875,-1.0013769,-0.3203293,0.38051108,-0.016095877,-0.5873808,-0.013216794,1.1171343,-0.6421323,0.13841873,-1.4725161,0.20177925,0.89098763,1.1650717,-0.9230489,0.08164519,0.50107116,0.04788387,-1.1955956,1.3728275,0.70909166
825,-0.8069577,1.0283318,0.34547758,-0.45939136,-0.47934824,0.80687916,0.7535457,-0.19799542,1.091388,-0.37429315,0.11289555,0.25678176,-0.27833533,-0.65837216,0.9026587,-0.58938724,-0.38603753,1.4552677,-0.16180333,0.7350278,1.0221293,-0.03161493,-0.735314,-2.6913443,-0.7105119
826,-1.5520191,-0.45220888,1.0849539,0.31093693,0.5991754,-0.59498775,-0.088977695,1.0205132,0.78910017,-1.0063021,0.102324665,0.47618186,0.7061025,-0.15055323,0.34662604,-0.6840631,0.3864014,-1.2281694,0.14240837,1.0245329,0.59234047,-0.19345227,-1.7839671,0.25499725,0.26121283
827,0.3951084,-1.5199,0.065378204,0.44495046,-0.76950526,-1.2595171,1.0555127,0.7081701,0.381572,-0.8125067,0.85188395,-0.55558515,1.0636826,1.1181026,0.12301397,-0.1172601,0.7188711,0.930322,-0.4822224,-0.84088886,-0.287587,-0.7644515,-1.5061024,0.21797419,0.13188636
828,1.446842,-0.04304099,-0.13860369,0.19103122,0.81580794,1.1564236,-0.12637812,0.9913836,-0.23964268,0.52948666,0.60942525,-0.9397133,-0.8258221,0.6700519,-0.5380986,-0.16630751,0.4166137,0.8616647,-0.13613245,-0.9520712,-0.3540002,-0.43097028,1.0210587,-0.8130592,-0.51051974
829,-0.07188618,0.50548434,-0.43757293,0.73092353,0.07036604,-0.29140368,-0.41405565,0.8993987,-1.9794852,1.1868812,0.06995249,0.36415341,1.7469025,-2.1847908,1.0135851,1.3745693,-1.0300107,-0.0685069,1.0506474,1.9754574,-0.99643993,0.87885696,-1.8839484,0.87541795,0.63107884
830,-0.6479249,-0.040450335,-0.20286608,0.13096023,0.5729594,-2.2230022,-0.3816319,-0.99786246,0.73702693,-0.6234364,-0.62584907,0.072251886,0.5673139,0.25108153,-0.1419181,-0.7301506,-0.77079666,0.54177874,-0.41508394,0.33309644,0.48852193,-0.25519955,1.6188817,0.5305965,0.1869303
831,0.06221366,0.009959221,-0.38614747,0.11069298,-0.69381136,-1.0156038,-0.22510803,-0.053276896,-0.30299228,-1.1366783,0.42055798,0.51268476,-0.15783715,-0.4809677,0.2945062,0.047714233,-0.2716685,0.55699855,0.72170305,-0.4710756,-1.420121,0.4613111,1.5890955,0.8848674,-0.16451669
832,0.9460429,-0.31148183,0.8460799,0.03696704,-0.43583363,1.25359,-2.1493702,-0.088650644,0.085496604,0.5214118,0.6107252,-1.1119806,-0.5955465,-0.8041301,-1.1570404,0.2865709,-0.55333227,0.28817457,-0.775676,-0.60317713,1.1888403,0.45818472,0.98509777,-0.38977015,-1.105227
833,-0.057917476,-0.5392858,-0.85028136,-0.17241573,-0.6563131,0.23511826,0.5859634,1.1191006,-0.50018156,1.463728,-0.40052408,-1.1285063,-0.5154629,-0.5783161,-1.0057845,0.72121966,0.489318,-0.34130967,1.3314588,-0.73026645,1.4400961,-0.7800596,1.1930261,-0.6038624,-0.5894518
834,-0.008738041,-2.0751956,-0.277244,1.2802827,-0.40656447,-0.59351623,0.7666189,-0.019523203,1.5179498,-0.41557327,-1.2348211,0.63336474,0.8458457,0.060933113,-0.20970649,1.0142437,-0.30303502,0.80878943,0.90426195,-0.5089678,0.08002585,-0.21445271,-0.8892113,0.24477196,0.5379194
835,0.2844484,-0.22688293,0.08013271,-0.631248,0.53091294,-0.51331735,-1.2526876,-0.6013956,0.5536617,-1.0126476,0.2368601,0.69030845,0.52024865,0.5084228,0.56003815,0.38654745,-0.6519241,-0.3162729,0.33640718,0.029022247,0.14415252,-0.38089004,1.6636713,0.7053163,1.1362662
836,0.03315544,-0.9259838,-0.5575698,-0.9782405,0.9942828,-0.78643394,0.0976972,1.6437167,-1.0274838,-1.1705681,0.5740344,-0.3936336,-0.23279297,0.10606009,0.0059770644,-0.79400396,-0.40454465,-0.38299596,-1.1870614,1.1991531,0.08385694,-1.2270608,-1.5293943,0.4063363,0.645674
837,-2.568315,0.4270556,1.8103476,0.21768427,-0.0357946,1.1408101,0.85899824,-0.17017561,-2.1557655,-0.94836086,-0.28578284,-0.5762592,-0.32476592,-2.2716758,0.16538537,2.5303798,-1.7836692,-2.375637,0.72551537,1.4818422,-0.557755,1.1789725,-1.6504997,0.39010692,1.0388819
838,-1.1769128,-1.5562332,0.61576563,-0.010220766,-0.8224342,-1.0388623,0.9768023,1.1137952,-0.9992818,-1.0070958,0.88955086,-0.19607525,-0.8238373,0.092689216,-0.6570647,-0.74278915,0.47583914,-0.13730454,-0.116016835,0.006916374,-0.49032605,-1.264995,-1.1955334,-0.6652086,0.021965027
839,0.17386055,0.34940886,0.010321386,-1.2817581,0.11007055,0.43690675,0.49834985,0.77337825,-0.7700253,2.017103,0.029422224,-0.9930113,-0.48002052,-0.2538287,0.114689335,0.19573152,-1.3599826,1.0786366,2.212366,-0.06240727,-0.14200836,0.4368832,-0.06473124,-1.8498106,-0.8468287
840,0.7630831,1.1923585,0.10482626,-0.32142234,0.7153975,0.9902009,0.13016397,-1.2080652,1.1022979,0.117269486,0.20717633,0.3093027,-1.074852,-0.53295976,0.6396959,-0.60856926,-0.76664424,1.289093,0.18982202,0.04055293,0.29137093,0.1874646,-0.55819607,-2.223358,0.4388994
841,0.32665348,1.0748429,1.4564394,0.9430182,-0.19103733,-2.009413,1.9017487,2.2253969,0.42864633,0.2730678,1.0218043,-1.0502932,-1.2905536,0.2302801,0.40883446,0.36095822,-0.83121634,0.5330375,-0.69102013,0.42751834,1.1830907,-0.7758043,0.6966963,-0.5022266,0.030929327
842,-1.405462,-1.116373,-0.2994882,0.7985475,1.222106,0.34291646,0.49933177,0.76625454,1.1830113,0.026578529,0.039664388,-0.21634923,0.27453566,-1.4053385,1.6763412,0.29802978,0.6285677,-0.44725913,0.7005086,-1.2660431,0.8487673,-0.6569507,-1.6977388,-0.48968852,-0.08506274
843,0.45715857,-0.92275083,0.60138065,0.22646236,0.803738,0.10644697,0.78611976,1.9365302,-0.7253083,-1.4005607,-0.034591526,-0.33494097,-0.040261865,-0.3705284,-0.13082215,-0.9133538,-0.6313749,0.22390527,-0.6891178,0.35379174,0.25459552,-0.25717854,-0.91648996,-0.5043286,1.2856467
844,1.2424021,-0.46560872,-0.22156021,-0.9685705,-0.92523456,0.6049218,0.31253678,-0.26537132,-0.6405967,-0.6601365,-0.4769124,-0.59518534,0.46898758,0.08178842,-0.26010686,-0.04941833,-0.42961794,0.69890934,0.67095006,0.81194174,-0.1740425,0.23131418,1.6267447,0.51460886,0.69289184
845,-0.43094814,-1.1154156,1.0555749,1.3643,1.0400746,-1.0665002,0.2692712,1.187412,0.20262384,-1.463811,0.9644099,-1.1692584,0.4111731,0.20783538,0.4567893,-0.7222991,0.9266999,-0.48031121,0.69740605,1.1486897,0.7295034,0.8026915,-1.7945653,-0.61171544,-0.09429717
846,-1.7215443,0.6044483,-0.24816859,-2.0313668,-1.1427331,-0.5816848,0.16172904,0.026915252,-0.30651575,1.1078746,0.5898035,0.43845004,0.23418796,-0.10707909,1.533135,0.6689067,0.8184929,-0.5101839,-0.7216201,0.34798986,-0.5760268,0.1975534,1.6109705,1.0434949,-0.16811085
847,-0.51000667,0.6630392,0.6358792,-0.7087734,0.25124687,-0.34045514,1.0329659,0.36296505,-0.39566663,0.2515869,-1.2699558,0.7969747,-0.32986283,0.11755782,-0.85049427,0.40367138,-0.54926306,0.64546746,-1.022372,0.51603425,0.49767625,-0.048957467,1.3562964,0.9796901,0.08979046
848,-3.123355,3.587472,0.2982601,-0.55938053,-0.60288286,0.7659192,-0.73085314,1.4078405,1.3814075,0.7896617,-2.5971444,1.9804239,1.9342344,-0.17074025,1.9769499,-1.5117799,-0.48328155,-1.813875,1.3667935,0.71958625,-1.5316349,0.70345443,-2.9594631,-0.06517148,-0.54122925
849,0.9780196,0.10825229,-0.58217734,0.47873664,-0.020010024,-1.0855106,0.3859368,-1.729849,-1.2724884,0.009707451,-0.523539,-1.3934157,-0.92238617,-0.48647907,-0.3269896,-1.1087337,2.0122583,-2.1663961,0.32687318,-0.8372234,-1.7189244,-0.18939614,-0.04588127,0.08554077,0.40523255
850,0.102425575,-0.09209657,0.5435271,1.9988331,-0.32972217,0.29676867,0.47381347,1.1259403,2.3808584,-0.56385875,-0.97850406,0.6872914,2.8831382,-0.5834943,0.38721228,-0.52155507,-0.08767128,-0.43228054,-1.8357188,0.36005345,-0.97842586,0.738517,-0.90607655,0.28044844,-0.95427155
851,0.24737322,2.0044231,-0.17314991,0.47021842,0.4706505,-0.06178519,-0.6169886,-0.080584526,0.6738328,-0.031987716,0.7868088,0.64504665,0.029130101,-0.5992692,1.0766112,-0.66265786,-1.2410023,1.295464,-0.90713656,1.0707182,-0.15127978,0.0684253,-0.59989333,-2.4065673,-0.15516734
852,0.8048531,0.5536761,0.27873456,-0.9051044,0.43907136,0.5421606,-1.6144648,0.4320947,-0.4651694,0.387501,0.9452601,-0.4618287,0.8782716,0.6597896,-1.0400307,0.9959165,0.38684464,0.3120339,-0.09937182,0.03857951,-0.33143547,-0.521898,1.4109981,0.67044926,-0.6502912
853,-0.21093643,-0.3816589,0.27775133,0.025975466,-0.7111157,-1.3139617,0.06465906,-0.57129514,0.8723352,-0.29659438,-1.26775,0.2696041,0.12564385,0.92877406,1.3242191,0.06563449,0.055279016,-0.11474824,0.70151174,-0.7737253,0.27053165,0.05936426,1.6654606,0.21059823,0.041694403
854,-1.1810098,-0.04597974,1.0429959,0.9155357,-0.8317697,-0.28691998,0.56300217,1.3633082,0.85628545,-0.51395047,-0.37287816,-0.47526246,1.7348042,-1.2234232,1.8271452,-0.84278846,0.8068354,-0.40952688,-0.1975137,0.14550602,-0.0888024,-0.8330126,-1.4649156,-0.66630685,-0.61271286
855,0.77682304,0.99922967,-0.123060994,-1.3579354,0.52112603,-0.039878726,0.1514067,-0.7742593,1.1280794,-0.42981216,-0.52807486,0.67558056,-0.31966305,-0.98210114,-0.2962332,-0.34951198,0.029872179,1.9608569,-1.2238977,-0.53464925,1.122458,0.16768992,-0.6559473,-2.4855034,-0.018036127
856,0.14518714,1.1827762,0.6478935,-1.4668329,1.0797093,0.49076682,0.4556535,-0.83304036,1.003146,0.43120238,1.3228068,1.1841288,-0.17243266,-0.93645924,-0.9362806,-0.122761965,-0.28546882,2.334571,-1.2485745,-0.49027294,-0.021015674,0.6450419,-0.17390013,-1.7728397,0.8729135
857,0.6875927,-1.399853,-0.4775057,-0.5606475,-1.7872294,-0.35616204,1.9737196,-0.19829679,-0.10075289,-0.9502646,0.048747897,-0.27918398,0.25503612,-0.56944036,-1.2404348,0.2603165,0.21346891,0.7374231,-0.76296115,-0.8142786,-0.8051419,-0.42773864,-1.4008886,0.8351176,1.1872742
858,0.07270157,-1.9448721,-0.44389227,0.8168013,1.4956144,0.23755556,-0.44727254,0.25841394,1.371551,0.31937748,-0.6259379,0.05726006,1.1515422,-1.0861286,0.057447255,-0.6583585,0.4653958,0.27425498,-0.1266385,-0.85822093,0.24532294,0.9436211,-1.0389444,0.26291656,-1.1798165
859,0.8790163,0.65868354,0.8143403,-0.26348877,-0.9621197,1.2742639,-1.5615087,0.43812066,0.0919953,0.15634277,0.1639452,-0.035416663,0.6808101,-0.66811943,-0.5622058,1.1851646,0.25739717,0.3043219,-1.1507858,0.20893052,-0.008373916,-0.8878519,1.3289107,0.11221242,0.1253953
860,-0.29310846,-0.47861195,0.97982955,0.45055902,0.2555809,0.891253,-0.29956686,-1.6657375,-2.5131989,1.2469751,-0.42231494,0.5340927,-0.75337386,1.3494346,0.1642216,2.8188915,-0.027534485,-0.68008506,1.0657502,2.2167478,-2.4642348,0.47545642,-1.8087908,1.0184951,1.9743913
861,0.033508897,-1.8145499,0.95237243,-1.2549794,0.36879566,-0.6629764,-0.8086052,0.038562834,-0.6145598,-0.6963086,1.314189,0.18253373,0.8189078,-0.78341013,-0.96092665,-0.53452873,0.29530287,-0.48187518,0.101225376,0.24542204,0.41846234,-0.081385165,-1.2933997,0.58847857,-0.06858587
862,0.7534416,0.8573265,-0.025178142,0.07832146,-1.1603215,1.2947967,-1.2863431,-0.7385919,-0.15865397,0.02482343,-0.7422606,-0.40257776,0.21113646,-2.0001464,-1.0731593,-0.9683725,0.8899138,1.2548976,0.36512566,1.2496889,0.044959396,0.07815021,0.44874603,-1.8513341,0.038012743
863,-0.058467627,1.7341897,-0.8014358,0.31969297,0.3402574,-0.4978527,-1.1290753,-0.8228228,1.091236,0.42166263,-0.31702238,-0.95756763,-0.57907486,-0.8068042,0.14371173,-0.4518432,-0.266697,1.3642256,-0.7380478,-1.288971,0.5803536,-0.55201524,-0.41835272,-2.3918273,-0.73818636
864,0.72210974,0.51664734,-0.44585308,-0.478328,0.14621353,1.046141,-0.7379241,0.8135778,-1.980808,1.415074,-0.8729304,0.69875145,-1.1914494,-0.3366601,-1.1615075,0.4635731,-0.15189195,1.0523217,1.4222094,-0.39185008,-1.4886569,0.13616812,-0.05653262,-1.7841667,-1.7604098
865,-0.617435,-0.3906355,-0.770062,-0.11138821,-0.18438733,1.4634054,2.0623279,1.0105305,0.78951967,0.1860519,-0.7082463,-1.2875003,-1.0643787,-0.20973384,-0.14618331,-0.25702065,-1.3232538,0.14084011,-0.5285289,-0.76841784,0.50337523,0.06872314,1.0789704,-0.08176851,0.002906084
866,0.7059602,0.18578124,0.46159708,-0.26410413,0.52715886,0.27026427,1.9329541,1.7463871,-0.61735594,-0.35208187,0.81092507,0.7254184,0.15837216,0.79461414,0.90208185,0.26974952,-0.7615998,0.06397253,0.10750502,0.15965253,1.0215726,-0.1169309,1.1471024,0.07682133,1.1135112
867,0.35610092,-2.1123924,0.089883015,0.65170467,0.8479049,-1.2365638,-0.07338828,0.853465,-1.1833636,-1.2466617,0.41510153,-0.44954336,0.1658516,0.60950714,0.5772968,-1.8699574,-0.16133666,0.8323911,0.014141291,0.33637196,0.3250478,-0.9075074,0.20863962,0.22262454,0.6217258
868,-0.24750185,-0.06240821,0.4327193,0.23246741,-0.4083817,-1.9589651,-0.36034906,-0.8183198,0.14840657,0.30385852,-0.56166667,-0.8761034,0.91798085,0.17697054,-0.31413373,-0.35817254,-0.15425885,0.5209015,-0.22178778,-0.35990155,0.019906282,-0.32733363,1.5939515,-0.50468254,-0.086260796
869,0.04235947,0.006847143,-0.13765356,-0.16880083,-0.38335228,-0.23346063,0.12885743,0.27622294,-0.18355864,-0.08427304,0.8546867,-0.21728425,0.6218487,0.18890923,0.9378418,0.042083383,0.029449224,0.26881754,-0.36954305,-0.1394871,-0.7612833,1.3119345,1.5273597,1.0276027,0.6006597
870,0.008558035,0.48898244,-0.00819923,1.0968386,-1.4756893,0.6296395,-0.26873296,1.8720692,0.52383924,1.3125286,0.9078364,0.5951142,-1.1733727,-1.149302,0.032370836,1.5368749,0.46824563,0.16925883,-0.97111523,0.22660154,1.4743462,0.7977018,0.90701747,-0.11422777,-0.09488702
871,-1.2721419,0.9813597,-0.903321,0.44773567,1.4511759,-0.24550691,0.5238033,1.2072455,-1.2596649,1.0495265,-1.6070411,0.022453196,1.8443432,-1.6410543,1.7724417,-0.14741433,-0.49717593,-0.5684248,-0.2595834,0.57225585,-1.8077515,-0.27039617,-2.1342897,0.77318454,-0.46722698
872,0.48626387,0.2531023,-0.58003944,-0.78305364,-0.55729914,-0.33457616,0.31123477,0.09108794,0.68533266,-0.53228605,0.42294264,0.73454285,0.19801998,0.79278284,0.9573513,0.30807185,0.38256872,0.42041296,0.93289423,2.3796487,-0.4076076,0.6297979,1.506044,0.7636318,-0.08884311
873,-0.83975625,0.4833839,-0.4422005,-1.0763533,-0.69193655,-1.7482762,0.06356943,-0.29720652,-0.9301599,-0.27345926,-1.8007584,1.2023734,0.56717443,0.70770735,0.6637779,-0.08200371,1.2067759,0.2442568,-1.1014459,0.13578525,-0.32745957,-0.263758,1.4536943,0.37102842,-1.0475547
874,0.22050416,0.52526855,0.39820158,0.03481102,-1.2864227,0.49193275,-1.9655757,1.385396,0.17596579,1.1484586,0.25405574,-0.8089805,-0.53794956,-0.9902098,-0.8418505,1.048644,-0.92183805,0.6519355,-1.4835598,0.1380637,0.7987343,1.3777125,0.82965815,-0.35154223,-0.43498683
875,-0.49864864,0.15633321,0.3516827,-1.2550132,-0.28119874,-0.03290397,0.20795232,-0.6975523,0.18745244,-0.04602342,-0.37227753,0.12371654,1.039825,0.20689362,0.5208474,-0.24519604,0.4158877,-0.15163368,1.1029098,0.25058544,0.21794987,0.46547318,1.6364925,0.75135994,-0.5664387
876,0.08059895,-0.21438563,-0.23351455,1.4829807,0.17966422,0.14612053,0.79769856,0.64616454,1.2562401,0.19161177,-1.8384011,0.024935506,2.7617774,-0.3297459,0.92505586,0.13312268,0.64424014,-0.16443637,-1.3704755,0.8228847,-0.053967655,1.102663,-1.2467016,0.7667217,-0.3937161
877,-0.05975604,-2.073951,-0.1447638,-0.3162024,-0.17319635,0.12511538,0.65771466,-0.282727,0.081438124,-0.27097732,0.34099972,-1.5589272,1.0876125,-0.005737126,-1.1237885,0.5524336,-0.91153437,-0.35189867,0.022483885,-0.54926026,-0.21488585,0.23075795,-0.873551,0.28062606,0.5333823
878,1.5694098,0.013794899,0.4657556,0.2500465,-0.25872046,0.18135095,-0.62279844,0.42680869,-1.5197093,1.7548099,0.6064469,-0.0378958,-0.3314495,0.46300417,-0.030881807,-0.03412175,-0.7895615,1.0771091,0.7814295,0.26991987,-0.8135942,-0.08137387,0.40768218,-1.7549137,-1.544508
879,0.048295856,-0.96750283,-0.36062148,0.95040274,0.56903243,-0.9288167,0.46732455,0.9245709,-0.89504373,0.46717858,1.1382303,-0.7874221,0.16527092,0.10700637,0.7858155,-0.2517699,-0.9723349,-0.02211529,-0.59894127,-0.24607122,0.2253806,-0.19747609,-1.2536486,0.41981244,1.7734922
880,-1.2439721,1.1253908,1.1784347,-1.3914895,0.5756732,-0.6876428,1.1851587,-0.059673846,-0.8135237,0.2157587,-0.914709,-0.33646876,0.63658,0.37749344,-1.5441586,-0.004505515,0.5714457,0.4319473,-1.2701354,0.93054736,-1.3593684,0.2873186,1.420634,0.67733145,0.060516477
881,-0.9515288,0.5208616,-0.24776235,-1.0259583,-0.46060628,0.13654307,-0.12400991,0.11632788,-1.0643901,-0.1601353,0.7181162,1.054049,0.28473163,0.32821304,-0.49608234,-1.2823067,-1.5713006,-0.6045981,-1.1209023,-0.17285103,-1.489166,0.29671913,-1.6038822,0.7058389,2.762133
882,-0.85770893,-0.1614002,0.70165896,-0.755759,-1.3845059,-1.2164073,-0.41463685,-1.34557,0.46465325,0.80620795,-1.0991929,-0.11283228,-0.29730892,0.2981227,0.36736897,-0.39817524,-0.11259353,-0.019730091,-0.17215982,-0.44574976,-0.091192275,0.056357265,1.5970976,0.7677667,-0.6328509
883,0.3553437,-0.34321272,1.3325315,-0.03809619,-0.62464714,-1.138051,0.81523365,-0.544379,0.33753037,0.34817696,-0.99793047,1.0557619,0.49219966,0.10585505,0.9317162,-0.7042868,0.1346147,-0.003897965,-0.34650776,0.6644409,-0.059221387,0.13886452,1.5514369,0.062309027,-0.27914047
884,0.24423182,0.13654613,0.6765432,-0.18050337,-1.5505201,-0.7406069,-0.6530349,-0.39578378,-0.0382002,0.6018829,-0.407672,0.7155862,0.9360464,0.14603311,0.7360258,-0.13623142,0.22566545,0.21606976,0.65567005,1.0789778,-1.4432327,0.282609,1.5561854,0.35864997,-0.22398567
885,0.6889865,2.4029665,-0.9830449,2.706631,0.11635666,0.5741058,-0.7262143,-1.4786173,-2.136978,-0.5975116,2.2323937,-0.9818714,0.82719475,2.4249263,-0.47503617,-0.33157945,-0.7179595,1.020855,0.2918893,-0.2449812,0.87243414,-1.8407984,-1.763944,0.7032852,-2.0161786
886,-1.7770886,-0.7518519,-0.108371414,1.1833211,0.37990057,-1.0522739,1.8948662,1.3260993,1.4489663,-0.11038533,-1.1632075,-0.85862637,0.57940614,-1.0299957,2.4446304,-1.1133335,0.41151798,-0.35108513,-0.12306097,0.41338447,0.91716385,-0.05483499,-1.6339504,-0.61058366,-1.7949617
887,1.2115057,-1.459938,0.5799839,-0.900408,1.2127131,-0.9152036,-1.1169505,0.14030117,-1.275316,0.43829942,-0.4310619,-0.6618962,-0.5966449,-0.062389374,-0.014245555,-1.2166364,-0.39112788,0.6110515,-0.004024327,0.84622216,-0.004920125,-0.45813525,-1.8702842,0.9748318,-0.20694065
888,-0.7674031,-1.3119245,0.30319494,-1.4020085,-0.6878301,-0.12652731,0.82646924,1.1447169,-0.9931072,0.5821851,1.6012452,-0.04490435,0.4284464,1.2294245,-0.4951686,1.4631749,0.9696698,-0.27908704,0.37734306,0.11691049,-0.32230446,-1.2838225,-1.4314061,0.7810545,0.96095085
889,1.0597174,-0.7198404,-0.46337304,0.7705672,0.28749448,0.3587777,-0.14727944,1.2380224,-0.36797664,0.5558869,0.7214256,-0.15523599,0.55380154,0.07926726,-0.73258615,0.3518257,-0.23812306,0.25892597,-0.347155,-0.97911906,0.2317794,-0.10131976,1.2653979,-0.98557365,-0.043316126
890,-0.4749105,-1.4900672,0.8824892,0.16029954,1.1114727,1.1811571,0.4494812,-0.749087,0.74703074,1.539771,0.3573317,-0.57278293,0.84775895,-1.042264,0.41888857,1.2877291,0.16435397,-0.6897553,1.1067864,-0.23392653,-0.29927284,-0.29221445,-1.5355021,0.5882001,1.1086247
891,0.33559215,-0.17204463,0.62878776,-0.90487695,1.0048578,1.0781944,0.5331965,0.170596,0.34534264,-0.9288573,0.5377899,-0.84065485,-0.09991264,1.176441,0.38399857,-0.3109938,-0.58339834,-0.5659998,-0.7788994,0.8529031,0.16302025,0.7467559,1.3693626,0.20867538,-0.07629132
892,0.053684473,0.5854435,-0.18305936,-1.1069131,-0.71971285,1.6638485,0.6978107,-0.05991465,0.22553587,0.70296645,0.74904615,-0.41438848,-1.2396812,0.40679342,-0.45073345,0.4280691,1.3460612,0.8652324,0.12325728,0.18922141,0.42090315,-0.6959119,-0.37881625,-2.2311525,-1.205358
893,-2.0015855,0.5974052,0.79551625,-0.8310051,0.5376115,0.97275543,0.6604789,-0.45835495,-0.3949651,0.3830084,-1.9103401,-1.2478108,-1.2492228,0.5997909,-0.33781496,-0.52679986,0.45111787,-0.5201746,-0.0045096874,0.66469014,-1.2578604,-0.97265494,0.04289794,-2.1276507,-1.5623839
894,0.35081196,0.13960624,0.4499639,0.62742615,-0.76185054,-0.08142474,-0.9137036,1.2268713,1.3288319,0.98347306,-0.075033575,0.6672309,-0.50749636,-0.12657112,-0.11113617,1.7384907,-1.1198399,0.1313945,-0.30524093,-1.1364882,2.2342095,0.4491318,1.3914741,0.5970533,0.0047221184
895,-0.21565926,0.30134773,-0.33652115,0.17400742,0.47797266,-1.0351603,-1.4813913,-0.14277142,0.3819474,-0.71938527,-0.0049601197,0.19980806,0.7902531,0.8484686,0.70678353,-0.51578915,-0.38965303,-0.34259683,0.7295455,-0.22231732,-1.7807157,-0.18652847,1.355292,0.0264709,-0.39287257
896,0.5158268,-2.1519265,1.1460189,-0.017421722,0.5534687,-1.1851333,-0.9466087,-0.1183117,0.5266328,-0.62600076,0.41685486,-0.14588623,-0.26793706,0.40952998,-0.43731114,-0.83100456,1.0521188,0.68685395,-0.40036595,0.15511283,0.811254,1.1422341,-1.0028445,0.7576282,-0.31614232
897,-0.40024674,0.26581335,-0.7456023,0.38467646,-0.059090078,-1.0121008,-0.8372578,0.8215046,1.6663573,0.3403185,0.10315251,-0.31282425,0.05916536,0.7988319,-0.31824008,0.046025872,-0.11375964,-0.2771458,0.83729756,-0.55697,0.11157,-1.4297051,1.4392312,0.07009864,0.64199877
898,-0.063393354,-1.9469266,0.69372237,-0.2529421,-0.72406155,0.23098966,1.0081854,-0.39010477,0.7837919,-0.19257155,-0.047089756,0.30205154,-0.5701139,0.27298158,0.8232528,-0.56248105,0.37800324,-0.3029257,-1.15604,0.11827609,0.71669316,-0.51387584,-1.605379,0.9454303,-0.30204177
899,0.034677982,0.058410883,-0.93305045,0.042976856,-0.20879555,1.8348331,0.025316954,0.97185475,0.39176583,0.6819857,1.2201028,-1.4507093,-1.429219,-0.44047758,-0.6836088,1.0579101,0.50159776,0.21119463,-0.06841001,0.042229384,1.1887839,1.165796,0.9287257,-0.037421465,-0.19947577
900,0.14676225,-2.0703118,1.4146966,0.23228955,-0.6613785,-0.5794431,0.5018088,-0.7396685,-0.41744745,-0.16712259,0.65122753,-0.17296527,-0.9920831,0.9657909,0.09647251,-0.97188586,0.1931231,0.02790767,0.431539,-0.08622889,-0.7793727,0.7924134,-1.505886,0.27031755,-0.44225478
901,-1.3698881,-0.059977055,0.03412738,-1.3619711,-1.1583848,0.13728474,-0.35186833,1.1645187,0.5285257,-0.6178537,-0.69822997,0.8355807,-0.1672566,3.287488,0.3976957,-1.4285626,-0.7583837,-1.1192092,1.0993063,-1.572984,-0.40741247,-0.27809215,-1.0468677,-0.3271246,1.228441
902,0.12899482,0.50368166,0.24411246,-1.8080564,-2.6328247,-0.10143232,0.40130907,1.5558773,-1.1919732,0.22332941,-0.49038467,0.53853756,-0.022054195,1.51917,0.12182458,-1.4729992,0.024828553,-0.47658116,0.07619047,-1.4381919,-1.3816288,-0.6632194,-1.382671,0.14225459,2.2186701
903,1.0293322,0.7943735,0.9002402,-0.23879933,1.5555607,-0.2140573,1.2610161,0.7792356,0.6243484,0.15510394,0.031512022,-0.028116837,-1.2875433,-0.45467412,0.28328067,-0.10580236,0.355646,1.1226053,-1.3348722,0.42939618,0.8851676,0.09240919,1.2417328,1.667263,0.2980795
904,1.4440814,0.32612896,2.1944306,1.009672,0.8338279,-0.22636661,-1.0629448,2.2979317,-0.95517874,1.3469967,1.5474441,0.391423,-0.7382755,2.1085002,0.25071833,0.90438783,0.008385181,0.91926235,1.0590174,-0.046812177,-0.07822463,0.56931263,0.376433,0.19606543,-0.016439676
905,-1.1375885,0.4638586,0.5024808,-0.12763906,-0.29987484,-1.6085883,-1.109787,-0.48803592,1.1259942,1.0669926,-0.47665057,0.00082509965,0.5778791,0.2343567,0.33494446,-0.40779835,0.54678,-0.38460314,0.24525034,0.07411949,-1.2987816,-0.015388608,1.5240031,0.20003653,-0.28908753
906,-0.08351982,-1.5319612,0.74711263,-0.056826115,-0.29923525,-0.1349445,1.0655425,0.25470322,-0.6375927,-1.8656418,-0.75509375,0.028275281,-0.30170846,1.0035608,-1.2025803,-1.6674752,-0.06080675,-0.70582676,0.55740386,0.9005016,0.67556655,-0.9351617,-0.8971311,0.44018388,0.6054038
907,-0.037023783,-0.3953514,1.3021066,0.91590023,-0.15533155,-0.109166384,-0.7554039,1.8332078,0.36427462,-1.8156978,-0.9550001,-1.5321443,1.3216138,-0.2863499,0.30072325,-0.57625026,0.44295835,-0.030001402,0.026753038,1.49458,0.33130217,-0.5168298,-1.6784178,0.029928923,-0.8466048
908,-0.051819682,-0.10833442,-0.48122594,-0.17095304,-0.66804796,-0.7144455,0.47331494,-0.577343,-1.2959508,0.9345801,-0.7693968,-0.8642821,0.84473807,0.2364462,0.18442354,-0.67100835,0.455485,0.8910189,-0.04614854,0.42471418,-0.341536,-0.11526093,1.6364099,0.06857705,-0.7679577
909,-0.9374552,0.08592129,-1.1115054,-1.5131457,-0.5840738,1.2984538,0.004618585,-0.28517628,1.4216747,0.054743104,-1.390473,-0.81906587,-0.33453417,0.1321668,-1.1772674,1.3603123,-1.4618154,0.7359733,0.13445163,-1.0933951,0.96254957,-0.09392226,0.6408029,-1.3250916,-0.5149543
910,-0.23022568,0.15280294,-0.41126043,-0.55518746,-0.8877498,0.27372795,0.73162967,0.8606989,-0.8343437,-0.5357873,-0.5894489,1.1846026,0.08241141,1.9121659,0.16450617,-1.4899644,0.3705554,-0.03925997,-0.55064064,-1.0888704,-0.019977182,0.1293934,-1.9182395,-0.083030224,1.8251489
911,0.1417222,1.6111782,1.0105344,-0.3333485,0.78859085,-1.9276485,1.5803785,-1.7355407,0.008871198,1.075561,0.8227127,-0.10600445,-1.2208676,-0.7414376,1.0169314,-0.85580134,2.5927744,-2.719597,0.012851328,-0.37734747,-0.3893898,1.1423631,-0.15376472,0.20546412,-0.35307622
912,-0.11751461,1.2796035,0.0054211766,-1.482877,0.23933078,0.7094178,-0.21269643,-0.900435,0.5536778,-0.6055233,0.41994888,0.73312306,-1.6015425,-0.3068031,-0.049592152,-0.8377895,-1.4025576,1.9473991,-0.9135598,1.8129834,0.5304816,0.8376474,-0.5843687,-1.6547443,-0.1358409
913,0.5959359,-1.9047927,0.030666407,-0.564111,-0.046215132,-1.2392447,-1.0396725,-0.5740001,-0.2883203,0.304554,-0.9980218,0.2880662,-0.40508294,0.39046496,-0.9865401,0.25555193,-0.5932907,1.1073117,0.8491254,-0.88294184,1.0489056,-0.05170247,-1.7914864,0.7508297,-0.0018970966
914,-0.49404347,-0.14053881,0.40255234,-0.8956182,-0.8056488,-1.2571212,0.048853755,-1.4961306,-0.12802958,0.33276117,-0.818972,-0.4947189,0.6789503,0.77952486,0.93860984,0.815536,0.74389243,1.3927338,-0.79916334,0.28463125,0.5725204,0.707707,1.6861479,0.9396908,0.24668014
915,0.23826945,0.285228,-0.21268502,0.7006382,0.070934966,0.8612753,0.6091134,1.0334032,-0.63735825,-0.3806029,0.107367516,-1.5706407,-0.044864893,-0.17553085,0.43928608,0.57788444,0.5417172,-0.28021434,-1.4451929,-0.7907404,1.0470996,0.036179066,1.3930767,-0.16581559,-0.28834963
916,2.1186063,3.7617564,4.532918,-1.5889742,2.2974591,1.4806294,0.17118162,0.8696733,0.74971044,0.6576624,-2.0038292,-0.71429735,-0.63791895,2.028495,-2.0740383,2.4614296,-1.8481048,2.0470805,1.7954947,-0.46035892,-2.2954059,-0.4864026,0.21397471,1.9485724,-1.1958075
917,0.67922735,1.3193989,1.2810411,-0.6901953,0.43174958,0.7937536,0.267873,-0.2979797,0.51644886,-0.54954773,-1.7492278,0.6328596,0.29537058,-1.6219523,-1.4337347,-0.5698996,-0.6353369,1.5927956,0.48237878,-0.67618465,1.0481273,-0.58605045,-0.6940197,-2.335112,0.24937773
918,0.024327397,0.4822657,-0.17221123,-0.55503416,-0.3215919,1.095045,-1.2800425,-0.4530214,-0.8977812,0.31395358,-0.41892365,0.5819171,-0.18221664,0.8723456,-0.042205393,0.52908254,0.23158848,0.426395,0.7468648,-0.44698766,0.22377598,-0.10653669,-0.2638651,-2.7855806,-0.9919894
919,0.5171592,-0.942628,-0.36389172,0.6869452,-0.24218863,-0.62828946,0.6029921,0.32200554,-1.121901,1.3915126,0.7255667,-1.4176632,1.344742,1.538346,-0.5814183,1.4259971,-0.28863686,-0.15514168,-0.10203987,1.4579688,-1.3197087,-0.47118703,-1.2510897,0.29461932,2.1508234
920,0.9938762,-1.9717813,-0.41095915,0.38385916,1.0092995,-0.06126702,-0.28849787,0.011276662,1.4811814,0.8791166,-0.18475774,0.50024503,0.81211424,-0.44316825,-0.013457209,-0.14704376,0.9442642,0.21168357,1.394247,-1.5167571,0.36652094,0.66823715,-1.5765892,0.24896789,-0.80995154
921,-0.29534495,0.9493072,-0.2857669,-0.0054819584,0.86349684,0.47603872,-2.7178762,-0.44022918,1.4575438,0.057288088,-0.22374812,0.046470307,0.032426,-1.0806928,0.3394087,0.4779309,0.024217963,0.16312617,-1.6436346,-0.5966549,0.26631325,-1.6902297,-0.011865377,-2.1703985,0.23212397
922,-0.9495692,-0.0996685,0.0059820563,0.533198,0.5789306,0.36516097,-0.64669573,0.7515345,0.79170763,0.77505296,0.6525915,-0.25556606,-0.70295167,1.1925049,-0.8185332,1.1499971,0.6372926,0.43368584,0.82817423,-0.94776833,1.2660544,-0.58568287,1.3491111,0.88750243,0.48717415
923,-1.7368367,-0.7944796,0.3154164,-0.56804895,1.2725972,-0.7144172,-0.77098274,0.46995807,-0.3449844,0.57849896,-0.41891423,0.7773186,0.26805615,0.5356664,1.5435771,-1.0960541,-0.34300905,-0.22881004,-0.081507444,-1.3519919,0.0656299,-2.0430722,-1.5354344,0.11635065,1.0890357
924,-1.0439684,-1.361644,0.53689677,0.5725757,-0.21933982,-0.72193575,0.04885137,0.3461937,0.65151155,-0.7266907,1.0989463,0.107887916,-0.6985035,0.74950427,-0.9080585,0.058475733,-0.40580142,-0.07684779,0.1510576,-0.079255134,-0.23553243,-0.14707905,-1.7421325,0.28016567,0.70462596
925,-0.04621768,0.38429046,0.13316779,0.1235404,0.43669888,-1.3027642,0.40075618,0.7836046,-0.9531058,-1.4746093,0.56629544,-0.52816945,-0.23124719,0.3826123,0.27330706,0.1446805,1.3342524,1.3012621,0.9558033,0.88897073,0.7823529,-0.62244785,1.392979,-0.06592989,-0.35272288
926,0.3400793,1.3111422,-1.5152415,0.29912484,0.019830376,0.7168665,-0.6999867,-0.6848525,1.7782598,1.1467645,-0.73787713,0.12092098,-1.1475594,-0.6628542,0.780964,-0.48705697,-1.1207883,1.3312035,-0.5080735,-0.11031245,0.4092508,1.110528,-0.44864607,-1.734165,0.03459859
927,1.2174562,1.1087475,0.27252337,-0.41271234,0.9034328,1.1728138,0.30042356,-0.72222173,1.3295515,1.3066592,-0.22997484,-0.07198346,0.1377294,0.459848,0.09341556,0.3572545,-0.15351379,0.70427936,-0.20137526,0.17075402,0.5616187,0.3200575,-0.6235335,-2.4626193,-0.8698845
928,-0.69436526,0.26408792,1.2332467,-0.026392221,-0.60212433,-0.037512094,-0.08996707,-0.21009803,-0.6972932,-0.1535843,-1.0085115,-0.10839851,0.48590183,-0.5025904,0.20192821,0.19314086,0.76574874,0.72203034,-1.9259847,0.059946075,0.50518274,0.56632024,1.4721625,0.11321354,-0.007194996
929,0.22345972,-0.12052286,1.1407671,-0.1317451,-1.2611823,-0.68737626,1.0776727,-0.3039224,-0.6102059,-0.07342048,-0.23567796,-0.55535257,0.86661184,-1.4595917,0.9929265,-0.2427783,-0.26981312,-0.42552322,1.0435717,-0.39726985,0.5287219,1.0401516,1.4500673,0.039339304,-0.140517
930,-0.09813869,1.2677333,0.38089418,-0.7922559,-0.9445797,0.15417579,-1.5520854,2.1234193,-0.052920163,-1.1530627,-1.4766917,1.2061675,1.7124113,0.72754246,1.2740356,-1.3721709,1.1498697,-1.0710372,0.83091235,-0.57997113,-1.1979647,-0.8369521,-1.1124161,-1.1428404,1.0141915
931,-0.030049205,-1.8570938,-0.71402675,0.9287174,-0.33265656,-0.77264917,1.0390997,-0.5414963,1.5104499,-0.6400926,0.43217003,0.7787377,0.7469022,-0.651497,-0.0034620017,0.34898233,-1.2314781,-0.06444198,0.43131173,-0.10179829,-0.55883384,0.6432933,-0.9650217,-0.15720344,0.7962655
932,0.2647221,0.020929575,0.22682539,-0.2635417,0.27379334,0.33471844,-0.86834157,0.9242896,-0.26703155,1.2538731,0.46955252,-0.4464078,-0.8924854,0.3331992,-0.6463096,0.91085124,-1.7746786,0.094196916,1.2271696,-0.5369483,0.108400464,0.96409076,0.40501523,-1.9026965,-0.17854595
933,0.78619075,0.4788406,0.22387189,0.19881892,0.38541806,-0.78948164,-0.7452919,-1.382243,-0.6992847,-0.33374965,0.1306547,-0.4118747,0.14904404,-0.8131849,-0.91982996,0.116270185,1.2488,-2.4947708,-0.27816853,0.3343256,-0.026631862,0.58216053,0.4236464,0.00611639,0.82460296
934,0.15649581,0.6266279,1.1775856,-1.4087384,-0.7372634,-0.22800335,-0.5247555,-0.32628036,-0.051379383,-0.90378714,1.120125,-0.6739566,-0.31855297,-0.3849973,0.6518244,0.15267825,0.5004128,0.31162906,1.1830126,0.12103394,-1.3045461,1.1070483,1.5343541,1.4337149,0.17307496
935,0.34143162,0.8455634,0.27796662,-0.4455924,-0.27314466,0.5290165,0.111570895,-0.28666246,1.298804,0.25118074,-1.1616297,0.11858488,-0.2979579,-1.2809734,-0.4586021,0.008860111,-0.15856099,1.4619141,-0.7682249,-0.7062628,1.0283701,-0.37900698,-0.012115836,-2.1841755,0.34462118
936,2.2232723,0.6724887,-1.3388835,-1.6153507,-1.5334734,0.46086589,-0.85197246,-1.1903212,-0.7500459,-4.329756,-0.1446509,-0.34243685,-0.4742794,-0.042909026,2.1296456,4.481797,-0.04825282,-1.7936974,2.1516867,0.67003644,-1.4409227,3.0170815,-0.8627955,0.17422533,-0.9089155
937,-0.038418055,0.9528792,-0.14591485,-0.048687458,0.07988068,0.6848384,0.37978178,-1.3886482,-0.6986798,0.55620915,0.49708432,1.3378695,-2.4613512,-0.62444353,0.71059585,-0.659092,-1.4567659,1.8143163,-0.044898957,-0.4257828,-0.69832623,1.0982666,-0.8045751,-1.7449585,0.30787504
938,0.51981336,0.65040064,-0.7696929,-0.060875416,-0.099927396,0.019778699,0.39698714,0.5194308,-0.07245898,1.9041964,-0.19967139,-0.11305289,-1.8480549,0.0141304135,-1.2051542,0.1872685,-1.002179,1.0266325,1.2187173,-1.7281847,-0.69663775,-0.5616753,0.20148194,-1.8930073,-0.8948407
939,1.04223,3.9579048,1.5774205,-1.8330712,0.9035563,2.137224,0.5072444,-3.055499,1.3921242,0.75788426,-0.95214456,-1.4576626,-0.7115917,-0.16786534,0.6988236,0.41625047,-0.4786588,3.2525394,1.4626868,-1.4972765,-2.6841173,-0.39969552,-1.4855975,0.3189001,-0.46200562
940,0.24143386,0.008893251,-0.004324265,0.28536403,-0.15545219,-0.48718557,0.5997284,-0.57084095,-0.02827537,-1.3984535,1.0046797,0.12931514,0.85090077,0.60689193,0.23349261,-0.97416973,-0.65490043,0.2538675,0.06827623,-0.66368973,-0.9191066,0.7988722,1.4774095,0.087338686,-0.43511653
941,-0.8553183,5.487218,-2.18904,0.5625162,-0.7956353,-1.4719434,1.8215156,-2.7696986,-1.5585079,-1.5258328,2.4240212,1.523571,-0.43949413,3.4708123,-0.5794414,1.0901788,-0.6386745,2.9378898,2.2763948,-0.7119527,2.2483416,-1.7987297,-2.7118607,4.550749,-2.2560282
942,-0.85875535,-1.4990481,0.5197862,-1.3216457,0.038569644,-0.8496413,0.779856,0.8935056,-0.4514844,-1.2765667,0.21651947,-1.0348774,0.20559967,-0.14168596,-1.8100662,0.22739148,-0.43040305,0.09860659,-0.3010952,0.65763354,1.2891697,0.43695182,-1.5732161,0.28991342,-0.3073027
943,0.55071187,-0.63543487,0.80594397,0.019199371,1.4614863,0.7642108,-1.7268667,-1.2683719,-1.1742315,0.5811267,-0.12978154,-0.9405224,0.603825,-0.4584877,-1.1783531,2.66329,0.46115506,-0.67006016,0.93006885,1.7457861,-0.27873248,0.9378274,-1.5533959,0.8513887,1.8020957
944,0.5097494,4.98772,-1.2956804,2.96469,-1.4165859,1.183056,0.23223203,-2.2149854,-2.0958133,-0.61901504,3.8656034,-0.5294527,0.019847035,3.8850756,-0.07753602,-1.7279756,-0.9855364,1.798908,-0.004478961,-0.9755659,1.6578542,-0.67466635,-3.2443414,2.300812,-3.997047
945,0.47474498,-1.7042748,-0.86259615,0.5483521,0.47447067,-0.85519147,-0.6463013,-0.029461503,-0.14326453,0.78749466,-0.16619927,-0.39158857,-0.47306705,-0.9215769,-0.98934877,-0.12940955,0.4690323,0.6236747,-0.2599013,-0.021716759,0.22846472,0.4685126,-1.7906669,0.71063185,0.30197954
946,-0.84088254,-0.78859234,-0.9959505,0.40264332,1.258557,0.15223032,0.8144942,0.8935331,1.5186126,1.4166323,-0.89668965,-0.2926904,1.6816123,-1.4828669,1.430129,-0.2960012,0.32025027,-0.007584989,0.39122832,-0.9845743,0.62845445,-0.7519657,-1.0336589,0.5298953,0.2269392
947,0.26689863,-1.335459,-1.3561813,1.4611405,0.29285046,0.5202588,0.17285389,0.14991194,1.7649739,0.47803745,0.12922257,0.3314438,1.049078,-0.60963315,1.0863608,-0.06870848,0.68521655,-0.58560354,-0.41445825,-0.21082829,-0.25952584,0.8722761,-1.321215,0.14170742,0.37508285
948,0.81952983,-1.8405313,0.027310375,-0.069167376,-0.7723215,-0.20553657,0.22814316,0.17129368,-0.24507874,-0.41626328,-0.018469006,-1.8914336,0.7192131,0.98811823,-1.618522,1.1027921,-0.48319376,0.3793028,-0.4097149,0.004236236,-0.3478545,0.31964058,-1.1120614,0.5097537,0.52639544
949,0.1215266,0.042813778,0.29661012,-0.9545219,0.37589687,-0.962855,0.5037579,-0.6847855,0.48048198,-0.20197928,-0.54281235,1.5128473,1.087399,0.3108043,1.645526,-0.49486345,1.4435163,0.57178754,-0.85853094,0.31855914,-0.29682347,0.65119916,1.5160067,-0.20045519,-1.0482666
950,-1.0577123,-0.34939122,0.020332422,-0.57160234,1.2107074,0.6453866,0.1745606,0.8962969,-0.106947124,-0.34784123,-1.4424254,0.37742823,2.4151201,-1.2962517,0.8667902,0.023000836,-0.39308143,0.13935733,-1.498468,-1.2104815,-0.5345986,-1.1126379,-1.0258843,0.6128721,0.5620792
951,0.6560369,0.68267226,0.48816252,-1.0563021,-0.88397956,0.117824554,0.2279101,-0.6065222,1.3158269,-0.94658184,0.3252802,-0.033457816,0.3130437,-0.136549,1.1111426,0.5950477,-0.4071104,-0.05437118,0.411677,0.41512415,-1.723612,1.2646093,1.5416842,1.1180909,0.4590516
952,0.11066723,0.5063782,-1.5301303,-0.018513203,0.44633713,-0.99809015,-0.048099816,-0.5639771,0.06660968,-0.5724325,1.147646,-0.2890185,-0.0899843,-0.6802372,-0.26141375,-1.0238651,-0.4935686,0.49424607,-0.26977515,-0.23597828,-0.2699022,1.0183125,1.5621182,0.43184304,0.029369116
953,0.49143994,-1.7701843,-0.07053166,0.08803511,0.86645097,-1.4388876,0.55965775,-0.041642547,-0.60887206,-1.7454324,-0.53248566,-0.30271566,0.5348754,0.0012111664,-0.62594295,-0.3006819,0.18764818,-0.8461499,0.19957477,0.14820161,1.2641445,0.77432996,-1.223545,0.029458284,0.32001615
954,-1.4175737,-1.1975801,-0.5318521,0.04689884,-0.13619822,-0.45044556,-1.0188804,0.5031135,-1.2055203,-0.4029665,0.30449313,-0.499748,0.5657681,-0.33876348,0.8876101,0.41707802,0.88014364,-0.03822702,-1.0289433,0.45149878,0.064631045,0.44077778,-1.609949,0.68090844,0.55940056
955,-0.25061798,0.41329765,0.37106568,-0.4069383,-0.6934402,1.5455884,0.07167798,-0.23477852,0.3379203,1.0758054,-0.006498158,-0.23424833,-0.28899527,0.49342543,0.6362632,0.21866834,-0.8514266,0.08963406,0.04997298,1.9135544,-0.5106871,0.34606856,0.43422896,-1.9040235,-0.38646722
956,0.29328072,0.32481146,1.2380414,0.9292637,-1.4528371,1.1109304,-0.85970396,1.0031905,0.5357791,0.6797358,0.24329638,-0.52698886,-0.58175945,-0.91198516,-2.292476,1.2506939,-0.0060476065,0.2026707,-0.92243695,1.1698496,1.5146943,2.1800182,0.84778035,-0.05606675,-1.4411924
957,-0.84610724,-0.09120035,-0.5664439,0.1573658,-0.7305521,1.089363,0.013322294,-0.38989484,0.48905432,1.0247962,-0.6947726,0.8406149,-1.2921267,-0.29816437,-0.42753616,0.512251,-1.125212,0.0632903,1.1145769,-0.14137389,0.79776716,4.9710274e-05,0.6374547,-1.5173178,0.35189152
958,1.2213904,0.27780533,-0.0285846,-0.86415863,0.04905109,0.7553664,0.12831324,0.2631992,0.27346778,-0.20488249,0.28739822,0.45843303,1.8534636,1.2197809,1.0539888,0.10989642,-0.47935683,-0.3894536,0.09505373,0.7095983,-0.4401749,-0.17764309,1.4579885,-0.1779983,-0.32171583
959,0.35254717,0.34346986,1.9429548,0.0019161701,0.3177128,-0.19347277,0.6127805,-0.43474674,0.15162289,-0.4760987,1.4161334,0.5484893,0.46729887,-0.90223503,0.12393725,0.87480927,1.359277,-3.0111897,0.14536864,-0.90891016,0.677691,-0.7803197,0.5091796,-0.7744391,0.6464168
960,-0.7590425,0.39703035,-0.46959832,-0.011972904,-0.65980977,0.6094551,-1.1227285,-0.3906387,0.8873199,-0.08968005,0.14220363,-0.008075446,-0.6599467,-0.67665344,-1.1904756,0.19042933,0.4333812,0.8544261,-1.0254184,-0.40874463,0.7941272,-0.39705157,0.075760484,-2.3843539,-0.29605722
961,-0.5295235,0.61099076,0.774773,-0.45471,1.4079802,-0.6695334,1.3714273,0.52290535,-0.15864432,-0.9926779,0.8091586,-1.731723,0.26810884,1.0156949,-0.6068255,-0.12814283,-0.12361801,0.6149674,-0.024551302,0.45507452,0.68874836,-0.4985282,1.4448553,0.65273213,0.4190762
962,0.42950147,-1.408442,-0.34196097,-0.24426079,0.8503751,0.33049837,-0.36294895,-0.37548077,-0.2862785,0.20642774,-0.69961244,-0.7395461,1.6374357,-0.8464129,-0.7323047,0.6172514,-0.4914059,0.33351678,0.2839145,1.3949616,0.35914147,0.2264046,-1.2765278,0.46042967,1.2320685
963,0.0752027,1.4318271,-0.24575394,-0.25025368,0.09996492,0.2683557,-0.82066554,-0.32243502,0.15597022,0.16608375,0.9059374,0.55722207,-0.58464456,-0.5990952,-0.03859642,-0.82562804,-1.2650123,1.2138987,0.08637607,-1.8936933,0.07235688,0.6599446,-0.47652674,-2.5164886,0.57179177
964,0.9464884,0.069900036,0.020773262,-1.3546491,-0.36961687,0.42647332,1.1427555,0.26584905,0.99805784,-0.2679636,-0.29237178,-0.004701197,1.3440686,1.3481102,0.7050133,1.1576003,-0.321253,0.06960666,0.18038589,0.73906374,-1.3538876,-0.008327782,1.4219007,0.026366472,0.097550154
965,0.19612706,0.46225238,-1.1647452,-0.80438066,-0.82533133,-0.26957628,1.2597878,0.3603933,1.401751,-0.62495744,-0.47008666,-0.13583411,0.83157545,-0.91537654,0.07322122,-0.62727535,-0.3439507,0.15763575,-0.111555785,0.5692898,-0.22947721,0.6617833,1.5566431,0.2984755,0.099600196
966,0.93622696,-1.6899269,-1.6747246,0.9359324,1.2430338,-0.48596975,-0.81772864,0.10744798,1.991447,0.61190224,-1.3004451,-0.22914822,1.3073115,-0.76262283,0.30634665,-0.3168401,1.3715255,0.11364651,1.509754,-0.7511569,0.9560745,1.2640975,-1.2404419,1.223758,-1.0447905
967,0.042416334,0.7269571,1.0014063,0.8432598,1.1613452,0.45217127,0.09989828,1.4108192,0.0660094,0.3272329,0.031009972,-1.2040302,-0.1978687,0.44469756,0.11303663,-0.91386735,-0.115332365,0.22517937,0.609025,0.72505283,-0.28552175,-0.8633647,1.2114898,-0.33763647,-0.26652193
968,0.5275814,0.54034114,0.4675641,-0.4880345,-1.4962062,2.1850479,-0.78015023,1.6523776,0.34545374,0.6370485,-0.1380314,0.5451336,0.2503823,-0.11687803,-0.027386978,0.1546992,0.24327385,-0.101329386,-0.64358026,-0.39721453,-0.52798754,-0.49376807,1.1729476,0.25825596,0.108692646
969,0.79576826,0.23652816,0.44868273,0.48499548,0.6081157,-0.3830441,0.36071616,-0.6493281,0.045541167,-0.028631851,0.22828239,0.03581264,0.07296598,-0.57159483,0.26717538,0.93689334,0.8750961,-3.7279618,0.24162287,-0.31696954,0.8591747,0.34134305,0.21692622,0.14619684,0.18457472
970,1.5835899,0.03746319,0.15216225,0.08026886,-0.024994075,-0.62229395,0.0037283301,-0.27646804,0.051133692,-0.21594477,0.2824381,-0.20972033,0.9377835,0.13896626,0.44026354,-0.7970492,-0.21012437,-0.0020413995,0.2678284,0.6608329,-0.41678762,0.41542506,1.5023961,0.3548758,0.4912244
971,1.5913367,0.099151134,-1.2001063,0.74845386,0.5762795,-0.9820113,0.24958104,-1.383885,-0.07604653,0.46787345,0.062107563,0.9004654,-0.49695396,-0.5639602,0.106462516,-1.2605138,1.7184503,-1.5339613,-0.08716074,-0.6514032,-2.0486624,-0.89286757,0.37970692,0.08582115,0.70148695
972,-1.1190786,0.12184596,0.6822785,0.021095037,1.6720264,-0.33620247,0.6734081,0.724302,-0.6405405,-0.7206803,-0.6275932,0.24180458,0.47444868,1.1668627,-0.627205,0.06670773,0.7130649,0.15079409,-0.56853515,0.064549714,0.031619668,0.19979185,1.4744112,-0.26907778,0.94250417
973,1.9700837,0.3642745,-0.41093573,1.0438498,0.88963723,-0.4183388,0.92032295,-0.5406743,0.5557065,0.7170679,0.05772978,-0.47860658,0.39462018,1.5833719,0.21400961,0.6481595,1.2479074,-2.0855138,-0.35176593,-0.057562366,-0.086870134,0.67214566,0.33025467,-0.5907899,1.3905034
974,0.05030334,-0.96398413,0.81659335,-0.7356701,0.59505117,-0.57690084,-1.109976,-0.4750861,0.10469985,-0.9759127,-0.5125824,0.14803126,0.9707003,-0.6308306,1.501961,-1.0495691,-0.1133275,-2.739738,0.30059278,0.60377264,0.37331402,-0.47325906,-0.6361674,-0.80477357,0.82093287
975,0.15751731,-0.44088757,1.2956241,-0.20267725,0.13839427,0.96468127,0.12680918,-0.2246151,-1.2876498,1.9715676,-0.114581406,0.45386446,-0.46377826,0.263048,-0.6349635,0.35750878,-0.34877646,0.5546382,1.5005131,0.6617986,-0.47227535,0.67427844,0.40493888,-1.6920145,-0.85463953
976,0.74262273,0.67591953,0.24262923,0.18771529,1.137084,-0.77052593,0.18120486,-0.3556162,0.3156861,-0.08461001,1.2527173,0.13533974,-0.2720039,-0.18088537,-0.1484443,0.6266825,1.607981,-3.1644359,0.65549636,-0.008445881,0.9792092,-0.2590071,0.01005137,-0.73857045,0.24460816
977,-0.20510817,-0.5835484,-0.09550128,0.40497577,0.5164684,-1.6056302,-0.11881894,-0.055661142,0.7939044,0.043992314,-0.86189973,0.2976094,0.061356783,0.29170865,-0.066195875,0.82715106,-1.1374404,0.14797074,1.186898,-0.36732543,-0.091492355,1.2165155,1.486463,0.18174577,0.6284337
978,0.32303905,-2.1948986,0.3952715,0.3684516,-0.13374841,-1.2637755,-1.3325329,-0.46320593,0.8400744,-0.0051821386,0.56771225,1.5581124,-0.48032045,0.52844316,-1.2265989,-0.3207711,-0.016258597,1.6472678,-0.18056822,-0.43278682,-0.06844112,1.2298746,-1.3856035,1.4346588,-0.6818073
979,1.1919732,0.61709666,-0.63899857,0.47981906,0.8553131,-1.6509757,0.9361684,-2.5949597,0.56581104,-0.09415199,0.7167925,0.12717082,-0.4489534,-0.5486593,0.67520714,-0.014594793,1.0216472,-2.1124532,-0.8929018,0.14289811,-0.18227395,0.10057992,-0.14770997,0.33187532,0.18345284
980,-0.41523635,0.30921364,-0.60133725,-0.91756463,0.6435672,0.32208192,0.83136266,0.080690265,0.27825463,1.2076936,-0.11834118,-2.057943,0.2131337,-0.05591607,-0.6539793,0.2845888,-0.6552645,-0.40983757,0.6528833,1.3608913,0.9026283,2.1155403,0.83475864,-1.3282045,-1.6660666
981,-0.5876416,-0.972183,0.37675706,0.25868022,1.0808911,-0.44417933,-0.07313758,0.325513,0.5442679,-1.2845683,-1.7454157,0.3581719,0.86059856,-1.4658494,0.760121,-0.7482389,0.61571324,-0.59816796,-0.51160467,0.2911792,1.0581772,0.08116132,-1.8729764,1.1048946,-0.4818287
982,0.2526679,0.3372662,0.69751656,-0.08475065,-0.8161011,0.980922,0.52862054,0.23565882,-2.037352,0.23799884,-1.1319463,0.47291422,-0.99755263,-0.22072905,0.010351345,1.0276419,0.15403998,0.4640699,0.33490437,-0.18454944,-0.47782916,0.45172113,-0.20578682,-2.6682465,-0.90570426
983,2.4497654,1.7675819,0.28449038,0.47029757,-0.05878678,-1.2536917,0.096386254,-0.15006316,-0.12254727,-0.5747715,-1.4355559,-0.56888914,0.3264271,1.4553714,-0.7344806,1.5591487,1.1815994,-2.666619,-1.0724435,-0.2234568,0.24769497,0.37684262,-0.37109363,-0.35394955,1.469782
984,0.31546664,0.2703929,0.648372,-0.39720488,-0.112500906,0.9500264,-1.5008602,0.75174135,0.55406344,0.36928415,0.49814528,-1.3581278,-0.17339683,-1.2566817,-1.4167274,1.5342919,0.32286727,0.34173238,-0.57144874,0.39163026,0.7426044,0.6360169,0.8786781,-0.8214036,-0.8356736
985,1.759513,0.76494956,0.9182669,1.3746332,-0.83921623,-1.3945198,-0.17345035,-1.6888574,-0.0139865875,-1.3221745,-0.65973926,-1.3586541,-0.82717323,-0.5648137,-0.34187266,-0.12597197,1.9560351,-1.7930148,-0.98472947,-0.0042274594,-0.73302543,-0.71003747,-0.06588566,-0.29549658,0.6485455
986,0.8694821,1.6966243,0.6802095,-1.8209367,0.527019,-0.26383153,1.0632706,-1.4068447,-0.28889078,0.43994668,0.20209444,1.0374207,-0.91218686,0.52456254,0.6734128,-0.25890946,-1.3452857,2.8867254,-0.62975323,0.74380374,0.7742945,0.8910561,-1.342426,-1.9866503,-0.36603117
987,0.431978,-0.28035808,-0.13598973,-0.15784955,0.83655113,-0.38462958,-0.38731027,-0.5636939,-0.021610975,-1.4029487,0.3048566,0.6577589,0.613814,-0.632578,-0.6736369,-0.5032052,-0.08048582,0.1388303,0.34476346,-0.35973263,-0.24772345,-0.070602804,1.632391,0.6145878,-0.19339943
988,-1.9001689,0.546628,0.69407034,-1.288513,-0.9915894,-1.9960375,-0.697878,-0.83757627,0.14211082,1.0764956,-0.5868004,0.8208581,0.07258618,-0.18867755,1.0299815,-0.4309321,0.4310596,0.2025274,0.35689336,-0.03605987,0.33506423,0.27624214,1.5237838,0.8663759,-0.70436215
989,0.7416272,-1.0694494,-0.6284905,0.56208634,-0.30307716,-0.30404004,0.52061373,0.41441998,1.1161772,-0.36414912,-1.7270126,0.64422476,2.442649,-1.8278112,0.25063634,0.08108711,0.8644917,0.61555654,-1.1208972,-0.7222568,0.08104706,-0.12526855,-0.922088,0.19350886,-0.9873493
990,0.5447347,-2.1272478,-0.050052747,-0.31692815,-0.7617646,-0.10963532,-0.07249671,-0.22021848,-0.5397173,0.23621422,1.2022705,-1.0772703,0.049822688,1.4645383,-0.01320073,-0.91912854,-0.7304337,-0.19339684,0.4868356,-0.38663068,-2.1025114,-0.24917766,-0.94827425,0.5486121,0.16778171
991,-0.7250068,0.32133937,-0.28789523,0.68652,0.7040042,0.92067134,1.1696248,1.7402639,-0.16112989,0.74716157,-0.8528021,-1.6961975,-0.14647245,0.2909034,0.3618505,0.35138547,-0.17724204,-0.38222948,0.5476836,-0.5115144,1.2049936,0.50999194,1.1327426,-0.32078564,1.0163758
992,-0.16526043,-0.20722055,-0.26847568,-0.3964517,0.16752656,1.6594175,-0.41539204,0.23066801,-0.516906,0.96366227,-0.00012373924,0.17672849,-0.113995194,0.9210103,-0.5672121,1.181851,1.597151,-0.021441638,1.4247278,-0.04164134,-0.278418,0.096043766,1.3169153,-0.014612913,0.2355833
993,-0.3537116,1.8925862,0.008939937,-0.6341219,-0.60894895,0.08564451,0.6804926,-1.1973091,2.3095849,0.03770314,0.70078367,-0.02670826,-0.24464,0.06889027,-0.04376188,-1.233211,-0.49330604,1.4779263,-1.8763918,1.3692958,0.46376586,0.6753308,-0.81371343,-2.2089062,-0.8041811
994,-1.2302752,-1.6021441,0.02979621,1.2490788,-0.08277142,-1.0576841,-0.7235611,0.96173453,-0.21174645,-0.6085329,0.50762147,-0.47423005,-0.9667294,-0.026566684,0.7220466,-0.79003394,1.3549361,-0.48784542,-0.5516175,-0.58464324,0.78122604,-0.3622293,-1.6081487,-0.77749145,-0.65444493
995,0.96900946,0.400939,0.34847963,-0.2491281,-0.06317371,0.014190495,-0.022230387,0.8395677,0.43912685,0.051368266,-0.5415616,0.648998,0.011338353,0.637983,0.5250137,0.02159369,-1.0854168,0.39064223,0.21310163,-0.0071693957,1.0729232,0.5244109,1.382016,0.6389632,-0.058386087
996,0.38394278,-0.3233924,-0.512874,-0.027860165,0.79592794,-1.3809924,-0.33795935,-0.66261387,1.166527,-0.7945893,0.24914122,-0.22560026,0.5543355,1.147223,-0.43978968,0.45196497,-0.36612338,0.31998885,1.0265487,0.12997678,0.42861342,-0.11472601,1.6018645,0.25071144,-0.25943184
997,0.06326604,-0.09063697,1.0233821,0.042596817,0.9101521,-0.13983014,0.61197287,-0.803833,0.12445295,-0.7190421,0.11933696,0.752542,1.120691,-0.2004112,0.5608522,-0.84454,-0.69635385,-0.30071828,-0.55726916,0.3988923,-0.35844648,0.47975856,1.516943,0.9966502,0.8211689
998,-0.42171872,0.15432453,0.20202631,-1.5206745,-0.3733561,0.9688494,0.9933693,-0.40278614,0.098190665,-0.18614303,-0.8337054,1.0478846,0.11165345,-0.07470864,-0.7846005,0.44796705,0.18751323,0.12293959,-0.039698154,0.23224872,0.25911826,0.23181665,1.7675569,1.3552027,-0.019387007
999,-0.8151915,-0.9148325,-1.3885609,0.96037114,0.39342052,-0.041143954,-1.4080958,0.8088353,1.942817,-0.20893632,0.1785255,-0.99250585,0.67204666,-0.6791255,0.35291377,-0.13232607,0.91734433,-0.042814672,0.07502937,-0.20905873,-1.0050492,0.75495774,-1.7613555,0.624948,0.63288546
