,0,1,2,3,4,5,6,7,8,9
0,0.16497219,-1.9424878,0.58473086,1.5807047,0.34807622,2.3131928,-0.89015025,-0.39412117,1.1153629,1.0011898
1,-0.9124545,1.4679699,1.1723474,-0.6698212,0.1819064,1.0032641,-0.17129442,1.2423606,-0.2822351,0.48529887
2,1.1785095,0.18693483,0.14267576,0.65017647,-0.7824385,-1.117002,0.9229946,-0.09073913,-0.28122208,-0.1672908
3,1.3754219,-0.059518456,0.61763227,-0.17505336,-0.41552436,-0.35509765,0.9398191,-0.609329,-0.44266868,-0.8193107
4,-0.7950913,-0.11676681,0.17358053,0.5138063,0.1699698,-0.88902664,-0.76071066,-0.55639553,-0.4081643,-2.2587574
5,-0.27092326,-0.3072518,0.47944355,0.59185034,0.12342596,-0.4978181,-0.16731986,-0.32861006,-0.94246155,-1.9684541
6,0.88838506,0.04715693,0.046297193,-0.64794743,-0.52105594,-1.1891212,1.7369804,-0.1018517,-0.8091731,-0.67659795
7,1.0899937,-0.618055,0.63820225,0.9311781,-0.044926256,-1.1713102,2.0505204,-0.24180782,-0.47993648,1.6020247
8,1.0476146,0.13050735,0.25347745,1.3327262,-0.39362144,-1.107003,0.87462807,-0.7498833,-1.0569769,0.35997474
9,-1.562133,1.399964,0.17475641,1.4097266,-0.32147467,0.8708873,-0.1693424,0.47109812,-0.89721984,-0.03889668
10,-1.2151259,1.5148163,-1.8943793,0.6923802,-0.6129093,0.24757731,-0.2621797,-0.45763183,-1.8510319,0.25758398
11,-1.4216968,1.2829021,1.6479763,-0.13312496,-0.44140345,0.62923914,-0.7786287,0.2529602,0.8685341,0.33166063
12,-1.4078623,1.6219699,-0.41123176,-0.7150783,-0.87622887,0.0003914833,-0.51361066,-0.9817531,1.3171641,0.011908174
13,-1.8848912,1.423742,-1.6263739,-0.6614984,0.33069497,0.025295496,-1.9245839,-1.2577972,0.21140766,0.6722653
14,-2.536531,1.2980464,1.3550684,-1.5373037,0.6592118,0.85257465,0.21049076,0.3743997,0.3585856,0.49541962
15,0.92014086,0.25267363,0.40507495,-0.51942796,-0.7917501,-0.5115899,2.0686963,0.22574133,-0.48164257,-0.751418
16,0.7926572,0.14112723,0.54723877,-0.41741157,-0.98907036,-0.7195859,2.4803643,-1.2689717,0.19101,-0.85706717
17,1.2108159,-0.09925985,-0.35970557,-0.65322065,1.3414218,-0.7388158,0.17250705,-0.67445993,0.12405658,0.8151504
18,-1.0133346,-3.6595755,3.106224,1.4997903,-1.9722164,0.24032497,0.6290159,1.3789275,1.2387794,1.9256812
19,-0.8408526,1.5216918,0.44255823,-1.0348521,-0.12671606,0.5216727,-1.0205969,1.6449574,0.34748614,0.081638694
20,0.78912616,-0.89032996,0.73206615,-0.16691157,-1.578516,1.8061725,-0.1616683,-0.021174192,-1.0274873,0.42979038
21,1.2388079,-0.007739067,0.14127123,-0.7001269,0.27617478,-0.014851093,0.4604342,-0.65583014,-1.5839329,0.20194948
22,-1.8402559,1.0585375,1.7213783,0.5576581,0.2301681,0.48862338,0.9264178,1.5988169,-0.54042315,1.3932954
23,-1.1050421,0.610916,0.5087633,-1.0688392,-1.4043591,0.5172307,-2.124923,-0.15853822,1.1977433,-0.28470325
24,-3.7981906,-3.069324,1.7724472,-3.9667373,-1.7593474,-1.82514,-1.491842,-3.7632225,2.4494114,1.3803984
25,-1.3177341,1.5956329,-0.4482293,-0.0125750005,0.17223942,0.41021985,-1.2510833,0.6584621,0.19928604,0.0036352873
26,0.8872041,-0.71104276,0.7382163,0.5366477,-1.1063461,1.943054,1.2669591,0.4408313,-0.500522,0.59840155
27,1.1631433,0.13091552,0.10806191,-0.8243589,-1.0834899,-1.6181886,1.5404415,0.019524634,-0.313308,-0.24315917
28,-1.4119326,-0.15328312,0.297341,-0.59743655,-0.14783642,-1.648778,1.0797353,0.8537866,-0.012855589,-2.4727907
29,0.5965649,-1.1503674,0.38173145,1.1669041,0.45031834,2.2525485,-1.2051511,0.5868024,0.73409855,0.80239785
30,-2.9384246,0.5037347,0.1977495,0.92575,-0.73458505,1.5232321,0.94909763,1.2867413,-1.9792624,0.96945584
31,1.3233513,-0.24204314,-0.3197273,0.031508744,-0.46078348,-1.2501597,0.78946376,-0.62322235,-0.5680863,0.057058454
32,1.5183152,-0.11666,-1.146732,-0.4590032,0.9526234,-0.3725965,-0.45737493,-0.15566188,1.2971843,0.16892517
33,-0.6464814,-0.5204154,0.30835497,0.19080323,-0.25685564,-0.89819,-0.671509,-0.7126105,-0.33028215,-2.1917121
34,-1.0499114,-1.0960137,-0.36415982,0.44655502,-0.9490261,-0.8312136,-0.5195491,1.8447082,-0.77695334,-1.8503687
35,-1.7533263,1.1808081,2.8607337,-0.95938754,0.8802981,0.34391582,-0.9665452,-0.4195094,0.67330897,0.62413466
36,-0.95006573,1.3314764,-0.7557329,1.903835,-0.06969616,0.62494266,-1.3182322,-0.13521647,0.86503756,0.18121254
37,1.2986376,0.5129479,0.23747766,-0.1971045,1.4593253,-0.25246477,0.15984243,0.17023343,0.019889116,0.50986993
38,1.3709562,0.09661293,0.032386303,-0.5341033,-0.015261471,-1.2072289,1.1686459,0.091245174,0.30155838,0.30513048
39,1.3998243,-0.11516917,0.1442169,-0.22964352,0.7232956,-0.0047152042,0.32361722,-0.72953343,0.8285819,0.9258567
40,-1.1122757,1.7338384,1.0894723,-0.0098953545,0.54097134,0.2533751,0.542017,1.4462439,0.20553315,1.2376324
41,-1.5516423,1.2437145,-0.78557146,-0.9076596,-0.7388314,-0.09243262,-1.3913176,-0.6669643,-1.7698317,1.223704
42,-1.450313,1.115572,-1.7759472,2.0164618,-1.1983006,0.7456909,-0.03665781,-0.8320091,-0.74132335,0.3281654
43,-1.3485285,-0.96283877,0.39153087,1.8135107,1.1285231,-0.6110717,-0.84129673,-0.66778183,0.38254654,-1.8503102
44,-0.78855336,1.4882116,1.2097412,0.40964937,-0.25033966,0.06796527,-0.88195264,1.1407646,0.30884016,0.79396737
45,-2.5632472,0.99559784,-1.2889696,0.42665088,-1.8174124,-0.24173796,0.06032312,-0.5449232,0.12886965,0.52428436
46,1.352202,0.093360305,-1.5218726,-0.6519022,-0.3686029,-0.24592614,0.74358106,-0.23269892,-0.7448372,-0.17515123
47,0.16330492,-0.9246825,-0.8728379,0.3098477,0.89302164,0.9256687,0.49072313,1.063392,-1.3689034,-1.4498028
48,-0.2253797,-0.468166,0.1989553,0.49317777,0.07628018,-1.322453,-0.4825459,0.96128035,-1.0745351,-1.7136
49,1.33757,-0.110228896,-0.3522029,-0.10782027,-0.70962405,-1.0966837,1.4393802,1.386698,-0.35158813,0.12724078
50,0.46037436,-1.0373694,0.6028407,0.4398703,0.16643643,2.3284183,-0.98950046,0.2679029,0.5384048,0.31063998
51,-0.7897583,1.5894129,-0.7301632,0.6383394,-0.5178151,-0.6043637,-1.2552471,-0.3274324,1.7921537,0.32925963
52,1.2258463,0.14848411,-0.041683078,-0.36290395,0.9396153,-0.6399796,-0.13917333,-1.0956194,0.5820025,0.9818326
53,-0.5322298,1.400414,0.76123345,-1.1535435,-1.2576494,0.49940014,-0.7856459,1.3764791,0.48537993,-0.43722677
54,0.5497793,-0.4497682,-0.91091835,-0.5846755,0.4773156,0.16710031,0.18763435,0.54924786,-1.6656872,-1.3596342
55,1.4734564,0.020231605,-0.21148229,-1.1040936,0.01930648,-0.9676428,0.23209304,-0.99505234,0.13954842,1.0526248
56,-0.90743554,1.9023559,-0.5288793,-0.9226609,-0.16636136,-0.12611246,-1.2614346,-0.3631947,0.76775897,-0.46488535
57,1.4534256,-0.042688727,-1.1331114,-0.026385576,0.69325095,-0.36240268,-0.055506945,0.04986924,0.27409232,0.081107974
58,1.4899828,-0.0074555874,0.67104924,-0.74065745,-0.32391706,-0.625875,0.7944524,-1.0315039,-0.6845583,0.7827984
59,1.3586897,-0.27254212,0.69090205,-0.26288185,0.24559355,-0.6397358,0.26995486,0.16298306,-1.2223803,0.29314268
60,-0.864081,1.5923258,-0.5341053,-1.227248,0.029753894,0.15124512,-1.3132391,0.07507676,1.2453247,-0.5900407
61,-0.77925694,0.92131776,-0.36138237,-0.8069532,-2.4426658,0.3244549,-0.56941336,1.0694628,0.29631555,-0.0941968
62,-0.43288553,1.526794,1.0401492,-0.39204234,-0.6914681,0.3900901,-0.53307945,1.6759776,0.027271867,0.25581396
63,1.2062777,0.14850378,-1.4661981,-0.79355145,1.4306235,0.24322784,0.13092935,-0.76072407,0.12629521,0.044819236
64,0.5000136,-0.76745164,0.42918187,0.98669124,0.70980436,-0.046866775,1.3235183,-0.89070606,0.38168347,-1.5043888
65,0.63919973,-1.3664938,-0.10766983,-0.18650916,-1.6237395,2.0002885,0.17421061,-0.8170837,-0.50440276,0.7930404
66,1.2245967,-0.090691686,-1.1635643,0.029545546,1.4238658,-0.4553975,0.49572742,0.5365165,1.3398074,0.25468242
67,-1.2887155,1.5971286,-1.0893742,-0.9160522,-0.11956504,-0.13977659,-1.3564341,-0.44517112,0.07774836,0.613853
68,0.9789144,0.44605482,0.6230877,0.6312143,-0.5318128,-1.1581435,2.2055037,-0.43607104,0.1494813,-0.28748047
69,-1.9641339,-1.7849928,2.247944,-3.0998902,-1.0910947,-0.43659985,-1.9419739,-2.673893,0.8672532,0.12351382
70,0.7635915,0.06456077,0.38027835,0.7032014,-1.083621,-1.656049,0.8468524,-0.7290914,-1.4602978,0.20950711
71,1.1657386,-0.06159079,0.08987939,-0.089733094,1.4548464,-0.31477737,-0.30820188,-0.98623466,0.38077784,1.1210984
72,-0.6347753,-0.19307697,0.94681466,-0.39686084,-0.49321002,-1.5253525,0.23590922,0.9245463,-1.1116197,-1.3709276
73,-1.4993416,-0.9796654,0.55925953,0.28173757,1.7139518,-0.72525215,-1.2107203,-0.19816071,0.21730375,-2.1008785
74,1.3790193,0.06733453,-1.1497868,-0.7064415,-0.19298103,-0.55087924,0.62917686,0.4067608,-0.19977129,-0.22271168
75,0.54076266,-1.1590761,0.015838742,0.37089705,0.16777709,2.5569704,-0.22116596,0.9124395,0.7500845,0.5351541
76,0.7031057,-0.35271323,-0.11659825,-0.31459787,1.040878,-0.084608674,0.23706347,1.3103397,-1.6028475,-1.3657776
77,-1.4428855,1.6238159,-1.1982969,-0.71110535,-1.2991775,-0.0779134,0.29706305,-0.26550567,0.64526343,0.13922179
78,-0.68913805,-0.12247741,1.4870644,1.1016165,0.8736873,-0.55945146,0.14297533,0.37569153,-0.21915245,-1.8074468
79,-0.88484085,1.181025,-0.4101721,1.8442073,-1.0065956,-0.08790493,-1.1893704,-0.42987466,1.3627521,0.76460564
80,1.4661192,0.13888574,0.51160616,-0.12796094,0.6324327,-0.26875567,0.40566278,-0.626266,0.6302668,0.7890302
81,-2.4615612,1.0909834,0.36530632,0.11673531,-1.2176499,0.89327407,1.5399296,0.30188945,-1.0920286,0.40671182
82,0.48758996,-0.6462642,-0.44504392,0.027996898,0.36558962,-1.3981907,1.5623934,-0.34704852,-2.0501266,0.85409224
83,-1.490228,-2.7241263,4.2421784,0.368477,-0.22682753,-1.348439,0.37413132,-8.20351,-0.27069214,1.884915
84,1.2665958,0.097044826,-0.3410014,0.49282545,1.5837626,-0.263389,-0.41963226,-0.66826975,0.5901488,0.14640796
85,-0.8765398,1.5758725,-1.1250488,-0.7023474,-0.56856537,-0.03574395,-0.93058264,0.017973006,1.0697247,0.32565892
86,1.3284149,0.55236554,-0.67876637,-0.16149154,1.2075539,-0.79479885,0.017349958,0.8260027,0.48486292,-0.17454994
87,1.4249454,0.557194,-0.3826121,0.2558893,-0.21434465,-0.37659323,0.39654374,0.25977284,-0.7792488,-0.4609202
88,-1.0638644,-0.893,1.3216546,0.70788383,0.5773321,-0.38261437,-0.71151537,-0.4350952,-0.15083313,-2.2465982
89,-2.1528687,0.53291047,0.21311104,1.2759409,-1.1883492,0.79205376,-0.69861376,1.3084958,-1.3068988,0.68076646
90,-1.4053522,1.5910987,-0.34186494,-0.07340446,-0.40895957,0.11569333,-0.5879424,1.0691422,1.3905691,-0.25945187
91,1.1709924,0.24061453,0.73553807,-1.0766231,-0.9070594,-0.62758255,1.1922112,-0.43326712,-0.27744287,-0.10338199
92,1.5025,-0.13430393,-0.6189779,-0.85821366,0.59043354,-0.19667447,-0.3596646,0.11682719,0.573176,0.42830384
93,-0.8232118,1.3865194,-0.7015401,-0.73432684,-1.5518723,0.46054095,-0.4178748,1.0231583,0.57960165,0.15535271
94,-1.8169669,-2.6561632,-4.440317,-2.9159534,-1.3193326,2.4512546,1.9186866,-0.6306368,2.7752604,1.1592942
95,-0.9521686,1.5070486,0.964388,-0.8339347,0.60467094,0.77022946,-1.3218169,1.3719895,0.26092762,0.25747287
96,-0.5350734,-0.33705628,0.5300236,0.77151704,0.6263613,-0.89750886,-0.4650538,-0.014046609,-0.10272193,-1.9761931
97,1.268656,0.3548473,0.14531457,0.12919718,-0.81897193,-0.5445614,1.5360796,0.03967005,-0.14572299,-0.32837808
98,-0.03986299,-0.73225605,-0.21979392,0.5887592,-0.009376049,-1.2629919,-0.36414033,-0.48669195,-0.35409468,-1.8311505
99,1.2527347,0.43680418,-0.39587402,-0.85926527,1.0843086,-0.42374265,-0.18583405,-1.069165,-0.79757047,0.4844886
100,0.7469815,-1.2565042,-0.8491453,-1.3628364,-0.19044116,2.2240343,-1.1065257,0.018913865,0.15449822,0.5694858
101,1.3515301,-0.34015667,-0.7018329,-1.1425021,1.3366892,-0.55807257,-0.60250914,0.042226553,0.59820914,0.32188308
102,-1.6671315,1.5168201,1.0193295,-0.516584,-0.76852727,0.81532115,1.1074591,0.18432039,-0.34353673,0.7082976
103,-0.7114006,-0.19611871,1.1851423,0.03627643,0.6486943,-1.0038874,0.23989451,0.52660865,-0.021256924,-2.003286
104,-1.2700001,1.3007084,0.4144646,-1.2624981,-0.9289041,0.47369558,-0.8016101,-0.29960233,0.38087964,0.2818612
105,0.20093298,-1.6033689,0.85339665,0.03322038,-1.5670047,2.2010167,-0.45333427,0.022795439,-0.6354789,0.34451246
106,0.6086452,-1.3133637,0.13343358,1.1271772,-0.21420193,1.9128764,-0.82395595,-1.0036465,0.84173775,0.8835341
107,0.57468045,-1.0456673,-0.38640094,0.28695732,1.1880329,0.3964064,-0.319789,0.6936331,-1.7232902,-1.128828
108,1.3493502,0.5188798,-0.6410395,-0.6072289,1.3278136,0.4221741,-0.14172971,-0.119592726,0.2594059,0.19255269
109,0.9416116,-1.1837198,1.2399697,0.8126656,-1.1952896,1.535613,0.40357888,0.82616913,-1.1174527,1.3898321
110,1.1582611,0.38923764,1.228249,0.91467404,0.13211954,-1.0579822,0.7237674,-0.4755907,-0.72015893,0.43598807
111,0.21539462,-1.0040294,0.13490713,0.13771385,-0.4885639,2.63861,-0.28379166,-0.829849,1.0286683,0.26754606
112,0.98310053,-0.11413252,-0.3504871,0.54208875,0.87991375,0.08998549,-0.49110663,0.47620416,-0.8586535,-1.4043323
113,1.266087,-0.02177155,-0.3365208,0.5983101,0.56796867,0.26686072,0.4013028,0.80253786,-0.29470873,-1.0035939
114,1.389398,-0.10427225,0.46610487,-0.012781441,1.061338,-0.61348677,-0.0957104,-0.3718934,0.8093072,0.70159054
115,-0.72516286,1.6233819,0.028774738,0.0033510923,-1.3901036,0.25922847,0.049969792,-0.66215086,1.1147197,-0.11096966
116,-0.4333774,1.5062379,-0.07753909,-0.75516593,-0.99233156,0.53231364,-0.8042827,0.5110591,0.9177017,-0.22172892
117,-1.2568103,0.12841475,1.7929004,-0.17493248,1.0492067,0.8368289,-0.9018764,1.4184854,0.64711654,0.684414
118,1.4800172,0.31646025,0.06965029,-0.26294556,0.20357543,-1.0029457,-0.18802002,0.28255236,1.0695628,-0.01876247
119,1.2942716,0.29614007,0.5343599,-0.9427309,0.56223506,-0.064463735,1.2735572,0.02733779,-0.6506856,0.5354382
120,1.1891208,-0.19060099,0.98475254,1.2403668,0.8393249,-1.3137603,-0.21267128,-0.7557024,0.5947517,1.1687795
121,0.6794086,-0.34582007,0.28819382,-0.5157922,-0.754758,-0.02215743,1.8006635,-0.9502003,0.139261,-1.8737903
122,-2.0852146,-1.1719712,-0.03131962,0.01281178,0.8141075,-1.1773367,-0.6835966,-1.0358267,-0.44784024,-1.9681528
123,0.94009966,-0.021294594,0.9698479,0.9360436,0.33063555,-0.91418266,0.97461796,-0.7667029,-0.8268815,-0.18930686
124,1.3664494,0.03338206,0.03146088,-0.45424372,-1.0764751,-1.0313342,0.69609237,-0.031704128,-0.10699147,-0.51519626
125,1.260258,-0.003938794,0.8027494,0.14399269,-0.3465334,-0.2262541,1.3326999,-0.15741086,-0.3947698,-0.4608233
126,-1.3587078,1.4604352,1.348822,-0.43606308,0.9375722,0.8148782,-1.5594258,0.21862927,1.3268739,0.15475905
127,-0.7094401,1.4195623,-0.09585643,1.3841238,-0.4166706,0.7442304,0.20000237,1.4425635,-1.13555,0.7126833
128,1.4019234,0.39237368,-0.34618556,-0.66476095,0.8761944,-0.36415935,0.13377851,-1.3103603,-0.14419937,0.31487286
129,-1.6995348,1.1890498,-0.3826574,1.6996181,-0.030799538,0.77740884,-0.3910426,-1.6668222,-1.9228306,-0.06652415
130,0.16784966,-0.25676715,-0.39973223,-0.26684183,-0.48871222,-0.60030913,-0.49087965,0.8931261,-1.2108437,-1.8242776
131,0.5792066,-1.5249954,0.05567777,1.4433721,0.40210974,2.3934603,-0.42319557,0.5148551,0.8333218,0.8636869
132,1.476604,-0.28511584,-1.2916607,0.16142425,0.7988121,-0.6826465,-0.2271213,-0.39092064,1.3206681,0.2701429
133,1.4358605,-0.4241935,-0.5319916,-0.87803596,-0.057813823,-0.21631885,-0.00020265579,0.528198,-0.12974674,-0.70169747
134,-1.0211352,1.7202579,1.3748053,-0.81593454,0.069906,0.20956409,0.6638932,1.4922578,0.5833082,0.46105373
135,1.4704058,0.4540857,-0.25971997,-0.55335313,0.51489073,0.123978615,0.7525166,-0.20420629,-0.6825365,0.4448557
136,1.2586708,-0.022710443,0.674284,0.00750044,-0.37398908,-1.51302,1.4982195,-0.29528362,0.30124247,0.030112386
137,1.5361093,0.27148366,-0.5443791,-0.6149833,0.36997807,-0.48201823,0.15939945,-1.0754373,0.18083131,0.36493158
138,0.35802102,-1.3842319,0.3072914,0.09549075,-0.5146836,2.5518453,-0.6136613,-0.31487763,0.22669077,0.40731788
139,-1.407888,-0.32230246,0.26140404,-0.27894378,-0.64524865,-1.6067021,-0.56342494,0.81123275,-0.74657804,-2.0444279
140,-1.9152151,-0.61084664,-0.47435963,-0.04909751,1.1194379,-1.3958905,-0.960052,-1.0613835,-1.0413437,-1.907204
141,-2.6852088,1.0389854,-1.1205984,0.20620108,-1.1229172,-0.34220982,-0.6204261,-0.18660498,-1.6191959,0.71674764
142,1.1168405,-0.07358372,0.15110934,0.41548193,0.84917206,-0.863605,1.5021186,0.91386986,-0.91089886,1.0606138
143,0.532786,-0.91266,0.6810215,-0.21078387,-1.3585489,2.5457962,0.4130596,-0.16909611,-0.23823383,0.1545018
144,-1.188984,-0.19527018,1.1124965,1.2776276,0.49242002,-0.71821284,0.06951964,-0.010160744,-0.26095116,-2.1593626
145,0.6039634,-0.50851834,0.22137618,0.68533397,0.6262992,-0.4748882,-0.104958415,-0.8046874,-0.7091489,-1.5505419
146,1.1236418,0.45158064,-0.40042293,-0.16625845,1.9011326,-0.0852617,0.3256377,0.17355847,0.40124428,0.555056
147,0.24895024,-1.7269284,0.4083084,1.7979496,0.11316016,2.1716046,-0.3385922,0.54890835,1.3280913,0.96495783
148,1.2475271,0.2169435,-1.5677708,-1.7471061,1.0417304,0.48197448,0.5810082,0.25694484,0.13920379,0.1310693
149,0.9433516,-0.18322551,0.53997165,0.0149799585,2.3845115,-0.5166068,0.23802632,-0.4350028,0.7198094,1.129321
150,-0.861267,0.09370482,0.6160162,0.02472967,1.0820258,-0.7957356,0.4390322,0.60623515,-0.10496414,-2.0884957
151,1.0915964,0.2554003,-1.5209857,0.4502502,1.4456084,0.062274694,0.88639534,-0.10792804,0.48334408,0.005081415
152,1.44516,0.6317731,0.368495,-0.55467206,1.1374745,-0.048103213,-0.15577227,-0.2960173,0.54846513,0.2497487
153,1.3239167,0.116761684,0.5765748,-0.9150853,0.16673744,0.0059506893,1.3317837,-0.30552822,-0.4715719,-0.4055534
154,0.6788826,-1.2230557,0.9266849,0.69661605,-1.34391,1.8976169,0.29322988,0.88223106,-0.4488848,0.75164616
155,1.4232796,0.27900398,-0.30828357,-0.30187646,0.7270574,-0.54018545,0.57773054,-1.1979514,0.94234514,0.97784865
156,-1.2907025,1.7332414,-0.17224908,-1.0695534,0.4038754,-0.08300984,-1.9322741,-1.3359053,-0.7002268,0.057221055
157,-0.12095106,-2.5224004,-0.7727424,-1.5611732,-1.410557,1.8964889,-0.66916215,-0.3414489,-1.331659,1.7487565
158,1.2231917,-0.18398345,0.5687389,0.4314766,0.47753292,-0.2880547,2.1414814,0.39384943,0.35990012,0.24694085
159,-0.3048072,-2.651607,-0.5105096,1.0896443,-0.5222414,2.7361894,-0.6500648,-0.56539834,1.2300855,1.3305622
160,0.9278957,-0.12343538,0.7419814,-0.67632157,-0.43781394,-0.3019042,1.9958177,0.15408361,0.09223336,-1.298117
161,-0.7553631,1.1714351,1.8338625,0.0670827,-0.39074993,1.2552555,0.22776246,1.0013149,0.03190404,0.60850334
162,1.1929435,-0.025744557,-0.9295348,0.17201799,1.1535764,-0.41713977,0.4047029,0.18205863,1.814545,0.35174716
163,-0.9073359,1.8384492,0.17206979,0.3734917,-0.5901861,-0.24289751,-0.33529133,-0.77410114,1.3945078,-0.10010636
164,1.2117245,-0.12403929,-0.853562,0.01096338,-1.061959,-0.8992791,1.4260972,-0.6483147,-0.30703482,-0.19339347
165,-1.4222368,1.2742248,1.7292258,-0.58081746,0.5533232,1.3585786,0.4314065,1.0734818,-0.5876268,1.1115772
166,-1.9604102,-0.7128407,-0.3598814,-0.053742617,1.27443,-0.8264415,0.08708936,-1.1488855,-0.19502425,-2.39154
167,-1.2507249,1.1991471,1.5987929,0.8288168,-0.3392548,0.22833431,-1.0887702,0.7220503,0.2791165,0.22667253
168,-1.0198289,1.487726,-0.109470606,-0.39576605,-0.7528161,0.5385574,-0.67116475,1.165215,0.37853038,-0.118014455
169,-0.8899156,1.6022445,0.4340341,0.038297117,-0.15657102,0.7780491,-0.524233,-0.11500704,-0.54359126,0.05559647
170,-0.88069403,1.5170586,-0.79829276,-1.8800507,-0.50709194,-0.1777947,-1.4993298,-0.17582107,-0.39749998,0.9403821
171,-0.52629673,-0.42187178,0.70222104,-0.047770143,0.78237814,-1.0530305,-0.49787277,-0.13091421,0.2782489,-1.990585
172,-1.0276281,0.03801167,0.68703336,-0.26889443,1.3436067,-0.780548,0.1132465,-0.7858212,-0.15165484,-2.1545115
173,-0.029853344,-1.7364987,-2.247015,-4.8115444,-1.420753,-0.29474473,-0.7589754,1.8702443,2.9778152,1.0096637
174,1.3099526,0.3565203,0.50217247,0.2746001,0.6351364,-0.17412925,0.6844671,0.5466603,-1.0529351,0.32188475
175,-1.1844491,-0.15706801,0.014604926,0.07980645,1.3586211,-0.4003241,0.42898655,0.07396996,-0.041008115,-2.377561
176,-2.3150406,-3.8868642,-1.2471076,-3.0415304,0.6027073,-4.476432,-0.443194,2.4726374,-2.599897,1.1286367
177,-1.2579213,1.4319811,-0.101446986,-0.30519924,0.024210483,0.88663447,-1.3046174,-0.8424132,0.613731,0.04862392
178,1.3838997,0.47488725,-0.08556247,0.380817,0.9062068,0.06607866,0.5608735,0.21078813,0.027406693,0.42289865
179,1.6430222,0.11935675,-0.8686024,-0.44597346,0.3753776,-0.26548374,-0.13551313,-0.573504,0.81912506,0.37421155
180,-0.9995209,1.4623207,-0.90882456,-2.2095346,-1.1989317,0.42400724,-0.12470698,0.5054275,-0.85029763,0.14929426
181,1.2957501,-0.08094597,-0.108135104,-1.0264298,0.9213248,-0.673687,0.5441487,-0.8087965,1.095796,0.98721254
182,-0.9786159,1.3883107,0.20631588,-0.4846844,0.25950426,1.0994302,-1.3747015,0.35700104,0.85451305,-0.46050072
183,0.3529694,-0.8539678,-0.2616104,-0.31199443,-0.95708895,-1.6035192,0.3199755,1.2527071,-1.44676,-1.039925
184,1.2862238,-0.12689316,-0.20659518,-0.8143234,-0.6225915,-1.2382388,0.7760446,-0.073678076,-0.52925014,-0.12918675
185,-1.1424233,-0.9853598,0.9657454,0.89821374,1.5431335,-0.70653284,0.22024053,-0.17627978,-0.63980806,-1.8491156
186,-0.9024025,0.9759334,1.3749639,-0.41609985,-0.1272125,1.3482314,0.08793813,2.2268193,-0.47985464,0.99114907
187,0.8919753,-1.0621625,0.54230666,-0.7599321,-1.4301844,1.8166817,0.11572462,-0.41499507,-0.78092384,0.95827067
188,-1.0183896,1.7302496,-0.29834688,-0.042791516,0.3984046,0.19064951,-1.373703,-0.66083765,1.0765878,-0.2933902
189,1.2795246,-0.6436087,0.9739113,0.44167626,1.2740061,-0.46218204,0.679024,0.62076545,-0.07719928,0.9118663
190,1.4303191,0.4159919,-0.37080872,-1.1048701,1.0703137,0.109597206,0.109749556,-0.59569645,-0.65918684,0.3107034
191,-0.6984688,-0.4679097,0.78295356,1.2142644,0.5791713,-0.8078158,-0.6077232,-0.9785571,-1.0583689,-1.8840075
192,-1.0324177,1.2148168,-0.23411417,-0.21799275,-1.1697407,0.60204154,-0.80848765,0.2499305,-0.6479368,0.4376092
193,0.38958275,-0.32918155,0.5477363,0.4932766,0.3599097,-0.38738096,-0.7617309,0.06607443,0.076939344,-1.818752
194,-0.9947077,0.95178366,-1.5734783,0.22943842,-1.7621381,0.9235461,-0.34031337,-0.17956692,-1.2284566,0.0125386715
195,1.3712118,0.52747834,0.42700136,-0.7907618,0.6367265,-0.10317731,0.70290303,-0.8746617,0.018508792,0.43001854
196,1.3877141,0.27005517,0.35448933,0.01483953,-0.30741042,-0.88251114,1.1297565,-0.19572514,0.41615808,-0.4933321
197,-1.3016411,1.6273732,-0.00024867058,1.1197848,-0.006078571,-0.04540515,-1.1381612,-0.54940593,-0.25299698,0.49450457
198,-1.9405848,1.0613948,0.7766863,0.046112478,0.2133128,1.4784396,1.4449573,1.3880067,0.117654026,1.2306288
199,0.2047118,-1.7856783,-1.2695979,-1.1314145,1.3067107,-1.0010982,0.27125645,-1.0993773,-1.9336576,1.4265345
200,-0.79194796,-1.122866,0.53594863,0.20575953,0.96762675,-0.9630096,-0.7603389,-0.43342626,-0.012371242,-1.9443002
201,1.4867932,-0.08887434,0.1614989,-0.2424196,0.75617415,-0.46968317,0.38568234,-0.12789333,0.9849328,1.020238
202,0.7382855,-1.6207877,-0.39003444,-0.14410357,-2.2538188,1.1806861,-0.10462642,-0.98695254,-0.7352903,1.4585811
203,1.4069974,-0.04300666,0.2650448,0.5956448,1.2982557,-0.18147397,0.19313526,-0.0061279535,0.8649366,0.774948
204,1.4493164,0.01908505,0.4479971,-1.4567099,-0.36131543,-0.71576583,0.64222956,-1.051709,-0.40280926,0.6411691
205,-1.3996245,1.6629256,-0.42503226,-0.2328946,-0.31739372,-0.35627532,-0.8813709,-0.6829468,0.47046554,0.116344094
206,1.4495163,0.12118757,-0.6906625,-0.28398553,-0.08142592,-0.92936873,0.8186717,0.3053735,-0.100780666,-0.11961949
207,-1.3389641,1.4646584,-0.5839071,-0.97385824,0.18141949,0.47554004,-1.6910973,0.05289805,-0.13186395,0.58945894
208,1.2280768,0.095258474,-0.5691726,0.42193574,1.3437214,-0.13274276,0.335558,-0.057945907,0.39683115,0.23246884
209,1.2929211,-0.26195586,0.37369454,-0.63416004,1.6407773,-0.5576849,-0.028506398,-0.98113143,0.6117929,0.9579567
210,1.561675,-0.37198508,-0.07918131,-0.5323276,-0.7015368,-0.39461458,0.47091484,-0.17588341,-0.22181463,0.89122736
211,-0.7248782,0.9869412,0.33207512,0.18256706,-2.1227825,0.09544933,-1.0791287,0.43559882,0.9815432,-0.30992848
212,1.1547537,-0.07918179,-0.87417996,0.011166543,1.1968522,0.24643964,1.5349288,0.31830534,0.5767901,-0.44443548
213,-0.59733117,-1.3533398,-0.16821253,1.2818451,0.030721217,-1.7291045,-0.35407814,-0.9728477,-0.82517105,-1.7330958
214,1.4146861,-0.20672858,-1.0654179,0.06420517,-0.14919193,-0.16287851,0.2653184,0.73249716,0.03350967,-0.7219094
215,-2.110756,-1.2057105,-0.08231962,-0.37543502,0.8027579,-0.7615042,-0.49907005,-0.9086549,-0.83387625,-2.1255202
216,1.384061,-0.14529455,0.6669631,0.021645844,-0.50198126,-0.80328107,1.1928477,-0.44775963,-0.43081594,-0.069306016
217,-1.5145212,1.6918743,1.0060841,-0.27022436,-0.103544936,0.85024977,0.02943772,-1.0861793,0.34006512,0.050988913
218,-0.50726616,1.6434609,0.15506971,0.014492154,-1.0795639,0.38655806,-0.5654585,0.027110636,-0.54662603,-0.42894757
219,1.2416319,0.12654817,0.95522904,0.29591835,-0.6147509,-1.0372016,0.7626455,-0.32255626,0.28752363,-0.16975784
220,1.4077758,0.62647116,-0.15000379,-0.6870558,-0.15249884,-0.64272046,1.1267416,0.14432871,-0.23415786,0.2776934
221,-0.26713336,-4.20803,1.1503214,-1.5083598,-2.577225,0.31433487,1.4527779,1.298036,0.6210129,2.2802548
222,1.0606322,-0.15746129,-0.15570247,0.43277526,0.81209165,-0.80516005,1.8851283,0.53472036,-0.44711995,1.0315996
223,1.4683368,0.28237212,0.38069665,0.3943593,0.7367093,0.18834811,0.24711174,0.014402449,0.55828106,0.06847632
224,-1.6221606,1.0962383,-1.438702,-2.262795,-1.6365149,-0.3728484,0.23763955,1.4492812,-0.6449075,0.560686
225,-1.3482558,-1.5212711,0.62471104,-0.037856698,0.7333278,-1.0577612,-1.5641851,-0.6255493,-0.2857291,-1.8456075
226,0.62710965,-1.4471,0.7648753,0.5359803,-1.1993783,2.1415982,0.08779329,0.35930336,-0.6067178,-0.48674774
227,-1.0003482,1.2569999,-0.8917233,1.2512032,-1.0187621,-0.07032883,-1.0525355,0.4416598,0.52515924,0.026380897
228,0.41487813,-0.52281773,-2.4110093,-0.70196027,2.1046507,-1.3122845,2.035107,0.6613608,-0.7345826,2.0701275
229,-2.1367917,0.36296856,1.4382207,0.8857138,-0.1576299,-0.5037854,0.45479417,-0.4184178,0.7969347,1.3482591
230,0.92613435,0.06582224,0.9589573,-0.58743644,-0.045857787,-0.038327217,1.1692998,-0.779248,0.26126313,-1.815805
231,-1.6917106,0.27033222,-2.8862429,-2.5853732,-2.005992,0.6304088,0.4135648,1.0030782,-1.0395124,0.65531576
232,1.3191572,0.44575977,-0.05692911,0.12502405,0.66801196,-0.31361938,0.871771,-0.07183182,-0.48264998,0.36770833
233,1.0615841,-0.35882533,-0.76966155,-0.04296562,1.9574194,0.35072792,0.42282796,0.81845284,-0.73092836,-0.4334793
234,-1.6102706,1.3745968,-0.1624186,1.0766293,-0.7561289,0.53878593,-0.011193931,0.24466455,1.1217266,-0.079526305
235,-1.2918216,1.8651751,-0.14818633,0.9611391,-0.7559762,0.042393446,0.16688508,-1.2976444,0.88617194,-0.19241619
236,1.5071712,-0.037690282,0.37952465,-0.16340889,0.6236408,-0.31799698,-0.16994876,-0.39105403,0.20704395,0.47184265
237,-1.255787,1.4504632,-0.90970576,-0.5477901,-1.280943,0.14277112,-0.24923214,-0.17723632,-0.109325886,0.469118
238,0.089950085,-2.1138778,-0.20161521,0.19657981,-0.32805777,2.7721667,-0.851833,-0.38673735,0.9106587,0.29707408
239,1.440203,0.40122592,-0.2278986,-1.2038507,1.2257936,-0.26460588,-0.009509325,-0.30478716,-0.04894054,0.6790829
240,-1.3256112,1.3812566,1.3330528,0.54800713,0.5804818,0.58687556,-1.4792213,0.597383,0.765324,0.0064536333
241,1.5159066,-0.49676096,-1.5073804,-0.6097585,0.727943,-0.041246653,0.26835978,-0.58828783,1.2299142,0.1380204
242,-1.2921509,1.4930472,-1.3737963,0.53736126,-0.45589736,0.030218363,-1.3091578,-0.6597469,1.1850051,0.24788988
243,-0.45645964,1.0978653,-0.68875086,0.60283065,-1.2526437,1.074049,-0.88816774,0.2228235,0.4240209,-0.03907025
244,1.4722768,0.2670108,0.31159973,-0.5451921,0.90964323,-0.37125456,0.81283927,0.33060437,-0.0039380193,0.7676922
245,0.66250134,-0.9353932,0.19361484,-0.3056892,-0.58812755,-0.97717667,0.88615894,-0.6483934,-2.1281347,-0.77118856
246,-1.122274,0.65033317,0.031461358,-1.3692219,-1.9551489,0.08845639,0.62211835,3.1406672,-0.8558423,0.86498606
247,-1.3925084,-0.45380795,0.5356504,-0.7506223,1.0914986,-0.7180474,-0.84673107,0.34483713,0.021332145,-2.0960765
248,0.1901735,1.3648417,0.104352355,0.58535147,-1.3425074,0.46015334,-1.1003307,0.03591633,-0.23128325,-0.20035863
249,1.2631443,0.38559806,0.06587374,0.13379696,0.26411134,-1.0369854,0.90293133,-0.23076934,-0.6598053,0.76372635
250,0.31852162,0.39032423,-0.011665106,0.3305689,-0.079745606,-1.2719612,-0.0647912,1.1420825,-1.5104487,-1.2701312
251,1.5157287,0.22088873,0.30498004,-0.5942894,0.57513756,-0.36349893,0.05021155,-0.096521616,0.10941577,0.8878454
252,1.3862274,0.21863592,-0.73577416,-0.77255094,0.53197545,-0.19933367,1.3882706,0.9443853,-0.21203065,-0.0876838
253,1.4546897,0.3415705,-0.76340926,-0.13068958,0.52904314,0.28962612,0.5821086,0.026943803,0.96568644,0.014186263
254,-1.2437259,-1.5540107,-2.693801,-1.6767079,-2.9878287,1.2853031,0.586406,1.8793936,-1.5811718,1.566876
255,-0.7521001,1.5877354,0.23142636,0.3463658,-0.76595354,0.4763568,-0.44895536,0.49016875,0.41173947,0.19260228
256,-1.9510356,0.7583686,-2.4372268,0.051198035,-0.8956618,0.76522404,-0.93517566,0.4905643,-0.64376247,0.9437891
257,1.1711025,0.10029185,0.46586806,1.2134483,1.2698894,-0.85775566,0.6733062,-0.08903986,0.22502488,0.86931527
258,-1.0664126,0.035026193,0.58632934,-0.03301379,0.78769606,-1.6239696,-0.008557141,0.36855888,-0.5560838,-1.8884517
259,-0.36865914,1.2479339,-0.332188,0.37760997,-1.700176,0.41057062,-1.1325536,0.27301598,0.6633967,-0.31106234
260,0.2057966,-2.0625825,-0.55952656,0.12627679,0.11907941,2.7758267,-0.6492142,0.8880757,0.23206675,1.355127
261,1.1236777,-0.04578054,0.29002833,-0.57395005,1.6844921,-0.53553843,0.667619,0.31003487,0.26635736,1.3432173
262,-1.1716577,0.66032517,-2.2255926,-2.568986,-2.0368145,0.8429116,0.6165323,1.6300921,-0.8978226,0.29393876
263,0.99445313,-0.14093709,0.8585254,0.64119375,0.23645443,-0.9699483,1.4949994,-0.3656428,-1.4143015,0.81652725
264,-0.5525743,1.4223322,-0.0054347515,-0.76451015,-1.518368,0.33571512,-0.9748852,0.5057199,-0.3340913,0.3003825
265,1.1635514,-0.33793795,0.7872255,0.039053082,0.5915096,-1.4347887,1.119489,-0.43849444,-0.5721454,0.7737783
266,-0.56023276,-0.57400095,-1.5372154,0.6694954,-0.006574601,-1.1874437,-0.88408405,0.36440182,-1.8564509,-1.7536426
267,0.28858018,0.111744046,1.0574205,0.24955952,-0.066215575,0.08415055,0.45155978,1.5717828,-0.38195047,-1.8521278
268,-1.2924439,1.2381048,0.33347356,0.10825169,-1.0241094,-0.08488715,-1.4311901,0.16075075,0.21832919,0.9885675
269,-0.67324984,1.2701378,-0.42989814,-1.9595363,-1.4146695,0.42869496,-0.14614886,1.1716561,-0.5655135,0.41658223
270,0.6061784,-1.0725378,0.30968988,1.4425933,0.1260635,2.6658068,-0.3046854,-0.044839263,0.72946084,0.8863226
271,1.2889268,-0.33212197,0.5811455,0.50393426,0.61654085,-0.6889415,0.3765893,-1.1029295,-0.38590288,0.70876753
272,0.7901919,-0.82119644,-0.40829384,0.21785486,0.75790876,-0.11527419,-0.49552175,-0.22185373,-1.1800625,-1.2574272
273,-1.5147983,1.2801721,1.2505865,1.176681,0.08154902,-0.29499042,-1.6893047,0.6919904,0.101237774,0.9937974
274,-0.6753992,-3.058453,1.0993781,1.8311627,-0.1301049,2.7983797,-0.55429804,-3.7583158,1.1021389,2.4443345
275,0.17735374,-1.3922802,3.3223848,2.1365504,0.009114772,-1.0801029,1.2377489,-5.7056656,0.5936651,0.70190895
276,-1.5741574,1.1452922,-0.5863162,1.0235839,-0.8614833,-0.33598268,-1.3243337,-0.7107028,2.0614262,0.5044855
277,-0.7996284,1.1791577,-0.57578814,0.082167506,-0.64755106,0.09991598,-1.9524078,-0.29243028,1.559358,-0.38836914
278,-1.0281266,1.1123012,-1.1827801,1.4433348,-1.2432437,0.40224993,-1.1176193,-0.25405782,-0.46237516,0.21698046
279,0.259349,-0.2937771,0.06818271,0.38402188,-0.43161878,-0.38933265,1.8488641,0.027330756,-0.36607993,-1.7669809
280,-0.21213448,-0.32678616,-1.483775,0.12873214,-0.8560792,-1.4310112,-0.7519013,0.038024306,-1.8585447,-1.5458319
281,-0.5256778,1.4160075,0.019794822,0.45806313,-0.4188366,0.15293556,-1.7230603,-0.39271486,1.010854,-0.011408091
282,-0.614205,-1.3981539,-0.122115254,3.1680849,1.4599371,-1.2998064,-0.7016275,-0.9551084,-0.708034,-0.4525066
283,-3.7714944,-2.2375484,-0.5566838,-2.143876,2.1834705,-2.3206902,-1.4246252,1.9860204,-1.2318834,-0.3160051
284,-1.0327696,-0.93074024,0.5454206,0.6828754,0.65849245,0.1534974,0.7065723,1.3152032,0.2522117,-2.1766183
285,1.4633019,-0.27052486,0.6704046,-0.70158875,1.2670035,-0.53947115,-0.08256173,-0.28117883,0.061124742,1.1374499
286,0.82627195,-0.73981726,0.07345259,0.27584314,-0.2906073,-1.2272906,0.027318954,-0.26651633,-0.8628427,-1.2185619
287,-1.2009948,1.3044002,-0.49620283,1.6030722,-0.27653015,0.795239,-0.16058385,-2.2371783,-2.339015,0.032140613
288,-0.62171996,1.5447563,-0.7221676,-2.136952,-0.4082113,0.5763184,-1.4416071,-0.15516543,-0.40829378,0.36501992
289,-1.9354454,1.445258,0.66406393,-0.7450403,-0.6795105,0.78998893,1.4382925,0.71411896,0.9704331,-0.041765094
290,0.47692144,-0.48882973,0.2904544,-0.30618474,-0.1033427,-0.43547273,1.2817118,-0.9316759,-0.1997059,-1.7515144
291,-2.6660457,1.081466,2.1823018,-0.2810053,1.3911073,0.67014825,-0.7966212,-0.10301322,0.81077075,0.7691165
292,-1.0795065,1.4413326,-0.34702647,1.2579162,0.070376754,1.2699118,-0.32184234,-1.7311015,-2.231595,-0.47397506
293,0.80689865,-0.7571231,0.22704923,-0.49214494,-0.41454023,-1.2258759,-0.6592946,-0.459684,-1.1854241,-1.2620385
294,0.42285573,-1.3016192,0.34350193,0.6806197,-0.37588292,1.8049055,-1.2832276,-0.37595224,-0.27779993,0.742005
295,-1.3877045,1.6917391,-0.76208794,0.033676565,-0.6786216,-0.073559284,-0.33951715,0.76638615,0.2916969,0.44835436
296,1.1860759,-0.33453238,0.41732198,0.6321506,1.0074844,-0.5738895,1.2131618,-0.23252177,-0.06612277,0.8901168
297,-0.77274287,-0.513579,1.3704205,0.060669124,-0.23988128,-1.5459318,-0.2677985,1.0563195,-1.1945701,-1.6434275
298,-0.5902654,1.3803678,0.9675472,0.28059012,-0.51983,1.0935364,-0.9717563,-0.13656223,-0.11280733,0.15964723
299,1.016146,-1.115194,0.6911386,0.9711399,-0.46167934,-1.5997663,2.187439,-0.29499185,0.86516523,0.655861
300,-1.1436759,-0.3642298,0.420653,-0.5276343,0.9464039,-0.810869,0.65851927,1.5306994,-0.060958445,-1.8336165
301,1.5689738,0.24310839,-0.05695069,-0.32207382,0.6449017,-0.08396697,0.23910713,0.08531076,0.56554437,1.0495044
302,0.71600866,-1.4010805,0.57630837,0.6795629,-0.017148077,2.412852,-0.3849221,0.46467856,0.6661726,0.68370664
303,-1.00379,1.4558363,0.9440752,0.13988054,0.19318587,0.3758002,-1.5998986,0.8320162,0.8331913,0.07257354
304,1.1505735,-0.13530982,-1.2671212,0.18404377,-0.37854943,-1.4871631,1.2678859,0.84335077,0.02518189,0.47046793
305,1.3379507,-0.23860323,0.44557154,-0.14091328,1.0598533,-0.79931164,0.17712015,-0.9705683,0.4894458,1.1848758
306,0.88338524,-0.03466487,0.34166706,0.15113723,-0.67705464,-0.9568701,1.9442847,-1.3570721,0.27946794,-0.8106516
307,-1.6233441,1.2792819,-0.5758563,0.3893518,-1.3456881,0.51913023,-0.04394859,-0.04836434,-0.5420016,-0.34336382
308,-1.7964405,0.91705555,-2.8509498,1.7686002,-0.006274402,0.45209682,-0.5713756,-1.4550314,-2.261094,1.3768417
309,-1.8763639,0.58827555,-1.21483,-0.8643699,-2.0525541,1.2172834,1.1751598,1.7333786,-0.72935003,-0.05152428
310,-0.58750284,0.9841058,0.15592861,0.3753783,-0.9509892,1.141223,-1.2444654,-0.23476899,0.30137146,0.5857028
311,-1.7708203,1.2092525,-0.749627,1.4549983,0.042145044,0.51298535,-0.9915527,-1.9415877,-1.9665926,0.019791722
312,-1.195067,1.7719307,0.301355,-0.22023109,0.3585106,-0.55922556,-1.7993923,-1.0718143,0.2989813,0.33948672
313,-1.0982314,1.2112148,-0.75104916,1.1986349,-1.0083864,0.67952096,-0.93302774,0.06884569,0.49922395,0.5369035
314,-1.1049296,1.1979594,0.1816771,1.384264,-1.1077404,0.76412,-0.18303883,0.6881412,-0.38382024,0.031980872
315,1.23865,-0.11664677,0.41614676,0.054234654,1.3203874,-0.7992221,-0.5257532,-0.7621207,0.7625679,1.0163034
316,-1.3145941,-1.233204,-0.18848455,-0.42894906,0.32059348,-1.1275654,-0.68547,0.94937295,0.55227804,-2.0362945
317,-1.0484363,1.6853813,0.08581245,0.099767536,-0.9886938,-0.43893623,-0.7743771,0.51527643,0.4417652,0.09236324
318,-2.0662708,-2.2893157,-4.043942,-1.7299349,-1.4026465,2.6927774,2.5339053,-0.6164502,2.2374406,0.77402294
319,1.2432842,-0.32763875,0.120702624,0.5149679,0.82452554,0.13061404,0.98593175,-0.90735507,-0.62643415,0.24851656
320,1.1323206,0.21183515,-0.367265,-0.24393106,1.633049,-0.46274805,0.84821033,-0.5137768,0.093714654,0.79235375
321,0.9864721,0.26822245,0.6242433,0.3156426,1.7782657,-0.87516904,0.7185402,-0.16511911,1.3499309,1.50009
322,1.2354643,0.29501164,0.04265821,0.37433147,-0.28869155,-0.7977772,1.5238304,0.14082581,-0.7319795,0.124855876
323,0.9934858,0.1179682,-0.1332568,-0.089218035,-1.4371071,-1.3391087,1.3499374,-0.66288877,-0.8140142,-0.44811183
324,-1.0691603,0.8513688,0.5337299,1.1580553,-0.34712675,1.384318,-0.93457246,-1.5814264,-1.6319511,0.17946565
325,-0.5795678,1.1374123,-0.79285204,-1.2739089,-2.3783681,0.8322284,0.14524335,0.79408693,0.40875828,-0.4488374
326,-2.3426952,1.474633,0.12983072,1.5746918,-0.20542935,-0.2644446,-0.70651597,-1.0237551,0.8252436,-0.044090033
327,0.5573199,0.15717006,0.51192427,-0.78341126,-0.465182,-0.074315906,2.4073744,-0.34005702,-0.06503987,-1.6551836
328,1.3659563,-0.01898694,-1.4565312,-0.76694864,1.3797045,0.3600905,-0.012290239,0.19152576,-0.038535297,0.17962039
329,1.2050152,-0.32629073,-0.25445032,-0.49749947,-0.015125871,-1.1675448,1.3119451,0.77105653,-0.996443,1.3913151
330,-0.21843898,-0.5075873,0.1135577,1.1774018,-0.24253824,-1.1009102,-0.66431046,0.85478085,-0.81519186,-1.6974907
331,0.8038246,-0.24986303,-0.76857007,1.6679958,0.7556161,-0.45963883,1.7088346,-0.7335205,-0.30805886,-0.31471127
332,1.4514072,0.3167987,0.46264756,-1.5069327,1.1787148,0.21088552,0.13489676,-0.025086582,0.008737922,0.28812432
333,0.8549725,-0.4504267,-0.5151051,-0.40361243,0.5970745,0.79493463,-0.39929122,1.1007771,-1.0334698,-1.64541
334,1.207291,0.48590505,-0.81802523,0.15337911,-0.2704302,-0.4246192,1.1141627,0.5075993,-0.741645,0.07316935
335,0.69965386,-0.040502906,-1.6141697,-0.28152308,0.22068328,0.19989371,0.8694345,0.5736618,0.51194334,-1.8943447
336,-0.86311114,-1.2257241,-1.2066525,0.45849586,-0.9325152,-0.36116934,0.53065073,1.8490925,2.2262206,-2.4338465
337,0.6152166,-1.0697464,0.15493262,-0.4863613,-0.6861657,-1.4010181,0.55596995,-0.5261378,-1.4609683,-0.89504963
338,-2.2903433,-1.0298053,-0.7041913,0.40338463,2.2818272,-0.7439151,-0.06346661,-0.7002524,0.7808106,-2.2829251
339,-1.0335046,1.5048083,-0.6528002,-1.1166561,-0.43246382,0.27388084,-1.4809988,-0.55639124,0.89051723,0.35512722
340,1.3624974,0.32928467,-0.44599605,0.77202225,-0.32849073,-1.1902189,0.84787154,0.012452126,-0.040751815,-0.13019013
341,0.96127355,-0.7452277,0.43869275,0.11054337,-0.9139814,2.057406,0.1546737,0.3696378,0.07029748,0.41543996
342,1.3082263,0.44562137,0.47216678,-0.46208602,0.5126675,0.10230303,0.7039728,-0.6087277,-1.2852662,0.35439146
343,1.3679805,0.26114905,0.7323173,-1.000594,1.1239324,-0.59223676,0.43542647,-0.2212286,0.32392526,1.1990014
344,0.27159083,-1.407497,0.29359698,-0.058186322,-0.41760293,2.5125768,-0.9706771,-0.09139788,0.9540771,0.38502824
345,1.4381641,-0.38171732,0.4323063,-0.11255069,1.0812001,-0.4318725,0.0012304783,-0.57316387,0.88297343,1.3318788
346,1.0951049,-0.7019788,-1.3010212,0.02977115,0.013293326,0.31406772,0.4750719,0.59879935,0.5115253,-1.4152298
347,-1.6933888,-1.8789464,2.4271321,-2.9073956,-1.5777507,-0.86780953,-1.8506739,-2.9380622,1.1138792,-0.17188251
348,1.2568703,0.28040838,-0.028308988,-0.10014382,1.509002,-0.15399814,0.34166944,-1.1990558,0.90450215,0.5058999
349,-1.4914628,1.358493,1.9537389,-1.6088781,1.0443118,1.383297,0.43936408,0.9291871,0.5666696,0.8114265
350,1.0779545,0.118192196,1.1494946,0.17156953,0.89764184,-0.37773454,1.5735819,-0.2091788,-0.39768198,-0.48619723
351,-0.8617996,-0.9259268,0.15263999,-0.78319055,0.120631695,-1.0780325,-1.6070681,0.5923591,-0.7926761,-1.8451992
352,-1.926243,-1.4267336,-0.36907136,-0.2533767,1.5182312,-0.7153902,-0.31376562,0.26185912,0.7088218,-2.111159
353,-1.4233044,1.8138068,0.6998615,-0.49434996,-0.4102703,0.83229226,0.7639868,-0.46765363,0.7265717,-0.51490366
354,-1.1272565,0.83556664,1.2885422,0.67564785,-1.5231383,-0.2816075,-0.6483218,2.0649717,-0.27730954,1.0717322
355,1.0366508,-0.05766332,0.3671764,-0.3955543,1.3605647,0.04444623,0.95647264,-0.08351368,-1.5582051,0.42537367
356,1.4023927,-0.24758041,0.025811315,-0.16199523,0.95509857,-0.056964517,0.6258303,-0.4736824,0.30603158,0.6543182
357,-0.19012749,1.7886941,-0.3949312,-0.5743322,-0.68318796,-0.26050472,-0.9054209,-0.6286571,0.90722084,-0.0019646883
358,1.3231927,0.3464012,-0.15780199,-0.29584622,1.2159758,0.03007412,0.03473711,-0.57580566,-0.3081302,0.6947422
359,-1.9531087,0.57092464,1.9180763,0.6135191,0.14522809,1.3564718,0.022093475,2.1408005,0.23145348,0.878492
360,-0.9257482,1.1348549,-1.421491,0.3300845,-0.7986155,0.98459584,-0.77652943,-0.13112253,-1.3785896,0.2242297
361,0.7647207,-0.25466096,0.07925689,-0.56080496,-0.25788382,-0.19449854,2.1514578,-1.2509207,0.6756607,-1.5596967
362,1.3277943,0.1094954,-0.30487013,0.4325068,0.95164317,-0.25338638,0.07265097,-1.2041311,0.18069768,0.4878081
363,1.5770482,-0.2681824,-0.07177842,-0.1878559,0.43207252,0.2048533,0.20226431,-0.85042,-0.6491818,0.7691499
364,0.9048883,-0.055277705,0.4898281,0.7395954,0.45869678,-1.25737,1.8284991,0.65353894,-0.75556135,1.1114727
365,-0.6252655,1.5767511,-0.01814878,-0.47159988,-1.2178924,0.14382231,-0.66867876,-0.29090613,1.5353059,-0.80467427
366,1.0789781,-0.16449392,-0.86717474,-0.32094252,1.1108403,0.20711124,0.6171777,1.179205,-0.2549892,-1.1903312
367,0.20284605,-0.22340858,-0.24633801,0.42099476,0.02332598,-0.6604638,-0.10644603,-0.30426365,-1.2331012,-1.7817461
368,-1.5543798,1.3520639,0.0114456415,0.1739589,-0.87736464,0.8339692,-0.30325422,-0.34858382,-0.1309818,-0.34476352
369,1.1988041,0.27080333,0.6223983,0.16749138,1.857727,-0.017340183,-0.18102741,0.06745541,0.54813504,0.77546537
370,0.756241,-0.43942416,-0.54526985,0.12941384,0.733499,0.08730209,0.0047273636,0.9885698,-1.161174,-1.22679
371,1.4605851,0.59689224,0.8399451,0.3923154,-0.80527455,-0.7779026,0.6210276,-0.90703297,0.10727382,-0.4663154
372,-1.4067727,0.69744444,3.0131416,1.3387243,1.2573395,0.5454941,-1.2621584,-1.4996917,1.2771648,0.16769207
373,0.09799993,-1.1893348,-0.27058184,0.48789346,-0.27631855,-1.9510128,-0.55781233,0.7065476,-1.1946442,-1.1560026
374,1.246337,0.60943687,-0.3420261,0.65026575,1.5557859,-0.31310892,0.3971814,-0.0876466,0.5032791,0.213189
375,0.10715413,-0.3397938,-0.6953367,0.6635028,-0.501659,-1.1453767,-1.1010631,0.41519338,-0.7916252,-1.5768777
376,-2.0575233,1.5513716,1.4471064,0.79588425,0.19049126,0.73751557,0.8815322,-0.61970425,0.7646712,0.75117195
377,-0.012415171,-0.9257723,0.23311293,0.91121686,-0.4247989,-0.94666123,-0.55803996,1.3789332,-0.6482158,-1.5517122
378,-2.090682,-1.0642179,0.28612936,0.9485301,1.345655,-1.3353782,0.12786138,1.1726843,-0.28845018,-1.7115116
379,1.3037691,0.49700928,-0.36787474,-0.8102804,1.0065134,-0.49934912,-0.2667632,-0.6954268,-0.3128878,0.22319543
380,-1.7784187,1.7353842,1.5950925,-1.6007874,1.4350154,1.2969582,0.31575733,-0.41100597,0.49161375,0.26318312
381,1.3224499,0.12402856,-1.6925117,-0.22565474,0.94989663,-0.31898665,-0.075725436,-0.014032245,0.35129237,0.053870082
382,-0.5351323,-0.5443064,0.40167964,0.952409,-0.7572336,-0.5951307,1.320146,1.7754571,0.83064854,-1.9768136
383,1.2005262,0.26452935,0.33999264,0.9425391,0.28131938,0.023882389,1.1894422,0.231796,-0.48576882,-0.44878197
384,-0.37926018,-1.4014789,0.6129007,2.308039,0.08730036,-2.2100344,-0.41721126,-0.47881413,-1.6279395,-0.28545356
385,0.4880215,-0.8266927,0.3596624,-0.874644,-0.37046367,-0.67985237,0.23414707,-1.1971567,-1.5011697,-1.4577131
386,-0.90324533,1.4818194,-0.3447516,-0.8462218,-0.38139153,0.24244416,-1.1901762,-0.6525315,-0.7137607,1.19724
387,-1.5358304,1.2754011,-0.46146262,0.9889178,-0.39320332,0.7770543,-0.40152985,0.94502056,0.5994872,0.99447024
388,0.68028855,-0.16046798,-0.013258219,-0.14767653,0.22402596,-0.40997458,2.0825963,-0.56179,0.3583634,-1.6425815
389,0.85687196,-1.0174743,1.1227945,0.10419369,-2.0510917,1.4138893,0.47271693,-0.50050473,-0.6503194,0.87354743
390,1.2567761,-0.03162682,0.666318,0.1352886,0.38728803,-0.21417212,0.40029395,-0.75534105,-1.4706554,0.16315162
391,0.74655426,-1.2722284,0.8926217,0.6533151,-1.3277907,1.9227537,0.40192688,0.115697026,-0.5413002,0.7919692
392,1.2674041,-0.39723313,0.3476616,1.0164833,-0.8128552,-0.90487766,1.3807056,0.03929794,-0.060819626,-0.044973016
393,-1.977626,0.66517794,-1.3666242,-2.342058,-1.8070855,0.45251048,1.5662215,1.9080894,-0.5835925,-0.12198162
394,0.3397925,-0.7676045,-0.9329711,-0.05726725,0.7276425,-0.5420518,-0.4630315,0.9977397,-1.7949915,-0.9618663
395,1.2090461,-0.67828,-0.8372654,0.9206499,1.6584492,-0.39647424,0.44290972,0.926522,1.312421,0.14446819
396,0.59344506,-0.88533175,-0.052972555,1.6695943,0.7061922,2.5975442,-0.40302828,0.8244399,0.47899103,0.80511916
397,-1.6784984,-1.7399057,-0.35454905,-1.148989,1.2695005,-0.5977082,-0.10229647,0.6549604,0.95831954,-2.122989
398,0.52519834,0.22419691,0.20928168,-0.5555625,-0.4976172,-0.39742875,2.0194552,-0.8238082,0.41141045,-1.7094004
399,1.3653512,-0.08271992,-1.6983577,-0.7004291,0.8716404,0.46769214,0.13856333,-0.5146949,0.87101996,-0.38168943
400,-1.2517737,1.4921933,-0.15558374,0.11303222,-0.103835955,0.25276655,-1.4571993,-0.54801655,1.6210362,-0.2616818
401,1.4372522,-0.11500347,-1.006766,-0.76744604,0.90283555,-0.36228752,0.041125238,-0.9690592,0.61244977,0.7223307
402,-0.7821928,1.1087747,-0.9903873,-0.61406934,-1.4319685,0.25722814,-1.1461871,0.4506449,0.4861133,0.097572446
403,1.2804157,0.43354213,0.0010210276,-0.3649448,1.3404748,-0.75894344,0.897733,0.35573772,0.031203032,1.0864838
404,-1.2778965,0.10330665,0.83401775,0.9578346,0.7966003,-1.6738398,-0.34502587,-0.04487264,-0.07722396,-1.9478586
405,-0.45400178,-0.7415904,-0.6226561,-0.39164683,-0.5487778,-1.3036714,-0.9814779,0.30099452,-1.2170951,-1.716037
406,-1.8549377,1.1425405,1.0038872,1.2967783,-0.161654,1.4731966,0.69313323,0.13000882,0.022596657,0.13569105
407,-0.3000064,1.2213786,0.74039876,-0.14462298,-0.5174087,1.4117563,-0.8325143,1.3276902,-0.3216569,0.115924954
408,-1.3788091,1.5523964,-0.58830106,-0.101775706,0.17859417,0.001144886,-1.5612605,-0.73965764,0.44993794,0.29631805
409,-1.3099633,-0.48978674,1.0516677,0.6029979,1.03088,-0.36082768,0.16986746,1.9063342,0.091888785,-2.2921765
410,0.11698735,-0.7982956,-1.2818135,0.030622363,0.86365694,-0.32239318,-0.22248065,0.974519,-1.4680685,-1.2040557
411,-0.95601285,1.5137919,-1.3252445,-0.1071876,-0.81056285,-0.4337008,-1.1124327,-0.08660841,1.7523164,0.46308196
412,0.2787968,-1.1995836,-0.015202165,1.2973249,0.11037552,2.5338962,-0.5408593,0.21535903,0.3815968,0.6561508
413,1.221127,-0.038038135,-0.18740952,0.60078675,1.6244156,0.02283001,-0.2979762,0.2292045,0.5674392,0.5030763
414,-1.3683027,-0.62805617,1.3437634,-0.03199601,0.47752213,-1.2789907,-0.61122096,-1.2619064,-0.8247354,-2.072755
415,0.41332674,0.23640108,0.5548639,-0.7123729,-0.49407262,-0.49656332,2.3377333,-0.65727925,-0.17993903,-1.6271994
416,-0.34328544,1.4346479,0.2488172,0.2719367,-0.41640317,1.0941086,-1.0338616,0.7565812,0.09362149,0.18952262
417,1.6325597,-0.06287086,0.675583,0.28882527,0.5773441,-0.45954096,0.17521656,0.11394918,0.77259266,0.74661934
418,-1.8874727,0.56519985,-0.402367,2.9880006,-0.19700351,0.57445043,-0.71761644,-2.8325741,-1.923194,0.5033165
419,1.1664505,-0.19928777,-1.8759459,-0.7910572,1.639847,0.08379769,-0.06393874,0.29463094,0.5798265,-0.17653894
420,-0.77136886,0.93545854,-1.1502348,1.3319453,-1.5724835,0.06759834,-1.4374472,-0.074997246,0.7126521,0.5025071
421,-1.2233874,1.7860521,-0.22149265,-0.271743,-0.53113043,-0.85230684,-0.20410007,-0.6673186,1.0777084,1.2620856
422,0.80239606,-1.0631253,1.4236488,0.05374658,-0.9923614,1.840819,0.072815835,0.11025584,-1.3299688,1.075153
423,-1.4195644,1.4169871,-0.40409577,-0.24422418,-1.0736512,-0.05226922,-0.6833778,-0.1525842,-0.9534748,0.23695576
424,1.1265663,0.1264149,-0.4302193,-0.3380056,1.2430165,0.5317287,0.07379317,0.11643797,0.067047834,-0.62992924
425,-1.0236613,1.1568797,-0.7177104,-1.5584843,-1.7951636,0.9807035,0.73252153,0.94586664,-0.11799312,-0.12835896
426,0.26614153,-0.9921204,0.1015867,0.93100846,0.18485034,2.3993936,-1.1733412,-0.1877827,0.44914448,0.7538234
427,1.541298,0.3898884,-0.25277054,-0.3384066,0.74114436,-0.15349412,-0.3161351,-0.6795206,-0.17054498,0.17744553
428,1.4244736,-0.22169101,-0.7459446,-1.0000827,1.2397702,-0.09218216,-0.59846544,-0.21739495,0.79955757,0.17998993
429,1.0401586,-0.82041514,-0.9747547,-0.45484135,2.1666846,-0.061895847,0.29340494,0.66980696,0.82387865,0.37560594
430,-1.9798821,1.3835717,1.0265937,-1.2643677,-0.48961872,1.1774851,1.1963196,0.13121378,0.84624875,0.52002037
431,-1.4272667,1.771395,1.1080966,-1.0182222,0.049574494,0.8671688,-0.08537269,-1.52421,1.4918808,0.022931576
432,-1.4603239,1.4868014,0.3688358,1.1051056,-0.075742826,0.89028764,-0.4608843,-0.13763279,2.0705857,0.27195144
433,0.006978035,-0.036302567,0.12865269,0.30688918,0.33829767,-0.6511018,0.39789796,-0.7390095,-0.92651755,-1.9068135
434,0.08320296,-1.9236668,-0.29425597,0.5267843,-0.5285213,2.8717892,0.17312026,0.06285393,0.552387,0.7404014
435,-1.093263,1.3184297,1.0616485,-0.76031244,0.033308834,0.20435464,-1.3663347,1.4092722,1.1097232,0.5343343
436,1.1505847,-0.41193092,-1.2198743,-0.12348628,0.8762166,-0.45259333,0.29030478,-0.14429748,-0.21924412,-0.80703425
437,-1.7474223,1.5316646,-0.66297996,0.45772368,-1.2035944,-1.4995575,-0.4903293,0.42689615,0.1480164,0.625564
438,-0.7383996,1.379278,-1.2575837,-0.57167387,-0.8541294,0.07705116,-1.6713078,-0.022845387,1.1590346,-0.45882887
439,0.855191,-1.253534,0.90559816,0.37301433,-1.1794243,1.8587179,0.12710142,0.007408142,-0.40937644,0.57909226
440,1.2140471,0.05190265,0.63907135,0.38949484,-0.27449587,-0.3708191,1.9984784,0.053076804,0.28753936,-0.16527748
441,-1.3407465,1.6032292,1.6485996,-1.5918223,0.89747816,0.6464302,-0.09781724,1.1874064,1.1397442,0.23160827
442,1.4954267,-0.08092964,-1.359306,-0.3010696,1.0043046,0.08454859,-0.32669124,0.10384667,0.55662596,0.2984377
443,-1.1734062,-0.3423468,1.1397667,0.7046118,0.069866,-1.2724595,0.38249707,0.67679626,-1.1283545,-1.9065396
444,1.3306733,0.17959893,-1.0947171,-0.38485628,0.837722,-0.25963902,1.324456,0.8177724,0.5168934,0.04650724
445,1.1552732,-0.013468742,0.47850996,-0.2720337,-0.20718908,-0.8589587,1.431123,-1.397516,-0.6458575,0.126598
446,-1.5917412,1.3466623,-1.0525161,0.59763414,-0.70259607,-0.5198474,-0.8385036,0.6795548,1.9579922,0.3534317
447,0.7892259,-0.41573155,0.37774146,0.7431619,-0.078697965,-0.51154613,1.3466387,0.39566976,0.17492789,-1.0380962
448,1.5112417,0.14287722,0.51262426,0.4397993,-0.09598954,-0.47048378,0.7723732,0.89517117,-0.22294521,0.24950278
449,0.68118703,-0.23686135,-0.6267904,0.32875162,1.4116571,0.3267305,0.13642383,0.6989146,-0.9579265,-1.4768664
450,-1.4475642,0.84774685,-0.18069756,2.534862,-0.5578853,0.97908396,-0.9088371,0.5406742,-0.12040281,0.10340607
451,-2.2748137,1.8328497,1.3390317,0.90371346,0.71550244,0.15544593,-0.18779016,-1.575537,1.3436257,-0.13725138
452,-0.96645963,-0.053026795,0.08537209,0.1629805,1.2692025,-0.3034985,-0.46097457,-0.039598405,-0.74398136,-2.2037265
453,-1.5692397,1.4182029,2.13944,-0.335412,0.50922555,1.0660957,0.23895049,0.3086183,0.28885508,0.42746222
454,1.4351714,-0.13318074,0.25438404,0.6291723,0.9533407,-0.014240384,0.193331,-0.768507,-0.19371921,0.45286644
455,-1.0738281,1.147616,0.41441,-0.7254349,-1.221368,0.13854432,-1.0786226,-0.047943115,1.1909785,-0.33563215
456,-1.2155856,0.98211074,-1.1201555,2.5419319,-0.16019261,0.6163383,-1.1259172,-0.9097346,-0.98960483,0.27421558
457,1.3631439,0.32584524,-0.060799003,-0.4886775,1.3972292,-0.6418941,-0.6286586,-0.69454193,0.40253234,0.8438271
458,0.1177696,-1.3705064,-0.8007995,0.7152829,-0.47434402,-1.2729907,-0.1920465,1.3655277,-1.1141772,-1.2715778
459,-0.5493871,1.2939105,-0.44917858,0.26413167,-1.3392832,0.34728724,-1.0949328,-0.6195538,0.5857172,0.5375308
460,1.379837,-0.009599924,0.21005833,0.6305419,-0.10903755,-1.0251002,0.29306674,-0.4406216,-0.20411974,1.2329227
461,-0.36819875,1.7235839,-0.46414232,-1.2472184,-0.17295015,0.2232877,-1.555612,-0.42021,0.8243412,-0.33803022
462,-2.4967918,-0.2317015,-0.25051916,0.4268844,0.564663,-1.6558056,0.60860157,0.6341809,-0.41602704,-2.436252
463,0.56102574,-0.53908837,0.25756824,0.77815163,0.5068027,-1.328331,-0.90837777,0.34529212,-0.21472436,-1.3068486
464,1.1984515,-0.007763386,-1.0369126,-0.17528658,-0.39645058,-0.6738069,0.59564924,-0.056640863,-0.49235308,-1.33809
465,0.07200909,-1.2213928,-0.3091824,-0.2572292,-0.44276112,2.9436822,-0.6050316,0.17108834,0.042484522,0.5557687
466,1.4905945,0.28318942,0.05725074,0.0820556,0.6322928,-0.44332397,-0.07638407,-1.0965865,0.33047748,0.37572014
467,-0.66993916,-1.2565898,0.35210192,0.6323817,0.74207884,-1.0625415,-1.1639382,-0.026578546,-0.7269006,-1.7162008
468,-0.432984,1.6855474,0.7470069,-0.85728455,-0.89770955,0.5898455,-0.5487406,-0.08471191,0.5223272,-0.66193926
469,1.2131766,-0.37345564,-1.5731326,0.2500673,1.321887,-0.6415435,0.026395023,0.7646941,1.3603605,0.08508134
470,-1.0868632,1.3505499,-0.72470415,1.4413319,-0.4705221,0.056758523,-1.5861529,-0.39704764,1.2627846,0.16911602
471,-1.1532272,-0.8921901,1.1551344,0.47696412,1.3695807,-0.8218186,-0.5467459,0.44857904,0.4067725,-1.8819408
472,-1.4575397,1.370244,2.0994487,0.1021443,0.75065583,0.6469095,-0.23395723,0.969545,0.6152469,0.85010684
473,0.95120454,-0.17508757,0.41069305,0.017969012,-0.46046242,-0.06796813,2.0179489,-0.03213972,0.1830821,-0.9686828
474,-1.1972514,-1.1838089,-0.6512946,-0.570045,1.041908,-0.5766486,-0.27110443,-0.16571784,0.611722,-2.4009886
475,1.218499,0.33563626,0.1781044,-0.226502,-0.020394683,-0.6674777,1.9024072,-0.13805985,0.0033991337,0.18843853
476,0.72604305,-0.85401785,-0.36617553,0.075920016,0.33354336,0.22134423,0.5567541,0.680781,-1.193996,-1.2142364
477,-0.62638485,0.92467123,-0.7045077,1.2982588,-0.46009862,1.1727852,-0.58410645,-1.4606054,-2.1070008,0.16153419
478,0.6200584,-1.1014863,0.6051543,0.5959946,0.26565844,2.2130146,-0.7265482,0.3825402,0.40795422,0.67284214
479,-0.642377,1.6252947,1.5523196,0.1220161,-0.5168352,0.10117328,-0.65760213,-0.003678739,0.25349426,0.2955991
480,-0.5600797,1.3477099,0.3736658,0.61350226,-0.60121745,0.7793685,-1.0660751,0.2399849,0.9835508,0.021843791
481,-1.5604306,1.0526725,0.41259944,1.5827104,0.8319743,2.1641645,0.99718654,-0.6280527,-2.5885482,0.7720114
482,0.20581472,-0.103945136,0.54696715,-0.2039583,0.19260311,0.46742833,0.9416208,-0.7073213,0.21360046,-2.356371
483,0.8564937,-0.14622128,-0.21814585,-1.0263579,0.20405859,-1.1496592,1.0481056,-0.5554788,-1.6633033,0.65463614
484,1.2339079,0.35690963,-1.0960003,-1.0178441,1.251446,-0.034896135,0.38689375,1.0631952,-0.24518323,-0.20513213
485,-0.61322534,-1.2185384,0.07043934,-0.09109278,0.84090847,-1.2703204,-1.7602226,-0.37716353,-1.2575537,-1.2881539
486,-1.3041655,1.1612759,-1.2126182,1.0975933,-0.6554904,0.55793756,-1.0916957,1.0127678,0.20586932,-0.11764896
487,1.0887918,-0.54875386,-0.7317084,-0.8843001,1.2124588,-0.82114637,0.8424585,-0.6807215,-1.3405755,1.1620253
488,0.9602608,-0.6171156,-1.227975,0.5701672,0.20073515,-0.19164574,1.0792358,1.0728371,-0.30568546,-1.0685513
489,0.4432205,-0.685773,0.35687232,0.27243358,-0.46485978,2.1466434,-1.2545366,0.5179974,0.5150784,-0.08193648
490,-1.2052342,1.1522386,-0.022237062,1.0397416,-1.1782088,0.60821164,-0.43118343,-0.44931412,-1.8228662,0.27101564
491,-0.457121,-0.88420975,-1.0109996,0.7796869,-0.16501603,-1.9554405,-1.2465734,0.5982903,-1.4381433,-1.3193221
492,1.5992342,-0.00695312,-0.35733998,-0.71579987,0.25460064,0.16388392,0.22983557,-0.29104382,-0.6672728,0.17106235
493,-2.811327,0.9572253,0.90253204,2.8938773,1.0864067,0.68769765,0.24708927,-0.31375927,-2.1235409,0.5662452
494,0.76400864,-0.74719656,1.6325233,0.04813394,-0.103152126,-0.42094696,0.97958004,-0.7134297,0.36135125,-1.2735946
495,-0.5189966,-0.3945676,1.9793385,-1.9525948,-0.98812085,-0.19581187,-1.7745335,-1.3154318,0.65904677,-0.5878864
496,0.63152874,-1.1917764,0.39216828,1.1846682,-0.19545528,1.8251493,-1.0023571,-0.57404196,0.37225306,0.5993694
497,-0.3790382,-0.46612394,-0.6944462,1.024129,0.14806724,-1.8989549,-1.0790085,0.49283493,-1.1876184,-1.3545582
498,-2.8780818,-2.475964,2.0900414,-3.0144508,-1.414974,-1.0890973,-2.4908369,-3.3385117,1.8010112,0.5677664
499,-1.8008252,1.5260152,1.4005749,-1.2892902,0.24357456,0.6938946,-0.02162522,0.6780455,1.2708343,-0.24054444
500,1.0770802,0.21592331,-0.5663276,0.62639177,-0.2984174,-0.29478157,0.86131275,0.7505411,0.082084656,-1.1937009
501,0.65343547,-1.1582323,-0.89365685,0.66139394,0.8482029,-0.24890018,0.32823384,-0.17476058,-0.7629311,-1.2885708
502,-0.34329653,-1.2209216,-0.47518122,-0.045990705,-0.53816307,0.529919,0.09826219,2.0236516,1.4262904,-2.3293347
503,0.5941757,-0.6955956,-0.39454305,0.46623635,0.4044491,0.43598056,-0.20936444,0.07368392,-0.8468118,-1.5569024
504,-1.227003,1.6292275,-1.7264067,0.3829491,-0.6333785,-1.1726854,-1.1205013,0.07632673,1.8276933,0.42239654
505,0.810799,-0.7633101,0.11154008,-0.24982916,0.17351404,-0.8902502,1.0272872,-0.41017997,-2.241116,0.70711887
506,1.4216192,-0.09479344,-0.47160447,-0.28812382,0.75438255,-0.12672949,0.70026064,0.053499937,-0.32064515,0.54970753
507,-0.656047,-1.4206978,-0.34969294,2.4896016,0.55584836,-1.5734267,-1.5809182,-0.25903773,-1.1707296,-0.8019128
508,-1.9078914,-0.8503829,-0.4204619,-0.503687,0.7267062,-1.4519529,-1.7215068,-1.4974282,-0.2125336,-2.0124903
509,0.25346673,-0.6030799,-0.66540825,-0.15800984,-0.74128306,-1.0737917,-1.3307574,1.6419883,-1.0593134,-1.4203384
510,1.3887568,-0.08399403,0.22278368,0.3008721,1.2180278,-0.21880877,0.2850523,0.48228896,0.9177884,0.8481177
511,1.292809,0.1367625,0.6583142,0.34803277,0.05539635,-0.6286025,0.94161606,0.11913741,-0.52176136,0.4110428
512,0.93731356,-0.27999032,0.43539333,0.75243044,0.8314691,-0.1856134,1.260051,0.72149694,-1.5052834,0.20512688
513,-1.9182879,-0.8592814,0.8711167,-0.22282957,1.0080061,-1.8456969,-0.68302125,-0.8568406,-0.8905669,-1.855484
514,-2.0336523,1.0292685,-0.2557155,1.0012642,0.15639275,0.32259727,-1.2295204,-1.0250413,-1.7217443,-1.218523
515,0.1351713,-1.9097058,-1.3163654,0.4205277,0.99223596,0.98140657,0.76591074,2.3085582,-1.2813056,-0.9442733
516,-2.6170506,0.8170362,-0.08960903,2.6505873,-0.46509472,0.32913518,-0.33039135,-2.57683,-1.7477542,0.3107785
517,-2.1045198,1.5000488,-1.0139042,-0.38494474,-0.56612504,0.039655566,-0.5870303,-0.36354136,1.0649327,-0.021489143
518,0.39480627,-0.72303164,-0.7277025,0.49595886,0.12173614,-1.2499547,-1.1816051,1.4117227,-0.034856975,-1.4767174
519,-1.1583062,-1.9296094,-2.914905,-0.6918201,-1.3725483,2.5506132,2.1765728,-0.03549719,2.3366337,0.26440847
520,-2.383833,0.7837125,0.8788904,2.1370497,0.5919899,1.4577222,0.7064562,0.20991343,-2.1768494,0.5151849
521,1.1047859,0.018689513,-0.24848962,-0.5795358,1.2640104,-0.881855,-0.041335106,-1.2056448,0.3485657,0.6826316
522,-0.7582325,1.3966529,-0.68373215,-0.53754544,-0.9349224,0.64586407,-0.8051024,-0.07717538,-0.7042049,0.21105158
523,1.2252141,0.19782698,-0.16768444,0.46004725,1.0294323,-0.47049522,0.11507571,-0.82283115,0.5017078,0.6798949
524,-1.7317804,1.6091578,-1.0021137,0.61485595,-0.31935996,0.51103145,0.24546868,0.9321554,1.026858,0.4442624
525,0.060723186,-0.55092347,0.19366539,-0.2759744,-0.054417312,-1.2020898,-0.44780654,-0.17491573,-2.181651,-1.1652907
526,1.2648925,-0.09567225,0.14276993,0.20885605,1.1872165,-0.0194633,0.37809587,-0.66987705,-0.7232467,0.6128119
527,-1.5616022,1.0828185,-0.42171407,0.58963,-0.39581546,0.4485482,-1.6609038,-1.0753822,0.66144454,0.6868328
528,1.2214587,0.26532018,0.9204587,0.6205319,0.6783573,-0.6425737,0.8671062,0.24840653,-0.5623817,0.3208449
529,-0.24976385,1.5552499,0.96100163,-0.79706013,-0.63392854,0.53780997,-0.96141267,1.0856948,0.39367735,-0.1403166
530,-1.5360328,1.8850938,1.2543828,-0.587471,0.44520712,1.0075622,0.4560368,-0.9187331,1.6882805,-0.19456899
531,0.8168355,-0.7953781,0.33084548,-0.20372689,-1.2165341,2.0580459,0.5154263,-0.19339615,-0.73254716,0.90015686
532,1.4134274,-0.21869767,0.016121745,-0.5733342,1.4842563,0.36099875,0.1270417,-0.7940662,0.65665424,0.11667836
533,1.1804476,-0.44305027,0.5233638,1.3661809,0.7619721,-0.012614489,0.4338982,0.11709046,-0.92926764,1.2592825
534,0.8365438,-1.2447034,0.31387162,0.6354724,0.01575172,2.2609081,-0.15074164,0.4620195,0.58448136,0.93475306
535,-1.4090995,1.5962982,0.6661501,0.93496096,-0.19388244,0.07895255,-0.16928405,0.9721548,0.37685835,0.14521563
536,0.2870468,-0.11818087,2.4330063,-1.7619295,-0.8739138,0.11052346,-1.2913171,-0.94857955,0.28412735,-0.67916995
537,0.43244648,-1.1116198,0.18769133,0.8467457,-0.19825116,2.6440082,-0.30391902,0.73558366,0.38871384,0.7942151
538,1.1100283,-0.61743486,-0.2916931,-0.17294948,0.93701154,-0.77933776,0.97186077,-0.72058046,-1.332239,1.0926186
539,-1.4125797,1.3163552,1.6394831,-0.8203043,0.67817545,1.2118462,-0.4496311,0.9993212,0.41355717,0.45437014
540,1.5054824,0.787001,-0.45123112,-0.46703106,0.46098405,0.14569521,0.35707724,-0.074500024,-0.112725854,-0.5318476
541,1.0252922,-0.8595725,-0.75357354,-0.27056202,0.4027033,-0.22998047,0.5850456,-0.2621299,-1.1941406,-0.91947955
542,0.5482415,-1.1084646,-0.52740395,0.8881103,0.50240254,-0.27685142,-0.18519023,0.9608717,-0.84951264,-1.4720124
543,0.54723823,-1.4783276,-0.27619576,0.06618941,0.056600034,2.2464955,-1.6775044,-0.59157526,1.5925711,0.5059961
544,-1.9235069,0.7406037,-2.1587572,2.1036403,-0.99852216,0.2558,-1.0178025,-0.67362857,-1.6231877,0.39578617
545,-1.2469085,1.4558783,-0.49634588,1.3544025,-0.2517378,-0.40638363,-1.4211799,-0.81757843,1.1764024,0.18580472
546,1.1783588,0.24001586,-1.0479039,-0.38266736,0.44176668,0.30598903,1.0077507,0.98087245,-0.9410884,-0.9818179
547,1.4483854,0.558401,-0.07100332,-1.4005079,0.52419275,0.0819819,0.70459247,-0.30061316,-0.33084744,0.67246234
548,-2.244567,0.9615433,0.1902231,1.2297592,0.43989128,2.2089233,1.1107713,0.066301525,-2.0212185,0.93084776
549,-0.98414695,1.5444707,1.6077666,0.10145205,0.32019717,0.07708299,-1.3259648,0.7110002,0.29612982,0.4581828
550,0.1494106,-1.9790832,-0.36017168,1.6360142,0.25270957,2.3528829,-1.3364697,-0.5567138,0.8386297,1.431122
551,-1.1566907,1.1944969,1.2448509,-0.9283699,-0.032890946,0.943252,0.2943148,1.9011241,0.22783267,0.41147375
552,-2.323719,-1.1412393,-0.8063494,0.1530413,1.4311731,-1.6487389,-0.45934424,-0.2974118,-0.5419885,-1.8552189
553,1.3550788,-0.736096,-0.496266,1.8569746,-0.07203099,-1.0537031,0.74930406,-0.32039762,0.47887743,-0.11995411
554,-1.5630914,1.5007412,0.17491567,0.84014106,-0.6775906,-0.012108326,-0.80397624,-1.4755311,0.5984286,-0.24018085
555,0.30677795,-1.5958396,-0.2740295,0.41643488,0.23995966,2.3881512,-1.0498157,-0.030483007,0.10841614,0.9017316
556,-1.7467498,1.2466975,0.041343093,1.0196702,0.04483682,0.62909114,-1.2674078,-0.6323335,0.5325924,0.84746873
557,1.3045709,-0.34514153,-0.68111336,0.6811633,0.8232568,-0.37352824,-0.41300848,-0.41000366,-0.643831,0.2349447
558,1.4290099,0.3519355,0.63734037,-0.60253376,-0.4016288,-0.6376089,1.4994833,0.21112376,0.5376916,-0.19853401
559,1.5564629,-0.08575976,-0.68653905,-1.0959022,-0.03625205,0.42822254,-0.022456527,-0.3676045,-0.2635254,0.28445828
560,0.6052339,-1.3017241,0.4998716,1.5604159,-0.8897548,2.416951,1.4671738,0.7633605,-0.052630782,0.52468383
561,0.5031123,-0.86577284,-0.9982039,0.19812089,0.02726689,-1.1481116,-1.0018251,0.91319263,-0.42290977,-1.481684
562,-1.1579758,-0.7830335,0.67264557,-0.72538424,0.50855404,-0.9277997,0.3629955,1.8609217,-0.20466298,-2.2227685
563,-0.97976506,-0.98900855,-0.65366924,0.07476437,0.16391408,-1.3491516,-1.8667,-0.5387324,-0.7822803,-1.6957808
564,1.4053326,0.39540088,0.2831018,-1.5240507,0.821413,-0.08023763,0.20222086,-0.32678962,-0.58235574,0.27772224
565,1.1734469,0.27652276,-0.5351472,0.67249537,1.8436844,0.21824402,0.8984505,-0.040186644,1.0164028,0.96934116
566,-0.020059466,-0.22863281,1.8959554,-1.5566652,-0.63805676,0.37105906,-1.2987105,-1.6869683,0.8333205,-0.4600103
567,1.3113748,0.05402112,0.66336024,0.13295645,-0.9330176,-0.44989657,1.356444,0.650689,-0.73764145,-0.16178787
568,1.2039945,-0.059020758,0.6050448,-0.0043329597,1.3905141,-0.52637506,0.055766582,-0.35934615,0.45930493,0.81911004
569,0.53596616,-0.38975298,0.30205154,0.38324696,-0.09377098,-0.28152227,0.44808674,-0.1712634,0.041767955,-2.0949244
570,-1.4346069,-1.1864458,2.3060915,-2.4525208,-1.1610968,0.085103035,-1.9260757,-2.4474714,1.247861,0.018987775
571,0.7426379,-0.59446347,0.6278677,-1.1681857,-0.7498051,-0.5007409,0.69582653,-0.7584231,-1.4996698,-0.81376743
572,0.45694077,-0.29947412,0.40270078,0.20788586,-0.113186896,-0.62835157,-0.03662306,0.064211786,-1.6317232,-1.3483789
573,-0.88846505,1.1925128,-0.23150611,0.44687164,-0.9066688,0.96334636,-0.5813767,-0.7642435,-2.0631995,0.18406832
574,1.5265198,-0.32662117,-0.6240674,-1.0199273,0.78548044,-0.4280038,-0.35786065,0.1333375,1.1786326,0.4147917
575,-0.8202926,0.53794897,-3.012618,-2.6654255,-2.0385032,0.17432666,0.317397,1.2412488,-1.198628,0.35846055
576,-1.1718582,0.83073753,1.3562572,-0.95620847,-0.88859516,0.3992203,-0.6011249,2.1174676,-0.0831694,1.2092253
577,-0.45457828,1.5983577,-0.10011101,-0.22010174,-0.21356569,0.47177398,-1.4332917,-1.0546923,0.31083536,-0.33496714
578,-0.017872214,-1.0106288,-0.60052645,-0.068418235,0.9322254,-0.41053915,0.015366852,1.3397174,-1.646345,-1.5135474
579,1.4496613,-0.60024893,-1.7225348,-0.22088285,1.0724525,-0.061549664,0.095388114,-0.49010468,1.290727,0.140275
580,0.051346183,-0.25012028,0.29599094,0.68967366,0.48362452,-1.8547132,0.72950685,0.078959346,-1.5560606,-1.0819129
581,-1.8447596,1.5452919,-1.2133158,-1.1110544,0.06867659,-0.30542946,-1.6115416,-0.93888724,1.042806,0.6567818
582,-1.1068751,1.3901894,-0.08992696,0.72689867,-1.0654786,0.2893002,-0.5980577,-0.084083736,-1.3723764,0.17433894
583,0.0927012,1.4557824,0.6144769,-0.118089005,-0.7481997,0.8369154,-0.9565977,0.8034176,0.77494967,0.18556106
584,1.3615699,-0.17714334,-1.175335,-0.36680636,0.9981989,0.17747521,-0.11963737,-1.1619601,0.27626038,-0.09600115
585,1.4113145,-0.17942488,-0.15855634,-0.030753165,1.280613,-0.1881274,-0.17589533,-0.5759208,0.48376238,0.87121594
586,0.8284311,-1.0805146,-0.53411233,0.7582102,0.67265457,0.14665365,0.3293532,1.0529096,-0.40732813,-1.351789
587,0.2222799,-1.1724561,0.0094765425,1.2723722,1.1531522,0.13298714,0.89385116,1.4135498,-0.58271456,-1.4363434
588,1.0280237,-0.71927965,0.032208323,0.64633375,0.38526255,0.2653877,0.17840785,-0.87062335,-1.0908294,-1.0994033
589,-0.8492433,-0.9196845,0.08593595,-0.14053053,0.2781195,-0.27644324,-1.209192,0.5988523,-0.530676,-2.1099184
590,1.4012723,0.4054879,1.0555454,0.57268,0.36808556,-0.41567898,0.9067943,0.17878366,-0.018218279,0.3398956
591,-2.8534284,1.191662,-0.24954474,2.332363,-1.294395,-0.97572756,0.36505365,0.017516017,1.3701757,0.74885213
592,1.1411399,0.65802276,0.13056505,-0.83024424,1.7142544,0.13322341,1.0285416,0.52233756,0.08241689,0.60135865
593,1.4146041,0.31454217,-0.06408775,-0.7918416,1.0909896,-0.6022272,0.064792514,-0.56520426,0.46607363,0.96218646
594,-1.569327,1.6078178,1.6821897,0.54077166,0.3138613,0.3052212,-0.076058626,0.7974746,0.4191333,0.66276705
595,1.4348418,-0.31659997,-1.8031343,-0.37763792,1.0605779,0.21117836,0.24650258,0.24936545,0.8583981,0.082543015
596,0.92364776,-1.0052401,0.05922258,-0.35000673,-1.1236522,1.7626865,-0.7326605,-0.16637528,-0.5544225,0.9356643
597,-0.67035496,1.4901325,-0.33331168,0.16814682,-0.85104,0.4840681,-1.1757536,-0.52669334,1.2877282,-0.4815551
598,-1.577406,1.1882981,-1.3018445,1.7817857,-0.22960383,0.5009348,-0.3090525,-1.1620202,-2.2560287,0.56252944
599,1.196204,-0.29882777,1.2482094,-0.3622001,-0.09306054,-0.92609715,1.9298921,0.6099918,0.29739773,-0.24817777
600,-1.2112614,0.7316246,-1.9046499,-2.9301364,-1.5617077,0.66466284,0.762239,1.1085927,-0.9670217,0.41667867
601,-0.13536108,-1.373859,0.24355996,2.2809792,0.83729273,-1.2307601,-0.4417675,-1.2927167,-1.3510549,1.105105
602,1.2690637,0.11504698,0.47491747,-0.04391402,0.56896716,0.04246378,0.6883147,0.34528744,-1.3286837,0.31154335
603,-1.8637391,1.1715779,-0.7893754,0.14429224,-1.0559971,0.33733422,-0.6176036,-0.06185341,-0.86061335,0.90869725
604,1.2336476,0.35516953,-0.649902,-0.09298536,1.3593483,-0.0019659996,0.39201522,-1.1988056,0.16079497,0.743425
605,-0.11249697,-2.072112,-1.791668,-0.82827926,1.3895192,-1.2040751,-1.1324039,-0.49680865,-1.4543319,-1.1445395
606,-1.6732603,-2.4610333,-4.784754,-2.7329786,-0.90161985,2.635211,1.9311111,-0.7646718,2.3181734,0.45442045
607,-1.789044,0.97590405,-1.3595301,1.5751033,-0.62581027,1.2257297,0.013881624,-1.0822204,-1.9219952,0.19553971
608,0.07384658,-1.4795758,-0.4633726,-0.23185208,-1.1679895,2.8082733,-0.10864955,-0.71651185,0.44006252,-0.25522804
609,0.8372737,-1.3140403,0.4280715,0.51448226,-1.0433917,1.964145,0.12096405,0.78656185,-0.30403757,0.54780483
610,-1.6604844,-0.9382354,-0.17017865,-0.44400388,1.5149066,-0.9985733,-0.84159386,0.398588,-0.30878,-1.9587348
611,-0.99978626,-1.4658343,-0.14189434,-0.8137226,0.030011714,-0.611747,-1.451337,-0.019177258,-1.4093711,-1.760117
612,1.5231274,-0.23580563,-0.40450132,-0.59827656,0.6709135,-0.23819971,0.4358325,-0.9523649,0.02815634,0.60406864
613,-0.40905416,0.15689087,0.6884496,-0.21829629,-0.09202415,-1.1924765,-1.1388335,-0.12559962,-0.6193351,-1.9039884
614,0.6300421,-1.0152556,0.68622935,0.4247489,-0.6855433,2.3969927,0.8438567,-0.3583926,0.34915292,0.24425209
615,0.7459153,-1.7227031,0.03809023,0.15061185,-2.1901512,2.2962852,1.5111859,0.07055688,-0.004629612,0.11467731
616,0.4419136,-2.072156,-0.45322526,0.56655496,-0.48388785,1.9920162,-1.3014214,-0.81504345,1.2124436,1.1330935
617,-1.3330568,1.425438,-0.35737562,-0.44867215,-0.059077024,-0.055662513,-1.690596,-0.23430288,0.46782482,0.79251206
618,0.45766103,-0.17203999,0.08915448,0.35333073,0.12442231,-1.068337,-0.5880778,0.85288405,-1.2432879,-1.3597854
619,0.011945605,-2.2553535,-0.038147092,1.1718916,-0.60701966,2.4417968,-0.45538968,-0.34527528,0.6654843,1.5050634
620,-1.449524,1.4925708,0.3366238,-1.1005281,-0.9015672,0.9367919,0.8567022,0.880384,-0.5031725,0.15667522
621,-0.5883709,1.7211301,-0.6403991,-0.7205135,-0.1853547,0.049206734,-1.6278573,-1.1246896,1.0033094,-0.2304138
622,-0.7694675,1.212166,-0.24555719,-1.4209769,-1.2061303,0.5986583,-0.7919389,0.5319702,-0.83614266,0.2955649
623,-0.53486073,-2.178423,-0.9086424,-0.21564955,-0.7952618,-0.6983149,0.805467,1.6105642,2.2380052,-2.2691329
624,-0.62110054,1.82638,-0.72206414,0.028388143,-0.6953142,-0.5720812,-0.96492356,-0.81027865,1.6700252,0.046355367
625,1.1262832,-0.7145287,-0.5069109,0.28156906,0.030915618,-0.24522877,-0.07871592,0.50479037,-0.3989301,-1.2671964
626,1.2001325,-0.312868,-0.15275848,0.43004256,2.0487778,0.28341508,0.3701589,0.15879738,1.2744485,0.4031043
627,0.2069875,-0.32331812,-0.46298444,0.13323352,0.580607,-1.316145,-1.5724498,-0.35269177,-2.0530157,-1.0192137
628,1.1386173,0.39721227,0.5647479,-0.30199683,-0.51635104,-0.52686954,1.7912529,-0.860163,-0.59019095,-0.40982133
629,-1.3920246,1.0262094,-0.26823318,1.565459,-1.4393253,0.32157373,0.14040732,-0.69256735,-1.5636009,0.9540812
630,-1.6862539,1.5110562,-0.94420683,-0.8021289,0.2880563,-0.069487095,-1.8198258,-1.2862189,1.3722991,0.7091898
631,-0.9145149,1.731719,1.1288577,-0.10108253,-0.51817113,0.60304403,0.30159736,-0.30319893,1.3248044,-0.42734236
632,0.61328554,-0.6721841,1.1123686,0.298155,-0.57227534,0.6929505,-1.0880764,0.38504046,-1.2250808,-0.9775163
633,-0.66837084,1.4045624,-1.5537003,0.30624282,-1.1162658,-0.080147505,-1.2218323,-0.1716522,0.08344996,0.46330893
634,0.2928387,-0.8577701,-0.702922,-2.6906536,-1.949528,-1.5764115,-0.72122186,1.3466289,3.9522996,0.8493825
635,1.0717523,0.15350926,1.0120957,0.06716719,-0.6789377,-1.4340391,1.7379375,-0.48704207,0.26214713,-0.43847257
636,-1.4445568,0.8505385,2.4505644,0.6955919,0.22512144,0.9761175,0.8154433,1.3261691,0.072965264,1.5563873
637,1.2140968,-0.054302454,-0.8731495,1.751126,-0.37410802,-0.7179017,0.97354615,-0.6512742,-0.760764,0.004616499
638,1.2811599,0.06400478,0.061281323,-0.10035287,1.348208,-0.5931368,0.19587952,-0.5793226,0.4112867,0.8929421
639,-1.0697266,1.4094744,1.4350487,0.56428653,0.95045096,0.16817021,-1.5459183,0.8993459,0.79373753,1.0491096
640,1.1431099,0.20745373,-0.8497211,-0.114172176,2.0569928,0.14304662,-0.080204725,0.51239073,0.12675774,0.42117524
641,-1.0159394,1.3099545,-0.34910905,0.86616457,-0.7332743,-0.11926699,-1.9046817,-1.2379701,1.8443328,-0.13375103
642,-0.7559525,1.1940557,-0.26185358,-0.78675157,-1.9004016,0.46259224,-0.38716108,1.4545041,0.18959856,-0.12891638
643,-1.2301394,0.07194924,-0.2661463,-0.35637376,0.300672,-1.191567,-0.017108917,0.6832646,-0.49635336,-2.0177774
644,-1.249694,1.7541672,0.32883227,0.38894093,0.20459223,-0.08857763,-0.93268526,-0.5377513,0.9280919,0.76916254
645,0.9514917,0.17079961,-0.6663443,-0.9830412,1.2044029,0.38815337,0.89253855,0.6974381,0.42089987,-0.8934268
646,0.83085597,-0.7303463,0.03262806,0.7237284,0.14316162,2.3268502,-0.23097187,0.41524813,0.61107576,0.8444656
647,-1.8490473,-1.2374381,0.198645,0.31687236,1.0247266,-2.0450385,-1.5352652,0.096206546,-0.34681046,-1.9265722
648,1.4305418,-0.13411736,0.15336597,-0.58770263,1.1052232,-0.26683378,1.0377595,0.20362669,-0.0054603815,0.9237133
649,0.96082234,-0.15876305,0.5328949,1.0959781,2.0271137,-0.75270176,0.25866663,-0.3872435,0.23245972,1.2756675
650,0.4406172,-1.6191789,-0.04129374,0.8514478,0.76350707,2.5663764,-0.42622775,0.41822428,0.3556429,0.9994682
651,-1.431945,0.8914397,1.219542,-0.02085051,-0.37116665,1.1015254,0.11120856,2.085363,-0.84919894,0.6938559
652,0.33288324,-0.9518229,0.7264206,0.4853195,0.05402237,2.6696663,-1.0113897,-0.3185531,0.06624496,0.99096024
653,0.16480005,-1.4129678,-0.49267697,0.5061306,1.0325127,0.5424689,0.9353012,1.9134535,-1.1059895,-0.8526795
654,0.25043917,-1.0589572,0.5112674,0.00032618642,0.062487274,2.7543855,-0.8726751,0.21819794,0.12975466,0.69423485
655,1.4280742,-0.024814487,-1.3415829,-1.0342112,0.47072113,0.22409707,0.45593858,-0.7560551,-0.06587309,-0.19668591
656,1.3800691,0.1365416,-0.2156465,0.064361036,1.1398947,-0.25871634,-0.54338247,-0.90111613,0.24063838,0.71618235
657,-2.2592092,1.4311644,-0.7403375,0.55024254,-1.1018379,-0.5192419,-0.16036445,-0.28218538,0.8143629,0.09818375
658,0.45824778,-1.3081969,0.43283093,-0.01549682,-0.81709933,2.8181949,1.0083811,-0.1261087,0.08182573,0.4806317
659,-0.6169065,-0.9402052,0.2193973,-0.07061544,-0.123996615,0.5033401,0.7989484,1.0717019,0.79622626,-2.5742264
660,1.1588929,0.33260942,0.03978145,-0.7404212,0.3914442,-0.68842757,1.3249005,0.19087958,-1.2925167,0.5527563
661,1.1262902,0.09269345,-0.88916457,-1.1737438,1.5136492,0.2638166,0.8860643,-1.7286949,0.7233912,0.64793766
662,1.5217957,-0.095333576,0.26948333,-0.75310147,0.8266017,-0.5611894,-0.19272676,-0.656307,0.4686507,0.65110505
663,1.4606851,0.40162265,0.49356437,-0.42126948,0.9192392,-0.008232355,-0.098002076,-0.29670662,-0.47055396,0.46751332
664,-0.7584249,-0.69297945,1.9406238,-1.8923293,-0.77207273,-0.119295835,-1.1475728,-2.0247712,0.30993593,-0.35340327
665,1.2151479,0.38211334,-0.04938042,-0.15308885,0.9217127,-0.62922096,0.12970912,-0.63716245,-0.5949296,0.716138
666,0.38340747,-0.71822226,0.6786001,1.0809526,0.39496815,2.870683,-0.43859673,0.44930285,0.65655935,0.4484266
667,0.40613353,-0.6795043,0.7427919,0.12244928,0.079129934,2.4998665,-0.86716115,-0.4718989,0.5418166,0.52380407
668,-0.8549298,-0.43341553,0.84613425,-0.14101131,0.6025954,-0.70182514,-0.123521686,-0.39226723,-0.22318792,-2.0553513
669,1.4474006,-0.08079994,-0.0393008,-0.42236164,1.1461253,-0.37694287,0.15241498,-0.21920723,0.46453047,1.2455779
670,1.5286512,0.27746582,0.86433387,-0.62765265,-0.2054845,-0.77879477,0.28364086,-0.10679811,-0.6606017,0.2404213
671,-0.7559496,1.6241655,-0.760574,-0.3353485,-0.04584405,0.19030476,-1.6173872,-0.59875834,0.07423818,0.25287807
672,-0.68303335,1.6380975,0.5956086,0.6111633,-0.35644907,-0.2241261,-0.9847929,-0.7904258,-0.1222235,-0.039235353
673,1.4441531,-0.35747564,-0.5225636,0.0028960407,0.007769704,-0.7960906,0.335764,0.07028395,0.1839096,-0.4277135
674,-1.2076327,1.2772199,1.0610268,1.2157147,-0.16317679,1.398067,-0.2398076,0.116741836,0.7951778,0.34562218
675,-0.84397185,1.4237858,-0.75632966,1.2893114,-1.012476,0.7202338,-0.3080604,0.21518025,0.53569424,-0.20450604
676,-1.3331825,1.0026517,-0.498448,1.409601,-1.0435781,0.95438844,-0.7596225,-0.48814094,-1.4386749,-0.0909425
677,-2.291881,0.44072092,-1.4817601,1.5172884,-0.29398927,0.6021956,-1.0978928,-1.6155994,-2.5989165,1.7622141
678,1.4534869,0.3896469,-0.53111506,-0.1541613,0.60748416,0.050971508,0.6412847,0.54830694,0.055713534,-0.3752113
679,1.2886202,0.15396464,0.13864028,-0.5189524,0.27762938,0.17911088,1.2704232,0.23156828,-0.59381443,-0.51302195
680,1.4799876,-0.17067087,-1.1687785,-1.2571273,0.75165814,-0.38367867,-0.55568814,-0.12680751,0.017399311,0.058181763
681,-1.7899758,0.9730066,2.617342,-0.31395623,0.25593734,1.0592693,0.62996054,0.7869839,0.3308946,1.7868103
682,1.1916882,-0.0010046959,-1.3849851,-0.14678267,1.5767765,-0.013965368,-0.76493466,0.29610488,0.3837993,0.21975672
683,-1.4452733,-0.3120979,-3.7180214,-1.7343695,-2.4565032,0.85131115,0.4923842,0.9672196,-1.5700619,0.91322005
684,1.5077556,-0.0052007437,-0.07781327,-0.8690506,1.0176787,0.12174666,-0.16535395,-0.002020657,0.5770289,0.6634129
685,0.45711005,-1.3742064,0.73610437,1.1314886,-0.5648516,2.4709861,0.53001416,-0.37217116,0.22986853,0.36120915
686,1.1763699,-0.23165333,-0.5390525,0.32339317,0.43971807,-0.34351277,0.24281675,-0.3648796,-0.5622954,-0.96164536
687,0.79880226,-0.75770056,1.026906,-0.26747605,-1.0954039,1.8102973,0.02586174,0.28742397,-0.6168903,1.1521133
688,-1.9098841,1.2708591,1.5959134,1.3765526,-0.1806841,0.37712038,0.80544186,-0.07687241,2.3192997,0.6014823
689,1.3398402,0.10204518,-1.2882615,-0.9180424,1.2201033,-0.07907033,0.23996639,0.74906397,1.1134592,-0.2063669
690,1.3850431,-0.12747896,0.32289946,0.47510016,0.9165446,-0.30650902,0.14526391,-0.376549,-0.13385117,1.1127592
691,-0.49955595,0.8228776,-0.37177122,0.74106145,-1.5703697,0.9001393,-1.2630261,0.18931714,0.099161744,0.22337472
692,-1.3599979,-0.4475242,0.07783258,-0.8111776,-0.18877372,-1.0515738,-0.1997599,0.4747073,-0.90635574,-2.1346996
693,-1.7053987,1.2537278,1.4260992,0.9838369,0.28882498,1.2253007,0.68034935,0.015532076,0.036168754,0.7791382
694,0.8687026,-0.48964107,-0.3382157,0.52372915,0.88712984,0.035685897,0.9399967,0.50955105,-1.172415,-0.9239867
695,1.3659748,0.5562782,-0.099791765,-0.031577885,0.81658024,-0.17160547,0.6785294,-0.22265089,-0.94233114,0.4589007
696,1.2312809,0.30900288,-0.4109136,-0.021209836,0.3350824,-0.36313796,0.99359775,-0.5034287,-1.2178497,0.04102552
697,0.39890087,-1.5949844,0.107518435,1.6318514,0.069829315,2.1328926,-1.1508913,-0.07918513,0.50762904,0.87825215
698,0.74389327,-1.2439505,-0.15055001,0.32998902,-0.18947,2.0271132,-0.8242248,0.48740736,-0.013975024,0.70179033
699,1.3056464,0.5069747,-1.234006,-0.33466884,0.9658943,0.29157567,0.97499967,0.07425189,0.29439986,-0.21586049
700,1.4125955,0.52733743,-0.32713783,-0.41634932,0.5611735,-0.4875059,-0.14770761,-0.6554227,0.27172852,0.67456865
701,0.28240108,-0.7686187,-0.18027818,0.71032846,-0.4603464,-1.1785367,-0.385139,0.91057473,-0.29794353,-1.7382833
702,1.0811695,-0.11331701,-0.3826784,1.0356287,2.050716,-0.35704076,0.1911515,0.47230005,0.9490845,0.6254705
703,-1.446885,-1.8139807,-0.27366936,-0.28988644,0.61160725,-0.8824756,-0.30637026,0.74149066,1.3912948,-2.4149804
704,1.387513,-0.5833384,-1.1369134,0.2891649,1.2563505,-0.24128687,0.110562444,-1.1120911,0.8025274,0.9427179
705,0.8354019,-0.71724546,1.0437496,0.15592247,0.78629667,-1.0335717,0.65538,-0.6576847,-1.4126365,0.6890665
706,-1.6822866,-0.19795907,0.29546416,0.9104426,1.2759106,-1.2780218,-0.40390134,0.09927577,-0.5429746,-2.0253596
707,-1.4752845,1.1446681,0.14440012,1.3258502,0.036024332,0.77654386,-0.33586174,1.278369,-2.1126168,0.06014526
708,-0.8778485,1.897872,1.6360385,-0.29901063,0.8088015,1.0513326,-0.29532656,-0.5925821,0.99473214,-0.7173674
709,-0.78002703,1.4442909,-0.4773451,-0.89858603,-1.0821044,0.5052135,-0.5091537,0.51095694,0.09117472,0.22105718
710,0.7596367,0.07361138,0.9111053,-1.0820954,-0.06528419,-0.03153932,1.8179011,-0.23296726,0.41437125,-1.8588877
711,-1.9071347,1.4635545,0.6127372,-0.97264,0.8784799,1.0375636,1.1142397,1.8059208,0.23153567,1.316238
712,-1.9480437,1.1962249,-0.05374658,1.0334269,0.10498813,1.558353,0.73680353,-0.6053494,-2.4771876,0.41572213
713,1.0727584,-0.22681725,-0.18233871,-0.65647125,-0.73724675,-1.4057863,0.7976047,-0.13627046,-1.3943889,1.1799594
714,1.375031,0.068181515,-0.7586957,-0.7527449,1.319027,0.15151137,-0.0668301,-0.06141472,0.2996713,0.2916535
715,0.8619021,-0.033838987,-0.49361432,-0.43896404,0.0619331,-0.18869257,1.7447395,1.7182046,-1.1568667,-0.40846688
716,1.2801611,-0.55047977,-0.19906795,0.006994456,1.2480826,-0.92482424,-0.43821016,0.11567712,1.300212,0.3059305
717,-0.47352874,0.9713453,-0.65513265,-1.040505,-2.4923606,0.45216024,-0.12999874,1.394747,-0.70719033,-0.1592362
718,0.30768335,-0.43110216,-0.67454326,-0.559309,0.21450114,-0.3243215,1.008011,-0.2810955,-0.5096598,-2.0082421
719,1.1461709,-0.3753134,-0.15949905,-0.541787,-0.41580653,-0.95667744,1.0428729,-1.4975615,0.0668273,-0.62215936
720,0.1276809,-0.58548343,0.09038186,1.0328548,0.5002936,-1.067488,0.0034028292,1.5318627,-1.3294791,-1.22259
721,1.5014814,-0.0111835,0.035524845,-0.84388137,0.43069315,-0.8693545,-0.65037775,-0.08978617,0.32388127,1.05765
722,1.4883558,0.030505896,0.28745282,-1.3721032,0.6427402,-1.07001,0.06518328,-0.2965243,-0.54857963,0.67626643
723,-0.7267629,1.2517736,0.59362257,0.27640206,-1.4724123,-0.08671427,-0.67462707,0.26072916,-1.4289242,0.6450094
724,-1.2090384,0.7492305,-0.67839015,2.4106708,-0.912337,1.5338926,-0.15096253,0.41265413,-0.6961621,0.0071493387
725,-0.50311625,1.6740811,1.7957613,0.0005632937,-0.21308783,0.5449197,-0.6979333,0.31616977,0.33896422,-0.11502421
726,-1.6439468,-0.07917297,0.5124602,0.9295336,1.3362615,-1.0996516,0.70292854,0.2007874,-0.5503306,-2.1329496
727,1.5535431,0.3251871,-0.42421544,-1.4541577,0.93167263,-0.06271553,-0.055649042,-0.36693895,-0.74716914,0.33274353
728,1.3928194,0.4151833,-0.5283052,-0.65530914,0.9536826,-0.17616928,0.03209442,0.53374654,0.9486327,0.3565241
729,-0.7674705,1.7836881,0.9683132,-0.5541759,0.5883688,0.6895035,-1.2570057,0.38035253,0.74617374,-0.5579865
730,-0.9725574,1.6650732,0.2375617,0.24959052,-0.07645661,-0.3057871,-1.504071,-0.684947,0.42652,-0.12324035
731,1.4711804,-0.5125319,0.15450025,-0.8907901,1.0331018,-0.28205705,0.06369245,-1.0517488,0.4787085,0.90848935
732,-0.60292304,1.6687164,1.549262,-0.20610082,-0.5844773,0.16985208,-0.46031922,0.33772796,-0.33557087,0.44623363
733,1.3586574,0.62726486,-0.7264408,-1.3026143,0.8998923,0.30868107,0.45635605,-0.74458146,-0.6654445,0.31618536
734,0.9731627,-0.48589575,1.0080018,0.43788254,0.6299798,-0.77700293,2.090446,-0.27546418,-0.35878497,0.36542737
735,1.3819054,0.17345488,0.113776565,0.07110697,-0.37856543,-1.0279608,0.4613415,-0.23996252,-0.6572081,0.67971766
736,1.1115801,-0.3203498,-0.25232756,-0.018823266,1.6410859,-0.7563479,-0.9048459,-1.1888459,0.24610204,1.0255803
737,1.2505445,0.4301355,0.30696285,-0.09113629,1.6134675,-0.029156208,0.06635821,-0.1435988,0.30355942,0.5428858
738,-0.33420336,-0.33475387,0.27261782,-0.04633063,0.41336983,-1.2619505,-1.0317763,0.16148949,0.11310738,-1.9517546
739,-2.1259022,-1.8190185,-1.0446078,-0.04225409,1.1846745,-1.8032956,-1.710314,-0.25345302,0.79761064,-1.7868046
740,1.2342465,0.5005163,0.6292206,0.24307,1.6573756,0.52671456,0.46863186,0.4002251,0.2554053,0.19190383
741,0.49197662,-0.8158332,0.5976629,1.0579646,0.4511674,-0.33650756,1.2158554,-0.7794986,0.3724786,-1.2950411
742,1.5581014,0.047533393,-0.3319739,-0.5902101,0.5856221,-0.13916945,-0.21881253,-0.57744765,0.16108662,0.9967855
743,1.525072,-0.36269414,0.010722995,-1.6003239,1.0758007,-0.23366904,0.003674686,-0.19361389,0.11651528,0.7060274
744,-1.9697267,0.9503486,1.1344141,1.3312339,0.45041496,1.234721,0.20615828,1.1658432,-0.5415406,0.6428336
745,-1.197846,1.5325241,-0.6374513,-0.5673605,0.30173224,0.2547139,-1.5341758,-0.85246384,0.23701274,0.34234488
746,1.367873,0.2517239,-0.012092948,-1.3267343,1.0380332,-0.35559678,-0.3918063,-0.22092152,0.114993334,0.74850833
747,0.85024464,-0.8769499,0.56969535,-0.52176523,-0.24280065,-0.5662557,1.065123,-1.0928315,0.10535145,-1.6920656
748,1.2154807,0.18688655,-0.26007724,0.73033166,-0.20102122,-1.223546,0.97581244,-1.0491924,-0.48259395,0.39173234
749,-0.50454247,1.8456177,-0.017906427,-0.7251961,-1.1071727,0.21964872,-0.44810623,-0.3423376,-0.10017967,-0.16299427
750,0.6297157,-1.3401121,0.47392535,0.19071388,-1.6471486,1.7855387,-0.5882547,-0.1683684,-0.6080969,0.9771594
751,1.4163415,-0.077132225,-1.149624,-0.35852054,0.47589374,-0.8524449,0.7132435,1.0710171,0.20568639,0.042177558
752,-1.0389258,0.85222185,-1.7177125,0.7029903,-1.5282228,0.70187044,-0.9237646,-0.22787893,-1.558463,-0.10776365
753,0.24415743,-1.9846131,-0.2305466,0.8471905,-0.05390966,2.3155546,-1.3932481,-0.6776943,1.3168892,0.8745271
754,1.2726941,-0.4757272,-1.4677092,-0.50097966,0.8958089,-0.57169366,-0.076586485,0.232541,0.66908014,0.21020758
755,-0.40785325,1.0862973,-0.87263215,0.3024587,-1.377605,0.39820993,-1.3916209,-0.17594099,1.2106459,0.08661115
756,0.062812686,-0.507651,0.32970512,-0.40414664,0.58581,-1.4070253,-0.5646727,0.21292204,-1.7278788,-1.2465231
757,-0.67807114,1.7661436,0.97564536,0.8379214,-0.61373067,-0.33327675,-0.56587565,0.01619184,0.5007067,0.3516116
758,0.6095544,-0.8804749,0.40122688,1.2563425,-0.47790325,2.7876947,0.8243257,0.16681248,0.75639236,-0.044771552
759,1.1564833,0.4214158,-0.5948181,0.047938645,0.31987995,-0.3100698,0.8712975,-0.4968536,-1.4532499,0.16881979
760,-1.7500101,1.3055851,-0.616614,-0.32926816,-1.5019753,-0.051362395,-0.23126566,-0.39908457,1.0073464,-0.031214476
761,1.3590456,0.60568094,-0.1725887,-0.83791924,0.8914427,-0.43720293,-0.027899027,-0.38708687,0.46205616,0.6455083
762,-1.9265493,0.25029898,-2.3101993,-1.4577535,-2.3471158,0.8123362,2.2058592,1.5341485,-1.3236334,0.3630675
763,1.1313529,-0.5416304,-0.59743154,0.015301257,-0.1079078,-0.4817679,0.41929507,0.47056702,-1.0909946,-1.0523305
764,-2.0396228,-1.2379595,-0.24971092,-0.32459933,1.862531,-1.1893325,-1.1539795,-0.8897418,-0.05916834,-1.9590448
765,0.37648475,-2.0048618,1.6157198,0.8572395,-1.6283259,1.2959332,-0.03297013,-0.52557504,-1.5542002,1.1659967
766,1.2956479,-0.29282057,0.34381115,0.23024178,1.5809653,-0.61144805,0.101623416,0.1829871,0.8001603,1.0955068
767,0.71948314,-0.18656647,-0.8288108,-0.047689468,-0.47742295,-0.99128485,0.44366574,1.3672311,-1.1343336,-1.2908245
768,-0.9342791,1.6215161,-1.3534981,0.41389918,0.13962454,0.24177235,-1.5213623,-0.36710477,0.93185127,0.33288562
769,1.4833717,0.24706495,-1.6235956,-0.3887802,0.8527941,-0.2588166,-0.1745685,0.18315151,0.39778626,0.07946479
770,-2.235578,1.7044817,0.86524695,-0.30624247,-0.15618066,0.61141455,0.7972745,-0.84128785,0.95079374,0.3753941
771,1.1915894,0.6193298,-0.00082814693,-0.08011778,1.5211854,0.19877017,0.9983382,0.051407337,-0.18912405,0.5815581
772,-1.4132103,1.748487,2.2954712,0.03709486,-0.033591837,0.76883096,0.83108056,-0.684927,0.56501067,-0.38608354
773,1.2737422,0.4293903,-1.0073115,-1.0195884,1.0412519,0.15320033,-0.2231488,-0.11057407,0.46394336,-0.046026826
774,-0.835142,1.1410846,0.8204991,0.24601448,0.19581693,0.8112856,-1.5656502,1.6358893,0.87058294,0.64165807
775,-1.167051,1.396635,-1.8835068e-05,-0.8918088,-1.2304347,0.27716184,-0.4888813,0.41398358,0.726068,-0.6285064
776,1.3265281,-0.3566953,0.26479137,-0.89480996,1.2028923,-0.7008575,-0.16719323,-0.8846625,0.6036097,1.3650657
777,0.72835624,-0.052654386,1.386009,-0.36828306,0.1705957,-1.1060092,0.12426293,1.3467675,-0.84473705,-1.2643191
778,-1.5296954,1.2117335,0.6292074,1.5239468,-0.0821906,1.3172171,0.42497945,-1.2848908,-2.340745,0.015154004
779,-1.7357932,1.537325,-0.09973097,0.9298717,-0.24298084,-0.82182956,-1.5089861,-0.95017266,0.3973739,0.7794241
780,1.1008729,-0.11968553,0.08740175,1.0894219,0.76035374,0.41215408,1.014421,0.3529483,0.0103799105,-0.90650904
781,-0.4861318,1.2296622,-0.78227246,-0.4981225,-1.4681978,0.7988001,-0.6916877,0.30745137,0.45175874,0.19455862
782,1.2565176,-0.3007542,-1.0248705,0.19913125,-0.6585884,-1.5822,1.1983371,-1.0176167,-0.71543986,0.94470227
783,-1.7239534,1.3308754,-0.48887122,-1.5883813,-0.24490346,-0.6414206,-1.5610241,0.48782694,0.46202946,0.40750504
784,0.6170702,-1.3036839,0.023458004,0.7330904,0.46735477,2.534474,-0.18899697,0.79398024,0.8729459,0.9391991
785,-0.9736754,1.0362425,0.6800935,0.35546738,-1.3095185,0.7151252,-0.6465249,0.19925123,0.8754668,0.6971829
786,-0.50109756,0.7742249,-0.2588246,0.41981804,-1.0841081,0.55548424,-1.6480324,-0.23597306,0.659546,0.41065943
787,1.380476,-0.10619271,0.25648713,-0.6687685,1.6043515,-0.06920242,-0.33566803,-0.40918398,0.40670836,0.8307525
788,-0.23747218,-0.2992934,-0.18531477,0.14760387,-0.055896968,-1.0318308,-0.31091335,-0.22353649,-0.8094845,-1.970062
789,-2.0780272,1.4085443,-0.93419874,-2.0151048,-0.24676204,-0.12251234,-1.5616435,-0.40199423,0.774148,0.08064258
790,-2.8977308,0.72092783,0.67861736,0.36681026,0.32996672,1.5240116,0.9918785,1.8186638,-0.51451755,1.0519804
791,-1.0685273,1.2983809,-0.4611777,0.11404881,-0.5949114,0.41019773,-1.510137,-0.36557615,-0.029095411,0.19520056
792,0.612584,-0.4065591,0.40566832,0.1342319,-0.30804634,-0.92803574,-0.14922014,-0.45312142,-1.5232941,-1.2449603
793,-1.0580765,-1.5030028,-0.31386733,-0.35937288,-0.2638036,-0.46881294,-1.2202972,0.9417615,-0.35605502,-2.1453912
794,1.543077,0.33260238,0.14580905,-0.34157214,0.37991863,-0.6298373,0.03441912,-0.58467615,0.28830302,0.71772456
795,1.4989536,-0.4962927,-0.73859847,0.16645253,0.7781885,-0.46144867,-0.17726794,-0.014028907,1.2370743,0.46833146
796,-1.2048723,1.2304195,0.18162334,0.75487876,-0.68140143,1.2464244,-0.14809129,1.0890517,-0.2844538,-0.01494658
797,1.3164895,-0.71494544,-0.064916015,0.71641695,1.2415509,-0.7695576,0.10987806,-0.3062005,0.11860609,0.9073702
798,-1.1815897,0.655331,-1.6895398,-0.2612958,-1.5722284,0.97486275,-0.99036574,-0.00962007,-1.3799429,0.31866312
799,1.4914901,-0.14406013,-0.55683696,-0.033817768,-0.16934146,-0.90530777,0.16012168,0.299654,0.18694073,-0.68467456
800,1.5329849,-0.5111934,-1.2477971,-0.2960065,0.88176316,-0.22453296,-0.30108234,-0.6366632,0.93085957,0.058826804
801,1.3361306,0.36876607,0.3980856,-0.6546529,1.359992,0.16084778,0.43471146,-0.30141294,0.7750436,0.69495225
802,-1.478577,-0.9758204,1.0430189,0.017015427,0.35097486,-1.4778225,0.802963,1.418572,0.07501966,-1.5942681
803,1.5484575,0.19816649,-0.22555017,0.49215436,0.37577844,-0.40852857,0.51520574,-0.42812395,1.01216,0.639055
804,1.5860785,-0.3026384,-0.2804588,-0.598117,0.0984804,-0.18133903,0.21700221,-0.0040949583,-0.08327007,1.1763848
805,-1.3515683,0.9603698,-0.021654844,0.92704463,-0.054798365,1.2342491,-1.4327314,0.34142,1.7240552,0.67159593
806,0.49710536,-0.4284507,-0.0071691275,0.46632034,0.26305586,-1.709132,-1.3025753,0.9468079,-0.753134,-1.0811538
807,1.231595,0.4602431,-0.32294476,-1.207366,1.3275104,-0.2530023,-0.119294405,-0.6621673,-0.4909743,0.927091
808,-0.7185451,1.5429755,0.7687529,-0.05991286,-0.23962212,0.37920648,-1.1280489,-0.056744814,-0.77349985,0.34903646
809,1.5695465,-0.19677126,0.9328549,-0.08870031,0.41374826,-0.97579527,-0.6786744,-0.5184736,0.9435059,1.017481
810,-1.2685043,-0.8258997,0.4361778,0.6992551,1.0577927,-0.7861061,-0.73331845,0.18845457,0.1420033,-2.0175653
811,-1.0204922,-2.4105282,-1.0205895,0.15801746,0.92557687,0.27684963,-0.23525429,0.2795639,-0.19360441,-2.258677
812,-0.2520504,-2.1239686,-0.79758656,-0.2344476,-0.6471815,2.9962482,-0.5067137,-0.7641697,1.2855235,0.9604186
813,-2.0355554,0.9151279,-0.796312,1.0114489,-1.0783408,0.5678494,-0.79681444,-0.02166444,0.567623,0.62746966
814,1.4394908,0.67412424,-0.98843324,-1.2550325,0.9920513,0.09770775,0.43881083,0.17629647,-0.17066228,-0.19328475
815,-1.1521374,1.1002733,-1.4485704,0.06065932,-0.72376305,0.4392581,-0.7636219,0.31063998,-2.1962318,1.00765
816,-0.7070974,-0.631775,0.5445751,-0.82093024,0.08125585,-1.4364734,-0.3603122,0.5813731,-0.066171765,-2.0493112
817,-1.5946938,0.8824444,-0.911883,-1.3116716,-1.0893514,0.40022302,-1.3733121,0.42454115,-0.3465042,0.740626
818,0.8009133,-0.1739012,0.12073529,1.8115394,1.6686497,-0.8392794,0.29033655,0.07606292,-0.6638305,0.61767626
819,-2.038259,1.6564969,-0.5151366,1.4716381,-0.036494523,-1.1408677,-0.65802556,-1.4539773,2.377833,0.5587379
820,1.1637859,0.33150613,-1.2029322,-0.7074665,1.6388347,-0.20506358,-0.20943493,-0.6306709,0.048288226,-0.34971923
821,-0.97004044,1.5211968,-1.1755954,0.33414066,-0.3645293,-0.15861273,-1.5065708,-0.37940657,1.0252811,0.39725196
822,-0.5252148,-0.024349213,0.6415174,-0.8157803,0.24934876,-0.80721974,0.5233848,0.4041166,-0.49913216,-2.277983
823,0.82436305,-0.2450093,0.24473488,-0.7448098,0.43246692,-0.63469315,1.7536802,-0.8159913,-1.4434335,0.7664012
824,-0.9207412,1.7531217,-0.10679293,-0.62066436,-0.67660344,-0.09015083,-0.5582095,-0.82828593,1.3228289,-0.38281548
825,-1.3226608,-0.8231286,0.5900034,0.9006057,1.4060922,-0.63917303,-1.0729873,0.11290383,-0.19269365,-1.987581
826,-1.1025437,1.1263524,0.7347163,1.9129798,-0.45081615,1.1398191,-0.321616,0.28961378,0.5704372,0.55043614
827,-0.9855832,1.6869372,0.95169723,-0.20070855,-0.37109601,-0.14360595,-0.9355119,-0.7389016,-0.044881523,0.43404448
828,0.9461763,-0.12315619,0.72347105,-0.088423446,-0.11790797,-0.6674626,0.40435123,-0.5291389,-1.480783,-0.6904454
829,-3.3030114,0.51713514,0.17472804,-1.1899645,-1.0949653,0.5413862,1.2191539,2.4362223,-0.44474134,0.55348957
830,1.2188442,0.024971843,-1.006569,-0.5063338,1.9569535,-0.120441675,0.2910313,-0.7405782,0.28421795,1.2002097
831,1.3763257,0.2961892,-0.1841954,-0.23003384,1.1409118,-0.5839021,0.22806776,-0.7112938,0.7003192,0.9987534
832,0.8897622,0.06790197,0.4796263,-0.8309771,-0.2938595,-0.44922256,1.4362061,-0.61495113,0.2982844,-1.9190289
833,1.199246,-0.2365514,0.3508488,1.3769611,-0.41304925,-0.5274867,1.0243707,0.979445,-0.67709655,-0.58630276
834,-0.29782808,1.6521311,0.4351356,-0.6504942,-0.72103167,0.051761985,-0.6442977,0.67543364,0.9777106,0.19307494
835,1.6120712,0.21743572,-0.3967799,-0.99696624,0.33806938,-0.2096107,0.3398792,-0.6290293,0.26102477,0.95058215
836,-2.0008821,1.4749141,-0.38627493,1.5651262,-1.0498182,-0.16045856,-0.036767364,-0.4089104,0.22519767,0.34660995
837,-1.6429979,-0.11469376,-1.3502585,-0.30886996,-2.4635274,1.4968128,1.4945979,2.2527988,-0.6442086,0.4849758
838,-1.2353522,1.13538,0.036035657,1.5812831,-1.1322343,0.062008858,-0.7862702,-1.1195147,1.1222993,0.07652998
839,0.017506361,-0.15556109,-0.32249177,0.41575527,0.3699059,-1.6618726,-0.6713285,0.50968385,-1.5753484,-1.1205196
840,-1.279082,-1.1869076,0.3258723,-0.12079486,1.1045403,-1.120194,-1.3314748,-0.27317291,-0.4688881,-1.8972822
841,0.5262456,-0.6651851,0.32599258,1.7981069,0.39432043,-1.2712693,0.7580998,-1.6656024,-1.1091015,0.67517066
842,-0.97502434,0.9906615,1.3486573,1.1342037,-0.3070336,0.63834727,-1.255392,1.6091391,0.55666256,0.45779276
843,-1.050691,1.4706055,0.6617725,1.1369693,-0.7040316,0.22523904,-0.5544344,-0.04705131,0.5510591,-0.57730573
844,1.6683946,0.117229104,0.36713314,-0.5925549,0.058824062,-0.8623309,0.005517721,0.05258411,0.2753992,0.39141572
845,-1.4528157,1.2111998,0.75660473,0.982746,-0.5043026,1.091324,-0.79259276,-0.23553985,1.4175202,-0.05881989
846,1.5299793,-0.20187414,-1.6742824,0.08833647,0.27583462,-0.2663703,0.13720548,0.20688581,0.8229768,0.43243456
847,1.0307188,-0.6423458,-1.0411485,-0.09017034,1.0682876,-1.451103,0.90923667,0.46408474,0.36202145,0.6296036
848,-3.1365829,0.07844603,0.43620765,2.3457167,0.9145673,2.2860737,1.2293079,0.7235503,-2.5939417,1.556152
849,0.41648316,-0.8270308,0.1911782,0.3363974,0.20306033,2.6140337,-0.859887,0.30463088,0.7865697,0.71397126
850,-0.9371711,1.2127703,2.156002,-0.47405547,0.6923961,1.719607,0.46611655,0.5365503,0.13394201,0.45630872
851,-1.7542609,-0.8331281,0.12896502,-0.122203454,1.0227654,-0.52475405,-0.16655645,-0.46903563,-1.0446584,-2.0818477
852,1.2308241,0.09441435,-0.39027226,-1.2643683,0.10489848,-0.18590629,1.9155135,0.26404986,-0.65796363,-0.04080665
853,1.5068297,-0.1392895,-0.74944675,-0.057995737,1.1868978,-0.05270934,-0.24400705,-0.7228074,0.75616777,0.35154974
854,-1.9333035,0.92197937,2.0084262,1.3387382,0.17705041,0.89256406,0.17007732,0.9003373,-0.055193126,0.83193505
855,-1.7366682,-0.34423792,0.30367362,0.5912919,1.5542705,-1.2916975,-0.41374695,-0.35351706,0.19618177,-2.1542943
856,-1.4727913,-0.31183016,0.17510736,-0.45261127,1.3577302,-1.3140626,0.06631923,-0.6831783,-0.5848354,-1.9730918
857,-1.2574645,1.5577848,0.17000234,-1.033349,-1.0533955,-0.21942925,-0.41395602,-0.5530331,0.42539978,0.4947406
858,-0.70880806,1.5100402,1.1461444,-0.3681697,0.7273821,1.0481389,-1.1790249,1.0326182,0.78225887,-0.014012933
859,1.2985365,0.4158312,0.83975947,-0.93575644,-0.26336047,-0.43645287,1.4628382,0.41819724,0.07889795,-0.59244955
860,-1.5107294,-0.1578952,-2.826261,-2.692596,-2.5877197,0.28976995,0.51963437,1.0360718,-1.2558142,0.79368365
861,-0.6541182,1.5743458,-0.40962768,0.26080507,-0.70140743,0.7072556,-1.0029234,0.32272974,0.7716886,-0.4135195
862,-0.7055701,-0.37018788,0.38393497,-0.10673812,0.25383216,-0.85261154,0.78876936,1.3693619,0.34590697,-2.3829575
863,-1.2624451,-0.58513725,0.8110308,0.31657404,1.4213166,-0.47215044,0.11982942,-0.8533815,-0.17293763,-2.1574728
864,0.07550335,0.1003021,0.047662854,0.25551128,-0.13660085,-1.3311224,0.014780819,1.134079,-1.8847908,-1.2903737
865,1.0036669,-0.70981705,0.3164233,1.3653345,0.08417177,-0.97766304,0.544206,-0.6681361,-0.18375719,-0.71989894
866,1.3261884,-0.30854,0.67355114,0.3889224,-0.34107846,-1.3729267,0.089044094,-0.6260483,-0.90501606,1.1402305
867,0.2885698,1.968847,0.023707628,0.6042567,0.4219725,-0.096016526,-0.9431256,-0.49333715,0.053965986,0.032245636
868,1.3129512,0.12791216,-0.5936369,-0.48047414,1.5814726,0.5114536,0.0416677,-0.4232955,0.21660972,-0.19771123
869,1.4989362,0.26536238,-0.08693111,-0.5577786,0.5061951,-0.5156839,0.25325823,-0.48414707,0.29465306,0.51986086
870,0.8194169,-0.15644193,0.83552915,0.98439384,-1.0367582,-1.1139932,1.6593077,-0.31095713,-0.24275833,-0.7414679
871,-2.7533937,0.62804806,1.1900206,0.2290771,-0.03913924,0.63426816,0.559248,2.167923,-1.2628939,1.2617642
872,1.458636,0.11064875,-0.34642756,-0.44424692,0.5594975,-0.58978176,-0.06710577,-0.844882,0.08685708,0.8884944
873,1.2741332,-0.096125245,-1.7303034,-0.32270703,1.3558836,0.37495816,0.59150314,-0.2154926,0.8148242,0.5402415
874,0.3758185,-0.037106276,0.026869893,-0.06208974,-0.18245241,-0.877126,2.3229003,-0.82102966,-0.10357177,-1.6117122
875,1.4929222,-0.29557192,-0.95059836,-0.34366906,0.8350412,-0.11579573,0.020404339,0.50184304,0.79065573,0.22133029
876,-1.4544405,1.1001005,1.5060105,-0.6699101,0.5798823,1.432735,0.20733988,1.3567715,0.1300546,0.932186
877,-0.35797405,1.4986898,-0.39005387,-0.8485761,-1.1229016,0.47794473,-0.8411373,0.31256282,0.3388977,0.06324494
878,0.34766197,-0.2529961,-0.44681025,-0.4104709,0.03171009,-1.162549,-0.7746845,0.26070857,-1.8275563,-1.2420893
879,-1.4442109,1.0768734,-0.09197807,0.30381262,-1.3127055,0.08478713,-1.3090291,0.2627697,-0.053635597,0.33454132
880,1.0012676,-0.28711498,-1.3153511,-0.3835313,1.750401,-0.1910708,1.095559,1.5304509,-0.08797586,0.4093789
881,-1.8917056,0.80357873,-0.9967724,0.48565578,-1.6699803,0.8216998,-0.11538786,-0.5333966,-1.5758777,0.09407008
882,1.3804017,-0.27661932,-1.7362195,-0.3031337,1.091835,-0.25627732,0.23364991,-0.3030148,1.1751839,0.09533954
883,1.3220211,-0.21684182,-1.0532748,-0.26679742,1.2997658,-0.109297276,-0.19771153,-0.25184846,0.6136259,0.40745604
884,1.4857446,0.18075883,-0.5747317,-0.9773212,0.9296656,-0.2994585,-0.34933314,0.26929927,0.6337652,0.268057
885,-2.1312385,-1.6631683,2.156054,-3.2046769,-1.2104712,-0.8426558,-1.5752335,-3.00894,0.873629,0.30888152
886,-1.5244979,0.9091145,1.8437127,2.0951357,0.5281753,0.668936,-0.66835773,1.0724405,0.9317796,1.204456
887,-1.956369,1.6130608,-1.0780884,-0.20962769,0.079298794,-0.21952009,-1.2676826,-0.04300809,0.122311234,0.544443
888,-0.21932209,1.3837295,0.36491227,0.27851748,-1.9854379,-0.61153233,-0.49101382,0.6721997,-0.6255076,0.36450326
889,1.2655796,0.28839803,0.635219,0.21959382,-0.21006122,-0.2984469,0.831195,-0.58396006,-0.8712218,-0.7802888
890,-1.0334824,0.8950082,-0.13905323,-1.0642619,-0.99127716,0.6176701,-0.93474805,2.5803623,-0.24270552,0.5335374
891,1.337942,-0.35199416,-0.006482005,-0.7206016,0.4115712,-0.1830411,0.25569344,-0.22140467,-0.9870852,0.0843395
892,-0.27088845,-0.91692364,0.928445,0.429767,-0.5153277,-0.86101484,-0.09108758,0.29826084,-1.093054,-1.6029882
893,-0.24026239,-1.3035966,-1.4851395,0.6603456,0.9713227,0.614936,0.20977992,1.9889148,-1.1480793,-1.5286448
894,1.3301806,-0.23548234,0.43486172,0.13563189,-0.8469356,-0.9738078,1.7769592,-1.5462043,0.49090755,-0.15564096
895,1.2200266,0.17883706,-0.57501054,-1.305015,1.314748,0.58791566,-0.18247283,-0.5589764,-0.000474751,0.5838765
896,-0.78775156,1.7424183,-0.2792927,-0.2958796,0.11717236,0.3614022,-1.2659698,-0.8523812,1.106608,-0.39959484
897,1.449095,0.35765088,0.21212721,0.11204526,-0.02462405,0.11219299,0.63025415,-0.98101914,-0.57560813,0.084133506
898,-1.3936847,1.3474015,-0.23300016,0.3632496,-0.40569878,-0.29884934,-1.2841554,0.15797114,0.9977671,1.2369834
899,0.92884433,-0.3204223,0.48677778,0.5597512,-0.50257254,-0.7299652,1.5681717,-0.74001837,-0.12862116,-1.118614
900,-1.1423422,1.2672646,-0.6598953,-0.37601426,-0.3063578,0.21520674,-1.7861722,-1.1026037,0.30755246,0.7237295
901,-0.8980714,0.90149,-1.3236543,2.0306854,-0.37576163,0.9296815,-0.7254574,-2.1659372,-2.032157,0.25404274
902,-1.8559016,0.6383947,-0.91074,1.60498,-0.9094211,0.48348582,-0.047717452,-2.3990133,-2.51222,0.9286624
903,1.0858315,-0.61936486,-0.093973994,0.20016503,0.5406878,-1.5643373,0.8177123,-0.97328436,-0.056643724,0.99782574
904,0.58179796,0.17538905,0.3856982,-0.31087634,-0.6950226,-1.280457,1.0894628,-1.094501,-1.9883989,0.29140174
905,1.4151087,0.16735017,-1.5059267,-0.34765702,0.90512234,0.27004135,0.12228286,0.08929849,0.43971586,-0.021161914
906,-1.2927004,1.482952,-1.1012841,0.7475834,-0.6858696,0.54333,-0.16751596,-1.2027173,0.5932815,0.6656276
907,-2.0240932,1.4621058,1.4181889,0.7007518,0.106054306,1.0656145,0.64967954,-0.45260322,0.6011431,0.47677028
908,1.3683419,0.13998032,-0.83992827,-0.45212266,1.0504894,-0.30253935,-0.06953657,0.1578933,-0.025884151,-0.29836577
909,0.7298169,-0.49180377,0.27679622,-0.17732564,0.54177004,-0.5509479,0.060672343,0.31218642,-0.2087375,-1.5654434
910,-2.2205157,0.77829826,-0.21105921,1.1210122,-0.60419166,0.62772864,-0.8518869,-2.3207805,-1.8676618,0.34109843
911,0.09722376,-2.0309234,0.18096888,0.7406708,0.1622946,2.4500723,-1.0748541,-0.2253704,-0.100883484,1.7296792
912,-1.791524,-1.2921392,-0.5790795,-0.40696698,0.8165075,-1.4863055,-0.5062538,-0.49994063,0.68464243,-2.4025822
913,-0.95339644,1.6271604,-1.2043797,-0.2281866,-0.42241502,-0.4345069,-1.2831771,-0.08549398,1.472454,-0.07614362
914,1.4096999,-0.26308358,-1.4096862,-0.9966986,0.97460586,-0.6417546,-0.054923654,-0.002626419,1.4510745,0.22323549
915,1.3290502,-0.09451103,0.6287962,0.5199939,0.18767661,-0.35543084,1.0265584,-0.14945704,0.042762876,-0.3905294
916,-0.72016776,-2.008832,-0.12898076,-3.2466233,0.69769317,-3.372242,0.9962239,1.3498087,-2.2407575,2.3335872
917,-1.6960527,-0.68729746,1.2985791,0.44134182,1.7199872,-1.1121023,-0.18276554,1.2695818,0.29911864,-1.8993144
918,-0.45001447,-0.4560033,0.41487277,0.14833409,-0.15719903,-0.8416499,-0.8656558,0.80095154,-1.6898708,-1.6904447
919,-1.0732225,1.1297971,-0.26836598,-1.2052048,-2.0020502,0.24373716,-0.052247047,0.82666737,-1.2768269,0.4971305
920,-0.7630335,1.4698073,1.0269291,-0.97673076,0.753321,0.6663125,-1.6320709,0.6499065,1.2937342,0.10953581
921,-0.952566,-0.3942262,0.40825868,-0.06432906,0.35513872,0.124278545,0.64968157,-0.13905716,-0.49092022,-2.39468
922,1.4685153,0.4804839,-0.33559525,0.24865943,-0.63766587,-0.46514547,1.1159501,-0.50675535,-0.22146404,-0.054803252
923,-1.3276426,0.94811356,-0.7043749,2.2238777,-0.73088825,0.30720305,-1.2720792,0.50448084,-0.65149426,0.49070013
924,-0.38062704,1.252669,0.1254704,0.4333343,-1.3034563,0.41980207,-1.2957971,-0.296659,0.23854649,-0.26227272
925,1.1406847,0.5397614,0.028180242,0.52552944,1.2734518,-0.5416341,0.8983333,-0.52528644,0.16923547,0.64466393
926,-0.7892219,-0.5513269,0.17702663,-0.0508264,0.85544366,-0.91704655,-0.7456036,-0.47560132,-0.16255784,-2.099432
927,-0.6143671,-0.9372636,0.8877841,-0.0072371066,0.6250945,-0.2875471,-1.0092599,0.010739684,-1.6824721,-1.6192136
928,1.1689085,0.108828425,-0.37593865,-0.06277427,1.2787089,-0.3497398,0.8842906,0.5577903,0.7283969,-0.36957538
929,1.5045915,-0.25890934,0.5653711,0.10821447,0.9039473,-0.06599045,-0.45145956,0.29512885,0.9358016,0.28877485
930,-1.5543736,1.0660322,0.3206185,2.0302417,-0.0026351213,1.8354694,0.74135876,-1.3341973,-1.9024627,-0.42688525
931,-0.4076172,1.3088685,-0.006057143,-0.3277491,-0.8838759,0.8046278,-0.9418092,0.6001583,0.83718896,-0.046507478
932,0.41697848,-0.354272,0.20395792,0.4369297,-0.16498178,-1.0056665,0.013675272,0.12516713,-1.5340936,-1.3554913
933,0.47832167,-0.8081609,-0.17672765,-0.14811923,-0.41449377,2.743807,-0.06433761,0.36280578,0.45226204,0.19555819
934,1.3991781,-0.07788241,0.37571716,-0.6612053,0.8199422,-0.5506489,0.06211114,-0.5712197,0.85574687,0.9171568
935,-0.95523465,-0.68534815,0.8845296,1.1321768,0.8798339,-0.97604465,-0.08604187,0.24247366,0.5262728,-2.1395571
936,-1.9574622,-2.397151,-4.420622,-2.9750702,-1.4519086,3.0369492,3.513905,-0.90558267,2.474028,0.86611617
937,-1.6464216,-1.1716448,-0.6510273,0.18256235,0.6072457,-2.4207163,-1.5680785,-0.3783326,-0.22404623,-1.7253623
938,0.26798356,-0.65888345,0.32320392,0.6323318,0.10059929,-1.4833348,-0.29418033,-0.2272042,-1.5638202,-1.216828
939,-2.967836,-2.4351163,-0.047296405,-2.4457595,1.9656866,-2.1657343,-1.5860308,1.7929343,-0.98050034,-0.52924633
940,1.3410836,0.2550205,0.28554642,-0.82283133,1.4184024,-0.050195575,-0.43610698,-0.88084686,0.09294778,0.35720778
941,-4.016089,-3.8691182,0.4268571,-3.2067583,-1.357368,-2.8180816,-1.2517802,-4.2574606,5.15706,2.0831852
942,-0.8180796,1.6359453,0.06933975,0.65114796,-1.0552385,0.3117211,-0.25850478,-0.27353108,1.204176,-0.23783982
943,-1.16262,0.7959362,-1.9727589,-2.3980844,-1.8790827,0.7172267,0.80935323,1.6803823,-0.22499877,-0.19610035
944,-4.9106016,-3.5565782,1.7759761,-3.8028636,-1.9090052,-1.8652229,-0.91462123,-5.650672,1.0052592,1.1727442
945,-1.7503573,1.4289854,-0.18973196,-0.94597805,-0.5783427,0.2035873,-0.99412596,0.34048855,1.1452614,0.20662558
946,-0.9301287,1.2917691,1.2682645,-0.0045399964,0.025582552,0.27445734,-0.89398783,2.016188,-0.022319019,0.54199517
947,-0.6451887,1.3738785,0.9440057,-0.43402147,0.10794771,0.881726,-1.0555555,1.5168785,0.36691618,0.35393226
948,-0.32854545,1.6951199,-0.16215289,-1.1514478,-1.35025,0.057673216,-0.74691606,-0.10162586,0.2077862,-0.121195674
949,1.271124,0.14759767,-1.0746661,-0.30977672,1.509942,-0.24769855,-0.28099424,-0.38855255,0.93291485,0.10943353
950,-1.145434,1.4244132,1.2338266,0.1522975,-0.27563694,0.741293,0.44557977,1.4526182,-0.64203763,0.09375036
951,1.3858286,-0.40046275,0.3931325,-1.1742449,1.1219192,-0.7785902,-0.6016352,-0.47236204,0.914786,1.2542793
952,1.3348762,0.153427,0.13931775,-0.14185625,1.293354,0.0018540621,0.45907414,-0.62675035,0.232054,0.38003492
953,-1.1785549,1.4918078,-0.72743905,0.41029572,-0.63467056,0.55827165,-0.69886583,-0.12613374,1.2075984,0.19760644
954,-0.828966,1.5345849,0.26367748,0.25847906,-0.82452667,0.5397017,-0.3458045,0.5077667,-0.24205238,0.088011384
955,0.21423638,-0.9028853,-0.5091711,0.096619725,-0.24272783,-0.3069389,-0.48753816,0.8434698,-1.1933799,-1.713491
956,0.5014354,-0.40082872,0.5095198,-0.07799445,-0.20308651,-0.4566388,2.4248867,-0.49379992,0.644842,-1.919875
957,0.4657067,-0.69879234,-0.29496205,0.6929338,-0.40959653,-0.79166627,-0.4178034,0.9618741,-0.26830482,-1.6329281
958,1.545923,0.013439655,0.24368656,-1.1539958,0.20184892,-0.010951042,0.13368785,0.21599042,-0.98521376,0.37304854
959,1.0420215,-0.8203896,0.31584227,0.8765687,-1.1144418,1.8316791,0.3436957,0.9594392,0.35591984,0.373253
960,-0.49505246,0.069861054,0.7203694,0.39118016,0.6673141,-0.19902945,0.4215113,0.38343364,0.1375432,-2.3002572
961,1.20668,0.12700188,-0.13882709,0.12742311,0.98509973,-0.55416226,0.7364838,-0.5615914,-0.87249494,0.85574615
962,-1.4249288,1.480706,-0.7000462,-1.283896,-1.1360524,0.36533284,0.057577014,1.4846954,0.10184908,-0.055647254
963,-1.0832323,-0.1810528,0.89278156,0.16139814,1.0529411,-1.0520053,-0.38643715,-0.37605476,-1.1308721,-1.8556825
964,1.6260966,-0.3494779,-0.20473707,-0.5849384,-0.15421823,-0.46104324,-0.37738645,0.56109303,-0.5548519,0.5001004
965,1.3691517,0.20521367,0.7135633,0.1392307,0.9391075,-0.19677532,0.4421866,0.08422291,0.5782144,1.0009481
966,-1.0980293,1.5062301,0.7908135,-0.72778416,0.88463837,1.1388534,-1.0744202,0.8702727,1.12652,0.32432234
967,1.08382,-0.01907909,0.29776752,0.21063185,0.78344506,-0.32929468,0.52859306,-0.46343553,-1.7911824,0.10399938
968,1.2402273,0.13616896,0.7175478,-0.3229679,-0.5470991,-0.904469,1.5189471,0.23650104,-0.45283535,-0.32500625
969,0.6187866,-1.0153204,0.524462,0.52466965,-0.8891048,2.5254457,0.6989014,0.5227803,0.20543236,0.6309278
970,1.4980245,0.07088387,0.5638267,-1.1318312,0.8548812,0.014564276,-0.20080927,-0.65435576,-0.24040636,0.50239766
971,0.8499334,-0.7932826,0.2966982,0.081167966,0.041103065,1.849184,-1.2103653,-0.080420256,-0.021424413,1.4388427
972,1.3712468,0.13313067,-0.42311585,0.17731118,0.7177102,-0.15676785,0.8383213,0.43113485,-1.0686092,0.8014535
973,0.77321696,-1.0952562,0.8052983,0.015007436,-1.4174361,1.9426831,0.24527395,-0.15452129,-0.7249664,0.54458845
974,-0.09079373,0.94090736,-0.04387486,1.104534,-0.6035192,1.9657872,-0.23380104,0.9075205,0.22738183,0.2679397
975,0.56521285,-0.2676462,-0.117073774,-0.36706936,0.117847145,-0.6864954,-0.6070676,1.6578661,-1.4469905,-1.2585828
976,0.31757653,-1.3014327,0.40074253,0.9657669,-0.7055953,2.2963362,0.48099446,0.5459584,-0.16181475,0.304273
977,1.4943327,0.23017287,-0.21804965,-0.44665855,0.87328905,-0.3566842,-0.019826233,-0.42222583,0.30300057,0.5748011
978,-0.6544813,1.6197002,-0.5179142,-0.84618497,-0.024849415,0.35749447,-1.4989651,-1.0009794,1.1838177,-0.4009379
979,0.20111465,-1.9717408,0.15172255,-0.12701094,-0.34402117,2.2540486,-1.413564,-0.46868145,0.83196735,0.8904377
980,0.76822627,-0.84252226,0.42273414,0.16645586,0.77871317,0.3725233,0.33789563,0.94010305,-1.2268441,-1.1136215
981,-1.950092,1.3940016,0.15455794,1.1028289,0.19890016,0.90230465,-0.19126788,1.0749062,1.0960485,0.6046041
982,-0.2807932,-0.57945144,0.026732206,1.111878,-0.014960051,-1.0901942,-0.22599879,1.5350218,-1.4467264,-1.4103352
983,0.12531936,-2.0342507,0.36765206,0.2081151,-1.8419709,2.5745847,0.9529512,-0.76736486,-0.12707418,0.20339191
984,0.62974286,0.100836396,0.57522243,-0.15143925,-0.45216292,-0.16071415,1.9378953,-0.19224477,-0.036548674,-1.6226172
985,-0.02915299,-2.0184898,0.29571843,0.25519973,-0.22956315,2.873478,-0.17653412,-0.1168623,1.5815479,0.024045587
986,-2.2471924,-1.2324876,-0.7669343,0.081027836,1.4406011,-1.9455469,-1.6752137,-1.0261562,-0.35238194,-1.6430463
987,1.4937829,0.5365368,0.31895125,-0.7450677,0.89920896,0.27012575,0.34129864,-0.22581607,0.3305862,0.4778086
988,1.2364588,-0.34083807,-2.0157356,0.13146856,1.5412662,-0.38817263,0.28050375,-0.053151846,1.2624027,0.32506633
989,-0.98147786,1.589716,1.6032903,-0.5801591,0.69865876,0.7672663,0.25071323,1.2784204,0.5594324,0.24865258
990,-0.5689951,1.4922056,-1.1830775,-0.8442342,-0.34862763,0.25821853,-1.9639894,-0.5669353,-0.78860456,0.5953294
991,1.3011425,-0.03662312,0.4409327,1.0690079,0.16241807,-0.5867126,0.8351133,0.3566048,-0.8864745,0.08839333
992,1.3993443,0.0497936,-0.60709774,-0.33803156,-0.76507986,-0.72331464,0.8579836,1.2954948,-0.67336464,-0.29602396
993,-1.5864452,-1.3060004,0.20068944,0.25569588,1.4530816,-0.5205308,-1.070158,-1.1256287,0.5037123,-2.3527155
994,-1.2515501,1.1953464,0.5848044,1.3399345,-0.30302233,0.5419164,-1.3690842,-0.23562866,0.7808231,0.046994805
995,1.4041433,0.17209256,-0.1236738,-0.10226329,0.039978713,-0.87465286,0.48268104,-0.66234577,-0.40787742,0.4798652
996,1.493368,0.28053772,-0.19605386,-0.85039884,0.72737926,-0.1298461,0.30871522,-0.6623168,0.14137101,0.75641453
997,1.3940576,-0.24532664,-0.07112694,-1.170831,1.2832842,-0.120414376,-0.17825013,-0.44102812,0.08486408,1.1427225
998,1.6309168,-0.39967597,-0.46312928,-0.27941892,0.10896954,-0.79490614,0.72180843,0.86496973,0.63403285,0.7737242
999,-0.9491023,1.4020704,0.97412586,-0.25817615,-0.34977847,1.1091311,-0.8485185,0.43711007,-0.12415838,-0.24777961
